:020000040800F2
:1000000000C00020551B0008FB140008F514000870
:10001000FD140008FF14000801150008000000008E
:1000200000000000000000000000000003150008B0
:10003000051500080000000007150008F11400086D
:100040009D1B00089D1B00089D1B00089D1B0008B0
:100050009D1B00089D1B00089D1B00089D1B0008A0
:100060009D1B00089D1B00089D1B00089D1B000890
:100070009D1B00089D1B00089D1B00089D1B000880
:100080009D1B00089D1B00089D1B00089D1B000870
:100090009D1B00089D1B00089D1B00089D1B000860
:1000A0009D1B00089D1B00089D1B00089D1B000850
:1000B0009D1B00089D1B00089D1B00089D1B000840
:1000C0009D1B00089D1B00089D1B00089D1B000830
:1000D0009D1B00089D1B00089D1B00089D1B000820
:1000E0009D1B00089D1B00089D1B00089D1B000810
:1000F0009D1B00089D1B00089D1B00089D1B000800
:100100009D1B00089D1B00089D1B00089D1B0008EF
:100110009D1B00089D1B00089D1B00089D1B0008DF
:100120009D1B00089D1B00089D1B00089D1B0008CF
:1001300000000000000000000000000000000000BF
:1001400000000000000000000000000000000000AF
:10015000000000000000000000000000000000009F
:10016000000000000000000000000000000000008F
:10017000000000000000000000000000000000007F
:10018000000000000000000000000000000000006F
:10019000000000000000000000000000000000005F
:1001A000000000000000000000000000000000004F
:1001B000000000000000000000000000000000003F
:1001C000000000000000000000000000000000002F
:1001D000000000000000000000000000000000001F
:0401E0005FF8E0F1F3
:1001E40010B5054C237833B9044B13B10448AFF36D
:1001F40000800123237010BD1000002000000000C7
:10020400F81B000808B5034B1BB103490348AFF3BF
:10021400008008BD0000000014000020F81B000846
:100224007047704738B50E4B05461A784FF47A7309
:10023400B3FBF2F30B4A1068B0FBF3F000F0C0FC20
:10024400044658B90F2D09D8024629464FF0FF300D
:1002540000F086FC2046044B1D6038BD0120FCE7FD
:10026400040000200000002008000020074A08B510
:100274001368032043F01003136000F05FFC0F20A9
:10028400FFF7D0FFFFF7CDFF002008BD002002409C
:10029400034A044B11681B780B441360704700BF7A
:1002A4002C00002004000020014B1868704700BF98
:1002B4002C00002038B50446FFF7F6FF0546631C02
:1002C4001EBF044B1B78E418FFF7EEFF431BA34249
:1002D400FAD338BD0400002070B5FFF7E5FF0546EA
:1002E4002F4C236843F00103236023689B073BD50D
:1002F400236841F2883623F0F80343F08003236037
:10030400FFF7D2FF002305466360636813F00C0F08
:1003140032D1244B244A1A60244B1868FFF782FF19
:10032400054600283AD1FFF7BFFF0646236823F0AD
:1003340080732360236813F0007323D16360FFF795
:10034400B3FF0646236823F410232360236813F4C1
:1003540000331DD1226822F480222260626A42F0B6
:1003640080726262A36005E0FFF79EFF401B0228D3
:10037400BBD90325284670BDFFF796FF401BB0424A
:10038400C3D9F6E7FFF790FF801B0228D2D9F0E724
:10039400FFF78AFF801B6428D8D9EAE70125E9E73B
:1003A400001002400000002000127A000800002023
:1003B4002DE9F341054638B30368DB0710D42B68F5
:1003C4009F075ED42B68190700F195802B685A07A4
:1003D40000F1C180EB69002B40F02C81002029E062
:1003E400904C636803F00C03042B07D0636803F09C
:1003F4000C03082B0AD16368DE0307D523689C032A
:10040400DDD56B68002BDAD1012013E06B68B3F5FE
:10041400803F12D1236843F480332360FFF744FF05
:10042400064623689803CAD4FFF73EFF801B64285E
:10043400F7D9032002B0BDE8F0819BB9236823F407
:1004440080332360236823F480232360FFF72CFF89
:10045400064623689903B2D5FFF726FF801B64285C
:10046400F7D9E6E7B3F5A02F236803D143F480233B
:100474002360CFE723F480332360236823F48023AD
:10048400CBE7684C636813F00C0F07D0636803F084
:100494000C03082B10D16368DA030DD423689B077F
:1004A40002D52B69012BAFD123686A6923F0F803C5
:1004B40043EAC203236085E72A695B4B6AB10122E0
:1004C4001A60FFF7F1FE064623689F07ECD4FFF796
:1004D400EBFE801B0228F7D9ABE71A60FFF7E4FEB6
:1004E4000646236898077FF56DAFFFF7DDFE801B96
:1004F4000228F6D99DE7AA694A4E4B4BE2B1012284
:10050400C3F88024FFF7D0FE0446736A9B070DD519
:100514004FF4FA52454B1B68B3FBF2F3019300BF4F
:10052400019B5A1E0192002BF9D14FE7FFF7BCFE45
:10053400001B0228E9D97CE7C3F88024FFF7B4FE46
:100544000446736A9F077FF541AFFFF7ADFE001BBA
:100554000228F6D96DE7334CE369D80024D4012787
:10056400E36943F08053E361E36903F0805300934C
:10057400009B2F4E3368D90518D5EB68012B26D183
:10058400236A43F001032362FFF78EFE41F28838A9
:100594000646236A9B073FD5002F3FF41BAFE36950
:1005A40023F08053E36115E70027E2E7336843F45F
:1005B40080733360FFF778FE80463368DA05DCD455
:1005C400FFF772FEA0EB08006428F6D931E7ABB957
:1005D400236A41F2883823F001032362236A23F05B
:1005E40004032362FFF760FE0646236A9807D3D507
:1005F400FFF75AFE801B4045F7D91AE7052B236AFB
:1006040003D143F004032362BAE723F00103236216
:10061400236A23F00403B6E7FFF746FE801B404538
:10062400B7D906E700100240000042420000002053
:10063400007000402A4C626802F00C02082A3ED086
:100644000022022B274B1A662CD1FFF72DFE0646FB
:100654002368990120D42B6AB3F5803F05D16268E1
:10066400A96822F400320A436260696A62680B4333
:1006740022F474121343012263601A4B1A66FFF7C3
:1006840013FE054623689A013FF5A8AEFFF70CFE5A
:10069400401B0228F6D9CCE6FFF706FE801B022891
:1006A400D6D9C6E6FFF700FE054623689B017FF511
:1006B40095AEFFF7F9FD401B0228F6D9B9E6012BE8
:1006C4003FF4A2AE60682B6A00F480329A427FF451
:1006D4009BAE6B6A00F47010C01A18BF0120A9E623
:1006E40000100240000042420D4A536803F00C011E
:1006F400082912D10B48C3F38341DB03405C09D5BD
:100704005368094AC3F340435043084AD35CB0FBDF
:10071400F3F07047064B584370470348704700BFD7
:1007240000100240221C000800127A00201C00085D
:1007340000093D002DE9F0410D46044610B90120A1
:10074400BDE8F081444A136803F007038B4228D3C1
:1007540021688E0730D4CA0743D43F4A136803F094
:100764000703AB4265D822683C4D12F0040F6CD1EC
:10077400130706D56B68226923F4605343EAC20366
:100784006B60FFF7B1FF6B68354AC3F30313D35CA7
:10079400D840344B1860344B1868FFF743FD0020F1
:1007A400CEE7136823F007030B431360136803F0C9
:1007B40007038B42C3D1CBE7284B11F0040F1EBFB4
:1007C4005A6842F4E0625A60080742BF5A6842F429
:1007D40060525A605A68A06822F0F00202435A60DC
:1007E400B9E762681D4E012A33681AD113F4003F39
:1007F400A5D0736841F2883823F003031343736070
:10080400FFF752FD07467368626803F00C03B3EB0D
:10081400820FA2D0FFF748FDC01B4045F3D9032047
:100824008EE7022A02D113F0007FE1E713F0020FF2
:10083400DEE7136823F007032B431360136803F008
:100844000703AB427FF47BAF8DE76B68E16823F469
:10085400E0630B436B608BE7002002400010024012
:10086400101C0008000000200800002003682DE987
:10087400F3410546D80721D5364CE369D9002BD47A
:100884000126E36943F08053E361E36903F0805395
:100894000193019B304F3B68DA051FD5236A6A68D0
:1008A40013F440732ED1236A6A6823F4407313430C
:1008B40023621EB1E36923F08053E3612A68910740
:1008C40006D52449A8684B6823F4404303434B608E
:1008D400D30636D4002012E00026DBE73B6843F45D
:1008E40080733B60FFF7E0FC80463B68DB05D5D4B2
:1008F400FFF7DAFCA0EB08006428F6D9032002B065
:10090400BDE8F08102F440729A42CCD00120134A2F
:10091400236AC2F84004002023F44071DF07C2F8C0
:1009240040042162BFD5FFF7BFFC41F28838074677
:10093400236A9807B7D4FFF7B7FCC01B4045F7D923
:10094400DCE7044A6969536823F480030B4353606A
:10095400C0E700BF001002400070004000004242A7
:100964002DE9F74F00244FF00F0E2646DFF89CC107
:10097400674B00F104080A6832FA06F502D103B0A5
:10098400BDE8F08F012505FA06F702EA070537EA04
:1009940002027ED14A68032A07D8013A022A00F2E9
:1009A4008C80DFE802F09A9FA500122A00F09D8057
:1009B40071D8112A00F09380FF2D94BF8146C1465F
:1009C4004FEA8602D9F8007088BF203A0EFA02FA7C
:1009D40027EA0A0704FA02F21743C9F80070D1F8AB
:1009E400049019F0805F54D0DCF8182026F0030737
:1009F40042F00102CCF81820DCF8182007F18047F7
:100A040002F00102019207F5803706F0030A019A09
:100A14004FEA8A0ABA680EFA0AFB22EA0B0B3D4A2D
:100A2400904269D002F58062904267D002F58062FC
:100A3400904265D002F58062904263D002F58062F4
:100A4400904261D002F58062904214BF06220522D2
:100A540002FA0AF242EA0B02BA609A6819F4801F99
:100A640014BF2A43AA439A60DA6819F4001F14BF1A
:100A74002A43AA43DA605A6819F4003F14BF2A4390
:100A8400AA435A601A6819F4803F14BF2A43AA4340
:100A94001A6001366FE7DFF880904A450DD015D80B
:100AA400A9F580194A4508D009F570294A4504D0AA
:100AB400A9F580194A457FF47FAF8A68D2B1012A2B
:100AC4004FF008040CBF0761476175E7DFF84C90ED
:100AD4004A45F2D009F58039ECE7CC686CE7CC687C
:100AE400043469E7CC68083466E7CC680C3463E7FF
:100AF400002461E704245FE70022A9E70122A7E7B5
:100B04000222A5E70322A3E70422A1E70010024082
:100B140000040140000801400000221000003110D0
:100B24000AB1016170470904FBE7C36801EA0302E3
:100B340021EA030141EA02410161704707490302C6
:100B4400CA6803F4E06322F4E0621204120C134353
:100B540043F0BF6343F40033CB60704700ED00E023
:100B6400154B30B5DC68C4F30224C4F10703251D1A
:100B7400042B28BF0423062D4FF0FF3594BF002417
:100B8400033C05FA03F321EA0303A54022EA050224
:100B9400A340002843EA0203ACBF00F16040074AC7
:100BA4004FEA0313DBB2ABBF00F5614000F00F0066
:100BB40080F80033135430BD00ED00E014ED00E084
:100BC4000138B0F1807F0BD24FF0E023F021054AC9
:100BD400586182F823100020072298611A61704737
:100BE4000120704700ED00E0114AD36813F01003B0
:100BF40005D01049CB6943F00203CB611023D268BE
:100C0400500706D50B4943F00403CA6942F00102B8
:100C1400CA61074AD169C90708D50648C16941F0C4
:100C24000401C161D16921F00101D161D360704730
:100C34000020024030000020064B186910F08000AC
:100C440007D0054A5A6002F188325A601869C0F325
:100C5400C01070470020024023016745034A00206A
:100C6400136943F080031361704700BF0020024002
:100C740070B50546FFF718FB0646114CE368D80724
:100C840012D4E368990644BF2023E360E368DA06DC
:100C940006D4E369DB0703D4E06810F0040007D04E
:100CA400FFF7A2FF012003E06B1CE7D00DB903207E
:100CB40070BDFFF7F9FA801BA842DFD9F7E700BF40
:100CC400002002402DE9F84FDFF894A01F469AF85F
:100CD40018300546012B884691463FD001234CF23B
:100CE40050308AF81830FFF7C3FF90BB012D03D0B2
:100CF400022D14BF0425022500263346DFF864B014
:100D04003401C4F12001A4F1200207FA01F129FA07
:100D140004F4CAF81C300C4327FA02F21443DBF83B
:100D24001020A4B242F00102CBF810204CF2503053
:100D340028F81640FFF79CFFDBF8102022F0010290
:100D4400CBF8102028B90136F2B295424FF00003D7
:100D5400D6D800238AF81830BDE8F88F0220FBE7C4
:100D640030000020002002400022064BDA61064BCE
:100D74001A6942F002021A6158611A6942F040028B
:100D84001A61704730000020002002402DE9F04134
:100D9400264F05463B7E8846012B44D001243C76F1
:100DA40003684CF25030022B1AD1FFF761FF20B1D7
:100DB400012000233B76BDE8F0811D4CF8612369D6
:100DC4004CF2503043F004032361236943F04003A1
:100DD4002361FFF74DFF236923F004032361E8E750
:100DE400FFF746FF0028E3D14FF0FF33C8F8003087
:100DF4002046AE680E4CD5E9023203EBC223B3425F
:100E0400D7D93046FFF7B0FF4CF25030FFF730FF30
:100E1400236923F00203236110B1C8F80060C8E716
:100E240006F50066E7E70220C5E700BF30000020B2
:100E3400002002402DE9F3471F46894690460446A8
:100E4400FFF732FA0A9D3D442D1AFFF72DFA824628
:100E5400254B1E68C6F3CB366E4301962268936811
:100E640039EA03030CBF01230023434501D10020C9
:100E74002EE07B1CF3D0FFF717FAA0EB0A00A84280
:100E840029D323685A6822F0E0025A606268B2F5F6
:100E9400827F0AD1A268B2F5004F02D0B2F5806F0A
:100EA40003D11A6822F040021A60A26AB2F5005F08
:100EB40007D11A6822F400521A601A6842F40052E8
:100EC4001A60012384F851300023032084F8503041
:100ED40002B0BDE8F087019A019B002A03F1FF33B9
:100EE40008BF15460193B9E70000002073B50B460F
:100EF40000920D461646022101220446FFF79AFF8E
:100F0400024628B1636D032043F02003636507E0C4
:100F14002B46802120460096FFF78CFF0028F1D154
:100F240002B070BD37B50B4641680446B1F5827F07
:100F340018D18168B1F5004F02D0B1F5806F11D19D
:100F44002568B1F5806F286820F04000286009D139
:100F54000092012100222046FFF76CFF30B90020E7
:100F640003B030BD009280210022F4E7636D0320BA
:100F740043F020036365F3E710B50446002851D01D
:100F8400436A002B4AD14268B2F5827F00D0C36124
:100F94000023A36294F8513003F0FF0223B92046E2
:100FA40084F8502000F058FC0223226884F8513061
:100FB4001368A06823F040031360636800F40440DE
:100FC40003F482730343E068A16900F400600343FF
:100FD400206900F002000343606900F0010003434C
:100FE40001F400700343E069090C00F03800034386
:100FF400206A01F0040100F080000343A06A00F4B9
:101004000050034313605160D369002023F400634C
:10101400D3610123606584F8513010BD0023C0E919
:101024000433B5E70120F8E72DE9F74304461F46EA
:101034000D469046FFF738F994F851308146012B5C
:10104400D8B240F09F80002D74D0B8F1000F71D059
:1010540094F85030012B00F09580032384F851302C
:1010640000236365C4E91033A4F83680A363A3871F
:10107400E387A3682668B3F5004F84F8500025631E
:10108400A4F8348007D1336823F040033360336815
:1010940043F4804333603368E2685B065EBF3368C1
:1010A40043F040033360B2F5006F636845D113B178
:1010B400B8F1010F07D135F8023BF3602563E38EE5
:1010C400013B9BB2E386E38E9BB2D3B94A463946D1
:1010D4002046FFF70BFF002851D1A36833B90193D1
:1010E4002368DA6801929B680193019B012384F8C9
:1010F40051300023606D84F85030C01A18BF0120AD
:1011040018E022689368980705D5236B33F8021B0F
:10111400D1602363D3E7FFF7C7F8A0EB0900B84217
:10112400D1D3791CCFD0012384F85130002303207C
:1011340084F8503003B0BDE8F08313B1B8F1010F67
:1011440008D12B783373236B01332363E38E013B84
:101154009BB2E386E38E9BB2002BB7D023689A68D8
:10116400920703D5226B12781A73ECE7FFF79CF809
:10117400A0EB0900B842EDD37B1CEBD0D3E72023CE
:101184006365AAE70220D5E72DE9F74304460D4637
:1011940091461E46DDF82880FFF786F894F8513012
:1011A4000746012B6268D9B20AD0B2F5827F40F0BB
:1011B400E580A368002B40F0E180042940F0DE8044
:1011C400002D4BD0B9F1000F48D0002E46D094F832
:1011D4005030012B00F0D280012384F8503094F871
:1011E4005130C4F83890042B1CBF052384F85130C7
:1011F40000236365C4E910332368E687E68619682B
:10120400A687490658BF1968256358BF41F04001B5
:10121400A68658BF1960E168B1F5006F55D10AB1CF
:10122400012E07D135F8022BDA60E38E2563013BEA
:101234009BB2E3860125E38E9BB28BB9E38F9BB20D
:1012440073B93A4641462046FFF750FE002800F0A5
:10125400818020236365002384F85030012031E02D
:1012640021688B689A070DD5E38E9BB253B145B1C3
:10127400236B33F8022BCA602363E38E013B9BB2DA
:10128400E38600258A6812F001020CD0E38F9BB23A
:101294004BB11546C968A36B23F8021BA363E38F04
:1012A400013B9BB2E387FEF7FFFFC01B4045C2D35F
:1012B400B8F1FF3FBFD0012384F85130002303204D
:1012C40084F8503003B0BDE8F0830AB1012E08D190
:1012D4002A781A73236B01332363E38E013B9BB299
:1012E400E38601252DE0226893689B070ED5E38EE3
:1012F4009BB25BB14DB1236B1B781373236B01332A
:101304002363E38E013B9BB2E38600252268916848
:1013140011F001010DD0E38F9BB253B10D46D26899
:10132400A36B1A70A36B0133A363E38F013B9BB2DE
:10133400E387FEF7B9FFC01B404502D3B8F1FF3F76
:10134400B9D1E38E9BB2002BCDD1E38F9BB2002B9E
:10135400C9D176E7A36833B901932368DA680192A7
:101364009B680193019B012384F851300023606D35
:1013740084F85030C01A18BF0120A3E70220A1E767
:101384002DE9F7431E4690F851300446012B894657
:101394001746DDB204D00225284603B0BDE8F08329
:1013A4004368B3F5827F0BD183684BB9042380F87B
:1013B4005130134600960A46FFF7E6FE0546EBE772
:1013C400FEF772FF8046B9F1000FE5D0002FE3D09D
:1013D40094F85030012BDED00123002584F85030DE
:1013E4000423A26884F85130B2F5004F6565C4E95E
:1013F4001055E7872368C4F83890A7872563A58626
:10140400E58607D11A6822F040021A601A6822F4AD
:1014140080421A601A6855065EBF1A6842F040029C
:101424001A60E368F3B1E38F9BB2FBB123689A6857
:10143400D2073CD5DA68A36B23F8022BA363E38FAE
:10144400013B9BB2E387EEE723689A68D0071ED579
:101454001B7BA26B1370A36B0133A363E38F013B6C
:101464009BB2E387E38F9BB2002BEDD1424631461A
:101474002046FFF757FD18BB012384F851300023A1
:10148400656D84F85030ED1A18BF012584E7FEF726
:101494000BFFA0EB0800B042E4D3711CE2D001239F
:1014A40084F851300023032584F8503074E7FEF7A4
:1014B400FBFEA0EB0800B042B5D3731CB3D0EEE73B
:1014C40020236365D8E70000BFF34F8F0549064B1F
:1014D400CA6802F4E0621343CB60BFF34F8F00BFCE
:1014E400FDE700BF00ED00E00400FA05FEF7D0BE02
:1014F40008B5FFF7E9FFFEE7FEE7FEE7FEE7704702
:101504007047704708B572B6FFF7DEFF10B596B0A6
:10151400142200210EA800F040FB1422002101A88F
:1015240000F03BFB182200210DEB020000F035FB1C
:1015340002244FF480330122CDE91343CDE90C2377
:101544004FF4E0130CA810921593FEF731FF08B185
:10155400FFF7D8FF0F23CDE901344FF480630390E4
:10156400CDE90430214601A8FFF7E4F80028EFD1C3
:1015740010230B9006A80693FFF778F90028E7D10B
:1015840016B010BD2DE9F04788B0FEF76FFEFFF7E7
:10159400BDFF6420FEF78EFE0023069303F1804313
:1015A40003F504339A69614842F010029A619A691A
:1015B40004A902F010020192019A9A69DFF870817D
:1015C40042F004029A619A6902F004020292029AB9
:1015D4009A6942F020029A619B694FF4004203F039
:1015E40020030393039B0123CDE9042302230793E0
:1015F400FFF7B6F900F00CF910224E480DEB02018A
:1016040000F0EEF9049B43451ED19DF81C30012BDC
:101614001AD1059B013BB3F5703F09D2FFF70CFBD0
:1016240030B90599444800F091F808B3FFF716FB68
:1016340014243E4D6420FEF73DFE4FF4004128463D
:10164400FFF773FA013CF5D13B4C236803F1604387
:10165400B3F5404F55D904F1605404F55044C82003
:10166400FEF728FE4FF400412046FFF75EFAF6E746
:10167400059C314F314EDFF8C890DFF8B0A01CBB99
:10168400FFF7ECFA05992C4800F0A8F8BDF81830DB
:101694008342CDD12B4D4FF480522946254800F08A
:1016A4009FF960B92B68434509D122482C7300F097
:1016B40021FA4FF4805229461E4800F0C3F9322023
:1016C400FEF7F8FDFFF700FFB4F5006F254628BFCD
:1016D4004FF4006549463046AAB200F081F900286B
:1016E400A4D12A464946384600F047F800289DD13F
:1016F4004FF4004150462E442F44641BFFF715FA63
:10170400BDE72768666872B64FF0E02300251D61C7
:10171400FEF7E2FD0C4B9C6087F3088885F3148880
:10172400BFF36F8F62B6B047FEE700BF0010014001
:101734003141544F00F01F000040000800701E00AB
:10174400501000205000002000ED00E07FB54FF065
:10175400FF320023CDE90123012301F2FF71C90AFD
:10176400CDE90330059102A801A9FFF70FFB00386A
:1017740018BF012007B05DF804FB2DE9F8430546C6
:101784000E461746002401F1010822F001094C45D8
:101794000FD1BC421FD2325D0023012042F47F42AC
:1017A4006119FFF78FFA003818BF01204000BDE827
:1017B400F88318F8013C98F80020012043EA02223B
:1017C40061190023FFF77EFA08F1020808B9023410
:1017D400DDE70120EBE70020E9E7000002460144D1
:1017E4004FF6FF7030B5094D8A4200D130BD082450
:1017F40012F8013B584040F300032B4083EA5003A6
:1018040098B2631E13F0FF04F5D1EDE701A0FFFFCA
:1018140008B54FF482730E480E4A4FF40071C0E9C4
:10182400002300231022C0E90233C0E90433C0E9D5
:10183400083383620A23C0E90612C362FFF79CFBE4
:1018440008B1FFF75FFEBDE8084000F09FB800BF95
:10185400501800200030014030B51024054687B0F0
:101864002246002102A800F098F92A68194B9A42EE
:101874002ED103F560439A69032542F480529A619C
:101884009A69154802F480520092009A9A6902A952
:1018940042F004029A619B69A02203F004030193BD
:1018A400019B02230595CDE90223FFF759F8002394
:1018B40040210948CDE9021302A90493FFF750F827
:1018C4000123054802A9029403930595FFF748F8FC
:1018D40007B030BD0030014000080140062337B591
:1018E4000B4D0022284610218DF80730FFF718F918
:1018F40032230DF1070101220648FFF795FB044648
:10190400012228461021FFF70BF9204603B030BD11
:101914000008014050180020F7B50546FEF7C4FC46
:101924000446184E184F05230022102130468DF826
:1019340006308DF80720FFF7F3F8322301220DF16A
:1019440006013846FFF770FB322301220DF107012F
:101954003846FFF715FD304601221021FFF7E0F865
:101964009DF8073013F0010001D103B0F0BDFEF77C
:101974009BFC001BA84203D80120FEF79BFCD2E786
:101984000320F2E7000801405018002037B5012277
:1019940010211148FFF7C4F8FFF7A0FF0446C0B9AF
:1019A4000125024610210C48ADF80450FFF7B8F8A1
:1019B400022201A964230948FFF736FB04462A469C
:1019C40010210548FFF7ACF81CB96420FFF7A4FF09
:1019D4000446204603B030BD0008014050180020E2
:1019E40073B515460E4639B332B303238DF804306C
:1019F400030C40BA00221021ADF806000F488DF800
:101A04000530FFF78DF8042264230D480DEB020125
:101A1400FFF70AFB044638B92A463146084805F15F
:101A24006403FFF7ADFC0446012210210348FFF7CD
:101A340077F8204602B070BD0124FAE7000801409F
:101A4400501800202DE9F74F064693460F4600290B
:101A54004AD0002A48D04FF0020ADFF89080DFF81D
:101A64009090F5B2C5F58075ADB25D4528BF5D4671
:101A7400FFF734FF044640BB330C024610214046B6
:101A84008DF8053073BAADF806308DF804A0FFF771
:101A940047F80422642348460DEB0201FFF7C4FA19
:101AA400044640B905F164032A46394648469BB2C8
:101AB400FFF7BAFA0446012210214046FFF730F836
:101AC4001CB96420FFF728FF04462E442F44ABEBD7
:101AD40005051FFA85FBBBF1000F01D0002CC0D017
:101AE400204603B0BDE8F08F0124F9E70008014067
:101AF4005018002037B50546FFF7F0FE044600BB3A
:101B040020230246102110488DF804302B0C6DBAA6
:101B14008DF80530ADF80650FFF702F8042264236F
:101B24000DEB02010948FFF77FFA04460122102158
:101B34000548FEF7F5FF24B94FF47A60FFF7ECFE91
:101B44000446204603B030BD000801405018002070
:101B5400FEF766FB0B480C490C4A002302E0D458FC
:101B6400C4500433C4188C42F9D3094A094C0023E5
:101B740001E013600432A242FBD300F017F8FFF730
:101B840001FD7047000000200C0000203C1C0008F0
:101B940010000020A8180020FEE7034602449342E8
:101BA40000D1704703F8011BF9E7000070B5002667
:101BB4000C4D0D4C641BA410A64209D100F01AF878
:101BC40000260A4D0A4C641BA410A64205D170BD20
:101BD40055F8043B98470136EEE755F8043B98471F
:101BE4000136F2E7341C0008341C0008341C0008D9
:101BF400381C0008F8B500BFF8BC08BC9E46704706
:0C1C0400F8B500BFF8BC08BC9E46704755
:101C1000000000000000000001020304060708099C
:101C2000010202030405060708090A0B0C0D0E0F3A
:041C30001010000090
:041C34000902000899
:041C3800E5010008BA
:0C1C3C0000127A000100000010000000FF
:0400000508001B557F
:020000040800F2
:1040000000C00020C1B10008CDAF0008CFAF00084C
:10401000D1AF0008D3AF0008D5AF00080000000002
:1040200000000000000000000000000051A1000896
:10403000D7AF000800000000E1A10008899B00083C
:1040400009B2000809B2000809B2000809B2000864
:1040500009B2000809B2000809B2000809B2000854
:1040600009B2000809B2000809B2000809B2000844
:1040700009B2000809B2000809B20008D9AF000867
:1040800009B2000809B2000809B2000809B2000824
:10409000E5AF000809B2000809B2000809B200083B
:1040A00009B2000809B2000809B2000809B2000804
:1040B00009B2000809B20008F1AF000809B200080F
:1040C00009B2000809B2000809B2000809B20008E4
:1040D00009B20008FDAF000809B2000809B20008E3
:1040E00009B2000809B2000809B2000809B20008C4
:1040F00009B2000809B2000809B2000809B20008B4
:1041000009B2000809B2000809B2000809B20008A3
:1041100009B2000809B2000809B2000809B2000893
:1041200009B2000809B2000809B2000809B2000883
:10413000000000000000000000000000000000007F
:10414000000000000000000000000000000000006F
:10415000000000000000000000000000000000005F
:10416000000000000000000000000000000000004F
:10417000000000000000000000000000000000003F
:10418000000000000000000000000000000000002F
:10419000000000000000000000000000000000001F
:1041A000000000000000000000000000000000000F
:1041B00000000000000000000000000000000000FF
:1041C00000000000000000000000000000000000EF
:1041D00000000000000000000000000000000000DF
:0441E0005FF8E0F1B3
:1041F00010B5054C237833B9044B13B10448AFF321
:1042000000800123237010BDE801002000000000A1
:10421000D415010808B5034B1BB103490348AFF39C
:10422000008008BD00000000EC010020D41501084A
:10423000002902D0B0FBF1F0704708B14FF0FF3019
:1042400000F008B80029F8D00246B0FBF1F000FBFE
:1042500011217047704700BF034613F8012B002A55
:10426000FBD1181A013870477047704790F83D30FD
:10427000012B28D1022380F83D300368DA6842F030
:104280000102DA60114A934212D002F500629342B1
:104290000ED0B3F1804F0BD0A2F59832934207D0E5
:1042A00002F58062934203D002F58062934204D10A
:1042B0009A6802F00702062A03D01A6842F0010247
:1042C0001A60002070470120704700BF002C014099
:1042D0007047704770477047036870B5DD681E69A6
:1042E0000446B1070DD5AA070BD56FF002021A617B
:1042F000012202779B699B0769D0FFF7EAFF002341
:104300002377710710D56A070ED56FF00402236872
:1043100020461A61022222779B6913F4407F5CD009
:10432000FFF7D7FF0023237733070FD528070DD5D5
:104330006FF00802236820461A6104222277DB69A5
:10434000990750D0FFF7C5FF00232377F20610D559
:10435000EB060ED56FF01002236820461A61082282
:104360002277DB6913F4407F43D0FFF7B2FF0023CD
:104370002377F00708D5E90706D56FF00102236817
:1043800020461A6106F054FB320608D52B0606D5E6
:104390006FF08002236820461A6100F09CF87006D6
:1043A00008D5690606D56FF04002236820461A61D9
:1043B000FFF791FFB20622D5AB0620D56FF02002A1
:1043C00023682046BDE870401A6100F083B8FFF70B
:1043D0007FFF2046FFF77EFF91E7FFF779FF20463A
:1043E000FFF778FF9EE7FFF773FF2046FFF772FFA6
:1043F000AAE7FFF76DFF2046FFF76CFFB7E770BD38
:104400001D4A0368904212D002F5006290420ED01D
:10441000B0F1804F0BD0A2F59832904207D002F550
:104420008062904203D002F58062904207D14A68D0
:1044300023F070031343CA6823F4407313434A699B
:1044400023F08003134303608B68C3620B688362AD
:10445000094B984203D003F50063984201D10B69E0
:104460000363012343610369DB0742BF036923F050
:1044700001030361704700BF002C014010B50446E2
:1044800030B390F83D3003F0FF021BB980F83C20B8
:10449000FFF7EBFE0223206884F83D30211DFFF773
:1044A000AFFF0123002084F8463084F83E3084F8C2
:1044B0003F3084F8403084F8413084F8423084F84A
:1044C000433084F8443084F8453084F83D3010BDE2
:1044D0000120FCE770477047F8B50446E0B190F85A
:1044E000913203F0FF021BB980F8902205F04EFFD5
:1044F000032384F8913200232546637155F8040B99
:1045000000F09EFE95E80E00206800F089FE01464E
:1045100028B1022384F8913201252846F8BD20688D
:1045200000F098FE0028F4D102460127267904F114
:104530001003C1B28E4203F1280318D800210A46A5
:1045400004F5A873C8B2864203F128031BD895E886
:104550000E00206800F080FE05460028D9D1012316
:104560006073206884F8913201F02CF9D5E743E9B3
:10457000062203F8277C03F8281C03F8252C43F8AF
:10458000102C0130D5E743E9062203F8272C03F865
:10459000280C03F8252C43F8102C0131D2E738B54C
:1045A00090F890320446012B10D0012580F89052EB
:1045B000006800F03CFE2946204605F0EEFF20682A
:1045C00001F0FEF8002084F8900238BD0220FCE7DC
:1045D00010B590F890220446012A0AD001224173B6
:1045E00080F89022006801F0E5F8002084F890023D
:1045F00010BD0220FCE700002DE9F04F044685B015
:10460000006801F0E1F810F4004500F04F8428251F
:10461000C64E2068B0F844301F0402D405B0BDE88F
:10462000F08FB0F8443013F00F0799B240F0C0801B
:1046300011F0100126D103889BB2334043F40043AC
:104640000380B0F85030227C9BB203EBC20300EB36
:104650004303B3F80434626AC3F309031A44E36200
:104660002046626205F0C1FE637B002BD1D0A26AB6
:104670002168002ACDD1637B43F08003A1F84C3040
:104680006273C6E70788BBB217F4006721D0B0F8A1
:10469000503094F850219BB203EBC20300EB43036C
:1046A000B3F80C34B4F85621C3F30903C4F86C31E1
:1046B00004F5267101F0D3FA22682046138823F00E
:1046C00070031B051B0D43F08003138005F07EFE75
:1046D0009FE719049DD5038823F070031B051B0D6C
:1046E00043F080030380B0F8503094F850219BB21F
:1046F00003EBC20300EB4303B3F80C34C3F3090329
:10470000C4F86C318BB1D4F8641171B1B4F856218E
:1047100001F0A5FAD4F86431D4F86C213946134479
:104720002046C4F8643105F057FE21680A8893B228
:1047300012053FF56EAF03F44053B3F5405F3FF40D
:1047400068AFB1F8502001F20C4092B2835AC3F323
:1047500009038352D4F860313E2B1DD95F09DB0673
:10476000835A08BF07F1FF379BB243EA87236FEAFA
:1047700043436FEA53439BB283520B8823F4804335
:1047800023F070031B041B0C83F4405343F40043D9
:1047900043F080030B803CE70BB9835AE7E75F08DF
:1047A000DB07835A48BF01379BB243EA8723E2E71E
:1047B00030F8273019041FFA83F840F1F68030F8FA
:1047C000273005FB074123F070031B051B0D43F049
:1047D000800320F8273091F85C3100F5806EBBB97A
:1047E000B0F8503091F850219BB2063303EBC2036E
:1047F0003EF81390C9F30909B9F1000F00F0BA802F
:104800004B46B1F85621D1F8641101F028FAB1E015
:1048100091F8533191F85021022B40F08980B0F883
:1048200050904FEAC20B1FFA89F918F4804AD1F868
:104830006831D94408F0400C3CD009F102093EF837
:104840001990C9F30909994513D90023C1F86831B2
:1048500030F8223023F4804323F070031B041B0C38
:1048600083F4005343F4004343F0800320F82230E4
:1048700005E0A3EB0903C1F86831002BE8D0BCF1D7
:10488000000F0DD030F8223023F4E04323F0700302
:104890001B041B0C43F4004343F0C00320F82230F8
:1048A000B9F1000F66D0282101FB07414B46B1F852
:1048B0005821A8E709F106093EF81990C9F309093A
:1048C000994512D9C1F868A130F8223023F4804309
:1048D00023F070031B041B0C83F4005343F40043C8
:1048E00043F0800320F8223005E0A3EB0903C1F870
:1048F0006831002BE8D0BCF1000F0DD130F8223028
:1049000023F4E04323F070031B041B0C43F4004327
:1049100043F0C00320F82230B9F1000F2AD028213B
:1049200001FB07414B46B1F85A216CE70F8FFFFF9F
:1049300030F8223023F4E04323F070031B041B0CF7
:1049400043F4004343F0C00320F8223091F8503183
:1049500030F82320DB0012F4804FB0F8502092B2E0
:1049600054D0023213443EF81390C9F30909B9F147
:10497000000F9BD105FB07F16318D3F86C214A4463
:10498000C3F86C21D3F864214A44C3F86421D3F8F6
:1049900068211AB1D3F86031994541D205FB07432C
:1049A000204693F8501105F017FD18F0800F20688D
:1049B0003FF42FAE30F8273005FB07FC9BB23340A5
:1049C00043F4004320F8273004EB0C03DA7C012A7F
:1049D00056D1002107FB0552A1501A7F92B318F05F
:1049E00040085A7C36D012BBB0F850201B7C92B2E3
:1049F0001B0100F2044010441A5AC2F309021A5271
:104A00001A5A92B242F400421A521BE00632134480
:104A10003EF81390C9F30909B9F1000FAAD081E754
:104A200001F5A8712068214400F0E4FEBDE7012AE9
:104A300008D1B0F850201B7C92B200F204401B0158
:104A400010441952282303FB0743197C204605F024
:104A5000CCFCDEE53AB9B0F850201B7C92B21B01C9
:104A600000F20C40C7E7012AECD1B0F850201B7CC3
:104A700092B200F20C401B01104423F80080E1E7E1
:104A8000197C18F4807E9A6A4FEAC10A00F58069A1
:104A90001BD1B0F85070BFB25744023739F81770C5
:104AA000C7F30907974202D3C3F828E0CEE7D21B29
:104AB0009A625A6A0CF110013A445A62DA6A214445
:104AC0003A44DA6200F096FEA3E5B0F850C018F060
:104AD000400E1FFA8CFCD44408F4804800F0F480A7
:104AE0000CF1020C39F81CC01FFA88F8CCF3090C41
:104AF00094452CBF0022A2EB0C029A62002A5BD1E3
:104B0000282303FB07435B7C002B41D1B0F85020E6
:104B100000F2044C92B20B0194443CF80320C2F31F
:104B200009022CF803203CF803206FEA42426FEAA6
:104B3000524292B22CF80320B0F8502000F20C4000
:104B400092B21044C25AC2F30902C252C25A6FEA68
:104B500042426FEA524292B2C252204605F045FCF0
:104B6000B8F1000F00F0F480282303FB074322680C
:104B7000197C32F8213023F4E04323F070031B0446
:104B80001B0C43F4404343F0800322F82130DFE064
:104B9000012BE2D1B0F850E000F2044C1FFA8EFE77
:104BA000F4440B012CF80320B0F850C000F20C4084
:104BB0001FFA8CFC6044CFE7B8F1000F0DD030F83D
:104BC000212022F4E04222F070021204120C42F47E
:104BD000404242F0800220F821204FF0280808FBD4
:104BE000074898F83420012A40F0B280D8F82420F1
:104BF00002EB0C0EC8F824E0DA6A6244DA62D8F8F4
:104C00003030D8F82020934235D39B1AC8F8303082
:104C1000282303FB074393F811C093B2BCF1000FA4
:104C200045D1B0F8508000F2044C1FFA88F8C44413
:104C300009013CF801803E2AC8F309082CF80180DC
:104C400025D94FEA5218D2063CF8012008BF08F1D6
:104C5000FF3892B242EA88226FEA42426FEA524239
:104C600092B22CF80120282202FB0742128B7146D7
:104C700000F0B0FD6CE01BB9624688F83430C7E73D
:104C8000002288F83420C8F830201A46C0E712B94C
:104C90003CF80120E0E74FEA5208D2073CF8012037
:104CA00048BF08F1010892B242EA8822D8E7BCF175
:104CB000010FD8D1B0F850C000F204421FFA8CFCAA
:104CC000624409015352CEE70CF1060C39F81CC0BE
:104CD0001FFA88F8CCF3090C94458CBF7246A2EBFE
:104CE0000C029A62002A5DD1282303FB07435B7CF8
:104CF000002B43D1B0F8502000F2044C92B20B01CB
:104D000094443CF80320C2F309022CF803203CF839
:104D100003206FEA42426FEA524292B22CF803201B
:104D2000B0F8502000F20C4092B21044C25AC2F3C4
:104D30000902C252C25A6FEA42426FEA524292B22A
:104D4000C252204605F051FBB8F1000F3FF40CAF02
:104D5000282303FB07432268197C32F8213023F40F
:104D6000E04323F040031B041B0C83F0300343F4A7
:104D7000004343F0800322F821304AE4012BE0D1C4
:104D8000B0F850E000F2044C1FFA8EFEF4440B0120
:104D90002CF80320B0F850C000F20C401FFA8CFC35
:104DA0006044CDE7B8F1000F0DD130F8212022F496
:104DB000E04222F070021204120C42F4404242F02F
:104DC000800220F821204FF0280808FB074898F8B7
:104DD0003420012ABCD1D8F8242002EB0C0EC8F8EC
:104DE00024E0DA6A6244DA62D8F83030D8F8202059
:104DF000934232D39B1AC8F83030282303FB074371
:104E000093F811C093B2BCF1000F42D1B0F85080BA
:104E100000F20C4C1FFA88F8C44409013CF80180E8
:104E20003E2AC8F309082CF8018022D94FEA52180B
:104E3000D2063CF8012008BF08F1FF3892B242EADE
:104E400088226FEA42426FEA524292B22CF8012065
:104E5000282202FB0742528B09E71BB9624688F8F9
:104E60003430CAE70022C8F8302088F834201A46C7
:104E7000C3E712B93CF80120E3E74FEA5208D20732
:104E80003CF8012048BF08F1010892B242EA8822AA
:104E9000DBE7BCF1010FDBD1B0F8502000F20C4C85
:104EA00092B294440A012CF80230D1E7460512D59B
:104EB00022682046B2F8443023F480631B041B0CA4
:104EC000A2F8443005F09DFA2946204605B0BDE819
:104ED000F04FFFF77DBB41040AD52268B2F8443099
:104EE00023F480431B041B0CA2F84430FFF796BB4D
:104EF000820405D52268B2F8443023F40053F1E768
:104F0000C30419D522682046B2F8403023F00403C8
:104F10001B041B0CA2F84030B2F8403023F0080309
:104F20001B041B0CA2F8403005F08EFA2268B2F880
:104F3000443023F48053D5E7070548D568462368F5
:104F4000064619461A4603F1200532F8047B9542BD
:104F500026F8027BF9D1B3F8402092B242F0010268
:104F6000A3F84020B3F8402022F001021204120CF2
:104F7000A3F84020B3F844205605FBD5B3F84420ED
:104F800022F480621204120CA3F8442030F8022BA1
:104F900021F8042B8D42F9D1B3F84020204692B27B
:104FA00042F00802A3F84020B3F8442022F4006243
:104FB0001204120CA3F84420B3F8402092B242F03D
:104FC0000402A3F8402005F02FFAFFF727BB820563
:104FD0000DD522682046B2F8443023F400731B0438
:104FE0001B0CA2F8443005F008FAFFF717BBC30505
:104FF0007FF514AB2268B2F8443023F4807371E774
:1050000070B52824054601F00700444311F0800FD5
:1050100014BF04F1100104F5A87105EB040615BFD7
:1050200001240024747486F8514114BF49194919A8
:10503000022BCB7008BF0023087008BF0B710A61F8
:1050400095F89032012B09D00123286885F8903219
:1050500000F014F9002085F8900270BD0220FCE7F2
:10506000282301F00702534311F0800F10B50446C6
:1050700018BF03F1100118440BBF03F5A8710123F9
:10508000002309190ABF0919437480F851310A70C5
:1050900094F89032012B09D00123206884F89032D3
:1050A00000F04CFA002084F8900210BD0220FCE7CA
:1050B00070B52824002601F007014C43051985F836
:1050C000501104F5A8710144C5E95923C5F86C6174
:1050D00085F85161006800F08DFB304670BD2823D3
:1050E00001F0070103FB0100D0F86C01704770B5B7
:1050F000282501F007014D4344190026C4E909237E
:105100000122217405F11001014484F83420236345
:10511000E6626274006800F06DFB304670BD38B521
:10512000037901F00705AB4204462AD311F0800F42
:105130004FF028031CD001226B4303F110010344FC
:1051400001445A7401230D708B7094F890229A4296
:1051500019D0206884F8903200F0C3FA25B920688D
:1051600004F5267100F034FB002084F8900238BD6D
:1051700000224B4303F5A8710344014483F85121F5
:10518000E0E70120F3E70220F1E738B5027901F00A
:105190000F039A42044626D3282301F00702534303
:1051A00011F0800F14BF03F1100103F5A87118442A
:1051B0004FF0000515BF012300230919091914BF79
:1051C000437480F851318D700A7094F89032012B3D
:1051D0000BD00123206884F8903200F0A2FA284610
:1051E00084F8905238BD0120FCE70220FAE710B5A0
:1051F000282411F0800F1BBF01F0070104FB010000
:1052000004FB0100103008BF00F5A87099B21AB96C
:105210000273C180002010BD012283600273F9E790
:1052200084B004A800E90E00002004B070470346D3
:105230004FF43F420020A3F84400A3F840207047F9
:10524000B0F8403023F47C535B045B0CA0F8403092
:1052500000207047002070471FB5044604A800E9ED
:105260000E0000200123A4F84030A4F84000A4F868
:105270004400A4F8500004B010BD0000F0B50A7856
:10528000CD7830F82240034624F4EC4424F0700436
:105290002404240C032D03D8DFE805F041494745D9
:1052A000012048F28006344323F8224033F822409C
:1052B0009F4FA4B23C401443344323F822400C7B5C
:1052C00003EB021C002C40F08D80CC884E786408E3
:1052D00064007EB3B3F8501089B26144A1F8004471
:1052E00033F82210490609D533F8221089B2394023
:1052F00041F4004141F0C00123F8221033F822109C
:105300008C4C89B2012D01EA040101D081F0200109
:1053100041F4004141F0800123F822104CE028467E
:1053200044F40074BDE744F4C0640020B9E744F4D9
:105330008064FAE7B3F850500969ADB26544A5F846
:105340000844B3F850403E29A4B26444B4F80C5465
:10535000C5F30905A4F80C542FD94D09CE06B4F8AD
:105360000C1408BF05F1FF3589B241EA85216FEAC7
:1053700041416FEA514189B2A4F80C1433F822106C
:105380004F040DD533F8221021F4E04121F07001D3
:105390000904090C41F4404141F0800123F8221036
:1053A000654CC2B91A8892B2224082F4405242F44B
:1053B000004242F080021A80F0BD11B9B4F80C141A
:1053C000D5E74D08C907B4F80C1448BF013589B2B8
:1053D00041EA8521CFE733F8221089B2214081F4D8
:1053E000005195E7022D33F822405BD1A4B23C4036
:1053F00044F4014444F0800423F82240B3F85040C0
:105400000E89A4B2760864447600A4F800644E893C
:10541000B3F850407608A4B264447600A4F8086457
:105420004978002948D133F822104E040DD533F8BD
:10543000221021F4E04121F070010904090C41F42B
:10544000404141F0800123F8221033F822104D062C
:105450000DD533F8221021F4E04121F07001090448
:10546000090C41F4004141F0C00123F8221048F238
:10547000800433F8221021F4804121F070010904E6
:10548000090C81F44051214323F8221033F82210F3
:1054900021F4E04121F040010904090C0C4323F8F8
:1054A000224089E724F4E24424F070042404240C0C
:1054B000264323F82260A1E733F822104C040DD5CF
:1054C00033F8221021F4E04121F070010904090CA5
:1054D00041F4404141F0800123F8221033F82210BA
:1054E00049060DD533F8221021F4E04121F0700176
:1054F0000904090C41F4004141F0C00123F82210D5
:1055000033F822100B4C89B22140012D18BF81F0D5
:10551000200141F4004141F0800123F8221033F8CA
:10552000221021F4804121F070010904090CEFE6FA
:105530008F8FFFFFBF8FFFFF8FBFFFFF4A780B7872
:10554000097BD9BB0AB330F8232051060DD530F8BA
:10555000232022F4E04222F070021204120C42F4E2
:10556000004242F0C00220F8232030F8232022F429
:10557000E04222F040021204120C42F4004242F0D7
:10558000800220F823200020704730F823205204A6
:105590000DD530F8232022F4E04222F070021204EC
:1055A000120C42F4404242F0800220F8232030F8EE
:1055B000232022F4804222F07002DCE7002A4AD144
:1055C00030F8232051040DD530F8232022F4E04296
:1055D00022F070021204120C42F4404242F08002A7
:1055E00020F8232030F8232052060DD530F8232050
:1055F00022F4E04222F070021204120C42F4004243
:1056000042F0C00220F8232048F2800130F8232025
:1056100022F4E04222F070021204120C42F4004222
:1056200042F0C00220F8232030F8232022F48042E8
:1056300022F070021204120C0A4320F8232030F8E2
:10564000232022F4E04222F040021204120C114303
:1056500020F8231097E730F8232051040DD530F8B7
:10566000232022F4E04222F070021204120C42F4D1
:10567000404242F0800220F8232030F823205206D6
:105680000DD530F8232022F4E04222F070021204FB
:10569000120C42F4004242F0C00220F8232048F2EB
:1056A000800130F8232022F4E04222F0700212043C
:1056B000120C42F4404242F0800220F8232030F8DD
:1056C000232022F4E04222F040021204120C0A438A
:1056D00020F8232030F8232022F4804222F07002A8
:1056E000B3E74B780A788BB130F8223023F4E043EB
:1056F00023F040031B041B0C83F0100343F400430E
:1057000043F0800320F822300020704730F8223028
:1057100023F4804323F070031B041B0C83F4805399
:10572000ECE70B7B3BBB4B780A7833B330F8223085
:105730005B060DD530F8223023F4E04323F07003EC
:105740001B041B0C43F4004343F0C00320F8223039
:10575000CB78012B0FD030F8223023F4E04323F034
:1057600040031B041B0C83F0200343F4004343F06D
:10577000800320F822300020704730F822305B048C
:105780000DD530F8223023F4E04323F070031B04DE
:105790001B0C43F4404343F0800320F8223030F8E0
:1057A000223023F4804323F070031B041B0C83F48A
:1057B0004053DAE711B98023A0F84C30002070473D
:1057C0000020704700207047B0F8440080B2704756
:1057D0000020704700EB4200013300F580605B0859
:1057E00000EB8303834200D1704731F8022B20F88D
:1057F000042BF7E72DE9F0474B780446012B0D46C3
:105800000A7B40F01881D1F810908F6949694F45A3
:1058100028BF4F460ABBBFB2EA883B46FFF7DAFF14
:10582000B4F85000297880B204F20442090102441D
:105830008F522A7834F8223023F4E04323F04003D7
:105840001B041B0C83F03003002043F4004343F09F
:10585000800324F82230BDE8F087EB7895F800E06B
:10586000022B2E6A4FEA0E1C40F0D080B14530F872
:105870002E2080F0B48022F4E04222F07002120464
:10588000120C42F4014242F0800220F82E2030F83F
:105890002E80B0F850E0F61B18F040082E6201EBA5
:1058A000070ABBB21FFA8EFE4ED000F20C427244C1
:1058B00022F80C306A89FFF78DFFB14536BFF31B24
:1058C00000233E466A782B62C5F814A0B3B27ABBB7
:1058D000B4F85020287892B204F204410001114437
:1058E000425A3E2EC2F30902425214D9425A770953
:1058F000F60608BF07F1FF3792B242EA87226FEA45
:1059000042426FEA524292B242522A89514620469E
:10591000FFF760FF8DE70EB9425AF0E7F207425AEF
:105920004FEA560748BF013792B242EA8722EAE7B8
:10593000012AEAD1B4F85000297880B204F2044276
:10594000090102448B52E0E700F20442724422F85B
:105950000C302A89FFF73EFFB14536BFF31B4346A3
:105960003E466A782B62C5F814A0B3B25ABBB4F8AD
:105970005020287892B204F20C4100011144425A9E
:105980003E2EC2F30902425210D9425A7709F60656
:1059900008BF07F1FF3792B242EA87226FEA42421C
:1059A0006FEA524292B242526A89AFE70EB9425A46
:1059B000F4E7F207425A4FEA560748BF013792B25E
:1059C00042EA8722EEE7012AEED1B4F850002978A6
:1059D00080B204F20C42090102448B52E4E722F443
:1059E000E24222F070021204120C42F4004242F031
:1059F000800220F82E20B0F8503000F204429BB212
:105A00001A44B3B222F80C302A8981E7F61B30F829
:105A10002E202E62B0F85060BBB25706B6B206D543
:105A200000F20C42324422F80C306A8970E700F22E
:105A300004423244E6E7002A3BD18B690969B0F899
:105A400050008B4284BF5A1A0B462978AA6180B253
:105A500004F20C4209010244885A3E2BC0F30900AB
:105A600088521AD95809DE068B5A08BF00F1FF3058
:105A70009BB243EA80236FEA43436FEA53439BB2EE
:105A80008B522A7834F8223023F4804323F07003B9
:105A90001B041B0C83F44053D6E60BB98B5AEAE780
:105AA0005808DB078B5A48BF01309BB243EA80237A
:105AB000E5E7CA78022A70D1002B38D1B0F850201F
:105AC0000B7892B200F204401B011044C25AC2F398
:105AD0000902C2520A693E2A46D9C15A5609D70656
:105AE00008BF06F1FF3689B241EA86216FEA4141DB
:105AF0006FEA514189B2C152B4F8500004F20C412E
:105B000080B20144C85A3E2AC0F30900C85238D9AD
:105B10005009D706CA5A08BF00F1FF3092B242EAD4
:105B200080226FEA42426FEA524292B2CA52EB6955
:105B3000002BA6D044F240032A7834F8221003EA5E
:105B400001008B4301D000289BD134F8223023F48C
:105B5000E04323F070031B041B0C43F4004343F0A9
:105B6000C00324F822308CE70AB9C15ABEE7D10736
:105B7000C15A4FEA520648BF013689B241EA86212E
:105B8000B8E70AB9CA5ACCE75008D607CA5A48BF7C
:105B9000013092B242EA8022C7E7012A5DD18A69C8
:105BA00009698A4294BF0020501AA86188BF0A463A
:105BB000002B7FF466AFB4F850102B7889B204F252
:105BC00004401B010844C15A3E2AC1F30901C152D5
:105BD0002BD9D106C15A4FEA521608BF06F1FF363B
:105BE00089B241EA86216FEA41416FEA514189B2A7
:105BF000C152B4F8500004F20C4180B20144C85ABA
:105C00003E2AC0F30900C8521BD95009D606CA5A09
:105C100008BF00F1FF3092B242EA80226FEA4242AE
:105C20006FEA524292B2CA522BE70AB9C15ADAE776
:105C3000C15A5608D70748BF013689B241EA8621C2
:105C4000D5E70AB9CA5AE9E75008D207CA5A48BF85
:105C5000013092B242EA8022E4E70120FBE500EB4A
:105C60004200F0B500F580605D080C4607462E4600
:105C7000023436B9DB0744BF30F8253001F815305F
:105C8000F0BD37F8042B013E92B204F8022C120A40
:105C900004F8012CECE70000074A08B5136803205C
:105CA00043F01003136000F01BFE0F2005F0E2F933
:105CB00005F0AAF9002008BD00200240034A044B69
:105CC00011681B780B441360704700BF040200206A
:105CD00004000020014B1868704700BF0402002038
:105CE00038B50446FFF7F6FF0546631C1EBF044B9C
:105CF0001B78E418FFF7EEFF431BA342FAD338BD2D
:105D0000040000202DE9F341054638B30368DB07A2
:105D100010D42B689F075ED42B68190700F195807B
:105D20002B685A0700F1C180EB69002B40F02C81F1
:105D3000002029E0904C636803F00C03042B07D08B
:105D4000636803F00C03082B0AD16368DE0307D5F0
:105D500023689C03DDD56B68002BDAD1012013E0AA
:105D60006B68B3F5803F12D1236843F4803323601E
:105D7000FFF7B0FF064623689803CAD4FFF7AAFFCF
:105D8000801B6428F7D9032002B0BDE8F0819BB9DD
:105D9000236823F480332360236823F48023236063
:105DA000FFF798FF064623689903B2D5FFF792FFE5
:105DB000801B6428F7D9E6E7B3F5A02F236803D149
:105DC00043F480232360CFE723F4803323602368E8
:105DD00023F48023CBE7684C636813F00C0F07D0E3
:105DE000636803F00C03082B10D16368DA030DD449
:105DF00023689B0702D52B69012BAFD123686A6901
:105E000023F0F80343EAC203236085E72A695B4B6A
:105E10006AB101221A60FFF75DFF064623689F07FB
:105E2000ECD4FFF757FF801B0228F7D9ABE71A60C5
:105E3000FFF750FF0646236898077FF56DAFFFF721
:105E400049FF801B0228F6D99DE7AA694A4E4B4BB1
:105E5000E2B10122C3F88024FFF73CFF0446736AD5
:105E60009B070DD54FF4FA52454B1B68B3FBF2F379
:105E7000019300BF019B5A1E0192002BF9D14FE7FD
:105E8000FFF728FF001B0228E9D97CE7C3F880242C
:105E9000FFF720FF0446736A9F077FF541AFFFF7C6
:105EA00019FF001B0228F6D96DE7334CE369D800CF
:105EB00024D40127E36943F08053E361E36903F0ED
:105EC00080530093009B2F4E3368D90518D5EB689B
:105ED000012B26D1236A43F001032362FFF7FAFE68
:105EE00041F288380646236A9B073FD5002F3FF4CE
:105EF0001BAFE36923F08053E36115E70027E2E776
:105F0000336843F480733360FFF7E4FE8046336800
:105F1000DA05DCD4FFF7DEFEA0EB08006428F6D932
:105F200031E7ABB9236A41F2883823F001032362D9
:105F3000236A23F004032362FFF7CCFE0646236A9C
:105F40009807D3D5FFF7C6FE801B4045F7D91AE75F
:105F5000052B236A03D143F004032362BAE723F03D
:105F600001032362236A23F00403B6E7FFF7B2FEBE
:105F7000801B4045B7D906E70010024000004242AE
:105F800000000020007000402A4C626802F00C0201
:105F9000082A3ED00022022B274B1A662CD1FFF78D
:105FA00099FE06462368990120D42B6AB3F5803FF9
:105FB00005D16268A96822F400320A436260696A06
:105FC00062680B4322F474121343012263601A4B7C
:105FD0001A66FFF77FFE054623689A013FF5A8AED3
:105FE000FFF778FE401B0228F6D9CCE6FFF772FED9
:105FF000801B0228D6D9C6E6FFF76CFE054623684B
:106000009B017FF595AEFFF765FE401B0228F6D990
:10601000B9E6012B3FF4A2AE60682B6A00F480322F
:106020009A427FF49BAE6B6A00F47010C01A18BFDE
:106030000120A9E600100240000042420D4A5368C8
:1060400003F00C01082912D10B48C3F38341DB0391
:10605000405C09D55368094AC3F340435043084A9A
:10606000D35CB0FBF3F07047064B584370470348CE
:10607000704700BF00100240763A010800127A0013
:10608000743A010800093D002DE9F0410D4604462F
:1060900010B90120BDE8F081444A136803F00703FA
:1060A0008B4228D321688E0730D4CA0743D43F4A95
:1060B000136803F00703AB4265D822683C4D12F029
:1060C000040F6CD1130706D56B68226923F4605363
:1060D00043EAC2036B60FFF7B1FF6B68354AC3F355
:1060E0000313D35CD840344B1860344B186804F069
:1060F000C1FF0020CEE7136823F007030B431360B2
:10610000136803F007038B42C3D1CBE7284B11F090
:10611000040F1EBF5A6842F4E0625A60080742BF8B
:106120005A6842F460525A605A68A06822F0F0023D
:1061300002435A60B9E762681D4E012A33681AD1DA
:1061400013F4003FA5D0736841F2883823F00303AD
:1061500013437360FFF7BEFD07467368626803F080
:106160000C03B3EB820FA2D0FFF7B4FDC01B404578
:10617000F3D903208EE7022A02D113F0007FE1E772
:1061800013F0020FDEE7136823F007032B431360BD
:10619000136803F00703AB427FF47BAF8DE76B68B6
:1061A000E16823F4E0630B436B608BE7002002405F
:1061B00000100240643A010800000020080000209E
:1061C000044B054A5B68C3F30223D35C034A10689F
:1061D000D8407047001002405C3A010800000020DF
:1061E000044B054A5B68C3F3C223D35C034A1068BF
:1061F000D8407047001002405C3A010800000020BF
:106200000F2303600B4B5A6802F0030242605A6886
:1062100002F0F00282605A6802F4E062C2605B68D9
:10622000DB0803F4E0630361034B1B6803F007031F
:106230000B607047001002400020024003682DE907
:10624000F3410546D80721D5364CE369D9002BD454
:106250000126E36943F08053E361E36903F080536F
:106260000193019B304F3B68DA051FD5236A6A68AA
:1062700013F440732ED1236A6A6823F440731343E6
:1062800023621EB1E36923F08053E3612A6891071A
:1062900006D52449A8684B6823F4404303434B6068
:1062A000D30636D4002012E00026DBE73B6843F437
:1062B00080733B60FFF70EFD80463B68DB05D5D45D
:1062C000FFF708FDA0EB08006428F6D9032002B010
:1062D000BDE8F08102F440729A42CCD00120134A0A
:1062E000236AC2F84004002023F44071DF07C2F89B
:1062F00040042162BFD5FFF7EDFC41F28838074624
:10630000236A9807B7D4FFF7E5FCC01B4045F7D9CF
:10631000DCE7044A6969536823F480030B43536044
:10632000C0E700BF00100240007000400000424281
:106330002DE9F74F00244FF00F0E2646DFF89CC1E1
:10634000674B00F104080A6832FA06F502D103B07F
:10635000BDE8F08F012505FA06F702EA070537EADE
:1063600002027ED14A68032A07D8013A022A00F2C3
:106370008C80DFE802F09A9FA500122A00F09D8031
:1063800071D8112A00F09380FF2D94BF8146C14639
:106390004FEA8602D9F8007088BF203A0EFA02FA56
:1063A00027EA0A0704FA02F21743C9F80070D1F885
:1063B000049019F0805F54D0DCF8182026F0030711
:1063C00042F00102CCF81820DCF8182007F18047D1
:1063D00002F00102019207F5803706F0030A019AE4
:1063E0004FEA8A0ABA680EFA0AFB22EA0B0B3D4A08
:1063F000904269D002F58062904267D002F58062D7
:10640000904265D002F58062904263D002F58062CE
:10641000904261D002F58062904214BF06220522AC
:1064200002FA0AF242EA0B02BA609A6819F4801F73
:1064300014BF2A43AA439A60DA6819F4001F14BFF4
:106440002A43AA43DA605A6819F4003F14BF2A436A
:10645000AA435A601A6819F4803F14BF2A43AA431A
:106460001A6001366FE7DFF880904A450DD015D8E5
:10647000A9F580194A4508D009F570294A4504D084
:10648000A9F580194A457FF47FAF8A68D2B1012A05
:106490004FF008040CBF0761476175E7DFF84C90C7
:1064A0004A45F2D009F58039ECE7CC686CE7CC6856
:1064B000043469E7CC68083466E7CC680C3463E7D9
:1064C000002461E704245FE70022A9E70122A7E78F
:1064D0000222A5E70322A3E70422A1E7001002405D
:1064E00000040140000801400000221000003110AB
:1064F0008368194214BF0120002070470AB101616E
:1065000070470904FBE7C36801EA030221EA0301BB
:1065100041EA024101617047034610B580B301684A
:10652000184A1420914224D8174A0A44B2FBF0F2C8
:1065300016489200C3E90F02022283F82120D3E912
:1065400001242243DC68086822431C696FF30D10A4
:1065500022435C6922439C692243DC692243024353
:106560000A6000200122986383F8200083F821202C
:1065700010BD074A0A44B2FBF0F206489200D9E780
:106580000120F5E707040240F8FFFDBF00000240CC
:10659000F8FBFDBF00040240F0B590F82040012C4C
:1065A00034D0012480F8204090F82140012CE5B23D
:1065B0004FF0000428D1022680F82160846304682B
:1065C000266826F001062660D0E90F67BD40756099
:1065D00063604368102BC36A0BBFA260A160E160D7
:1065E000E2604BB1236843F00E0300202360236870
:1065F00043F001032360F0BD236823F0040323600C
:10660000236843F00A03F0E780F820400220F2E715
:1066100090F821200346022A06D00422826301203A
:10662000002283F8202070470268C06B116821F0B7
:106630000E011160116821F00101116001211A6C35
:1066400001FA02F24260002083F82110E8E700001E
:1066500008B590F82130022B03D004238363012076
:1066600008BD03681A6822F00E021A601A6822F048
:1066700001021A60284A934224D902F562729342B9
:1066800019D01432934218D01432934217D01432D6
:10669000934214BF4FF480334FF480531F4A53602A
:1066A000012380F82130002380F82030436B03B1B0
:1066B00098470020D4E70123F0E71023EEE74FF4DA
:1066C0008073EBE716498B4216D014318B4215D0FC
:1066D00014318B4214D014318B4214D014318B42BC
:1066E00014D014318B4214D0934214BF4FF4803332
:1066F0004FF080730B4AD2E70123FBE71023F9E741
:106700004FF48073F6E74FF48053F3E74FF4803390
:10671000F0E74FF48013EDE78000024000040240F0
:10672000080002400000024070B40425C66B026CF1
:106730003468036895402542196855D04D0753D5F4
:106740001A6896065EBF1A6822F004021A60604A50
:1067500093421FD902F56272934214D014329342CD
:1067600013D01432934212D01432934214BF4FF418
:1067700080234FF48043574A5360C36A002B00F0D4
:10678000A58070BC18470423F5E74023F3E74FF4D6
:106790008063F0E750498B4216D014318B4215D0FC
:1067A00014318B4214D014318B4214D014318B42EB
:1067B00014D014318B4214D0934214BF4FF4802371
:1067C0004FF08063454AD7E70423FBE74023F9E70E
:1067D0004FF48063F6E74FF48043F3E74FF48023F0
:1067E000F0E74FF48003EDE702259540254257D0AE
:1067F0008D0755D51A68940606D41A6822F00A0245
:106800001A60012280F82120314A93421ED902F5F4
:106810006272934213D01432934212D014329342D4
:1068200011D01432934214BF4FF400334FF400538D
:10683000284A5360002380F82030836A9EE70223B1
:10684000F6E72023F4E74FF40073F1E722498B4287
:1068500016D014318B4215D014318B4214D0143120
:106860008B4214D014318B4214D014318B4214D08B
:10687000934214BF4FF400334FF00073174AD8E728
:106880000223FBE72023F9E74FF40073F6E74FF408
:106890000053F3E74FF40033F0E74FF40013EDE754
:1068A00008259540254211D009070FD5196821F018
:1068B0000E011960012303FA02F27260836380F80B
:1068C0002130002380F82030036B57E770BC7047FD
:1068D0008000024000040240080002400000024024
:1068E00007490302CA6803F4E06322F4E062120479
:1068F000120C134343F0BF6343F40033CB60704783
:1069000000ED00E0154B30B5DC68C4F30224C4F19F
:106910000703251D042B28BF0423062D4FF0FF3548
:1069200094BF0024033C05FA03F321EA0303A540C6
:1069300022EA0502A340002843EA0203ACBF00F1AB
:106940006040074A4FEA0313DBB2ABBF00F561407A
:1069500000F00F0080F80033135430BD00ED00E06C
:1069600014ED00E0002807DB01234109034A00F091
:106970001F00834042F82130704700BF00E100E073
:106980002DE9F3471F46894690460446FFF7A2F9D2
:106990000A9D3D442D1AFFF79DF98246254B1E683E
:1069A000C6F3CB366E4301962268936839EA030337
:1069B0000CBF01230023434501D100202EE07B1CA6
:1069C000F3D0FFF787F9A0EB0A00A84229D3236888
:1069D0005A6822F0E0025A606268B2F5827F0AD1FA
:1069E000A268B2F5004F02D0B2F5806F03D11A68E9
:1069F00022F040021A60A26AB2F5005F07D11A685D
:106A000022F400521A601A6842F400521A600123FC
:106A100084F851300023032084F8503002B0BDE8E0
:106A2000F087019A019B002A03F1FF3308BF154646
:106A30000193B9E70000002073B50B4600920D46A4
:106A40001646022101220446FFF79AFF024628B1AA
:106A5000636D032043F02003636507E02B4680212C
:106A600020460096FFF78CFF0028F1D102B070BDE0
:106A700037B50B4641680446B1F5827F18D181686D
:106A8000B1F5004F02D0B1F5806F11D12568B1F595
:106A9000806F286820F04000286009D10092012111
:106AA00000222046FFF76CFF30B9002003B030BD54
:106AB000009280210022F4E7636D032043F020035D
:106AC0006365F3E710B50446002851D0436A002BF4
:106AD0004AD14268B2F5827F00D0C3610023A3622D
:106AE00094F8513003F0FF0223B9204684F8502077
:106AF00004F0AEF90223226884F851301368A068CC
:106B000023F040031360636800F4044003F48273CD
:106B10000343E068A16900F400600343206900F0CA
:106B200002000343606900F00100034301F40070B8
:106B30000343E069090C00F038000343206A01F0C8
:106B4000040100F080000343A06A00F400500343F6
:106B500013605160D369002023F40063D3610123E3
:106B6000606584F8513010BD0023C0E90433B5E7F7
:106B70000120F8E72DE9F74304461F460D469046ED
:106B8000FFF7A8F894F851308146012BD8B240F0B5
:106B90009F80002D74D0B8F1000F71D094F8503060
:106BA000012B00F09580032384F8513000236365A6
:106BB000C4E91033A4F83680A363A387E387A368EE
:106BC0002668B3F5004F84F850002563A4F834809C
:106BD00007D1336823F040033360336843F48043C4
:106BE00033603368E2685B065EBF336843F040039E
:106BF0003360B2F5006F636845D113B1B8F1010F8E
:106C000007D135F8023BF3602563E38E013B9BB26D
:106C1000E386E38E9BB2D3B94A4639462046FFF756
:106C20000BFF002851D1A36833B901932368DA68B8
:106C300001929B680193019B012384F8513000234A
:106C4000606D84F85030C01A18BF012018E0226827
:106C50009368980705D5236B33F8021BD160236333
:106C6000D3E7FFF737F8A0EB0900B842D1D3791C7E
:106C7000CFD0012384F851300023032084F8503012
:106C800003B0BDE8F08313B1B8F1010F08D12B7840
:106C90003373236B01332363E38E013B9BB2E386A3
:106CA000E38E9BB2002BB7D023689A68920703D576
:106CB000226B12781A73ECE7FFF70CF8A0EB0900CF
:106CC000B842EDD37B1CEBD0D3E720236365AAE762
:106CD0000220D5E72DE9F74304460D4691461E46AE
:106CE000DDF82880FEF7F6FF94F851300746012BB7
:106CF0006268D9B20AD0B2F5827F40F0E580A3681D
:106D0000002B40F0E180042940F0DE80002D4BD0C4
:106D1000B9F1000F48D0002E46D094F85030012B26
:106D200000F0D280012384F8503094F85130C4F838
:106D30003890042B1CBF052384F851300023636571
:106D4000C4E910332368E687E6861968A6874906F2
:106D500058BF1968256358BF41F04001A68658BF47
:106D60001960E168B1F5006F55D10AB1012E07D164
:106D700035F8022BDA60E38E2563013B9BB2E38694
:106D80000125E38E9BB28BB9E38F9BB273B93A4670
:106D900041462046FFF750FE002800F08180202366
:106DA0006365002384F85030012031E021688B684E
:106DB0009A070DD5E38E9BB253B145B1236B33F8DF
:106DC000022BCA602363E38E013B9BB2E38600255E
:106DD0008A6812F001020CD0E38F9BB24BB11546CA
:106DE000C968A36B23F8021BA363E38F013B9BB22B
:106DF000E387FEF76FFFC01B4045C2D3B8F1FF3FEA
:106E0000BFD0012384F851300023032084F8503090
:106E100003B0BDE8F0830AB1012E08D12A781A73B5
:106E2000236B01332363E38E013B9BB2E386012591
:106E30002DE0226893689B070ED5E38E9BB25BB171
:106E40004DB1236B1B781373236B01332363E38EE4
:106E5000013B9BB2E38600252268916811F0010195
:106E60000DD0E38F9BB253B10D46D268A36B1A705D
:106E7000A36B0133A363E38F013B9BB2E387FEF770
:106E800029FFC01B404502D3B8F1FF3FB9D1E38EC3
:106E90009BB2002BCDD1E38F9BB2002BC9D176E7FB
:106EA000A36833B901932368DA6801929B68019360
:106EB000019B012384F851300023606D84F8503029
:106EC000C01A18BF0120A3E70220A1E72DE9F7436C
:106ED0001E4690F851300446012B89461746DDB214
:106EE00004D00225284603B0BDE8F0834368B3F51B
:106EF000827F0BD183684BB9042380F8513013464D
:106F000000960A46FFF7E6FE0546EBE7FEF7E2FECF
:106F10008046B9F1000FE5D0002FE3D094F850304F
:106F2000012BDED00123002584F850300423A26811
:106F300084F85130B2F5004F6565C4E91055E78714
:106F40002368C4F83890A7872563A586E58607D10E
:106F50001A6822F040021A601A6822F480421A600D
:106F60001A6855065EBF1A6842F040021A60E3686C
:106F7000F3B1E38F9BB2FBB123689A68D2073CD58B
:106F8000DA68A36B23F8022BA363E38F013B9BB268
:106F9000E387EEE723689A68D0071ED51B7BA26BB8
:106FA0001370A36B0133A363E38F013B9BB2E387B1
:106FB000E38F9BB2002BEDD1424631462046FFF7CE
:106FC00057FD18BB012384F851300023656D84F808
:106FD0005030ED1A18BF012584E7FEF77BFEA0EBC9
:106FE0000800B042E4D3711CE2D0012384F8513090
:106FF0000023032584F8503074E7FEF76BFEA0EB06
:107000000800B042B5D3731CB3D0EEE7202363650C
:10701000D8E7026802F10C0353E8003F23F49073B1
:107020000C3242E8003102680029F2D102F1140367
:1070300053E8003F23F0010302F1140C4CE8003147
:107040000029F3D1036B012B0BD102F10C0353E8A0
:10705000003F23F0100302F10C0C4CE80031002932
:10706000F3D1202380F842300023036370470000EF
:1070700010B504460368C1681A6922F440520A43F5
:107080001A6182680069D9680243606921F4B051CD
:1070900021F00C0102430A43DA605A69A16922F423
:1070A00040720A435A610E4A934215D1FFF798F88D
:1070B00019234343626820689200B3FBF2F3642211
:1070C000B3FBF2F102FB11331B013233B3FBF2F3DA
:1070D00003EB0113836010BDFFF772F8E8E700BF10
:1070E0000038014010B5044648B390F8413003F031
:1070F000FF021BB980F8402003F00AFF2423226816
:1071000084F84130D368204623F40053D360FFF75E
:10711000AFFF236800201A6922F490421A615A696D
:1071200022F02A025A61DA6842F40052DA6020231F
:10713000606484F8413084F84230606310BD0120FF
:10714000FCE790F84130202B10D189B182B1C28484
:1071500082840023212201620168436480F8412077
:10716000CA68184642F08002CA6070470220704721
:10717000012070477047704708B5406A03685A6934
:1071800090F84110212912D1120610D50022C28494
:1071900003F10C0252E8002F22F0C00203F10C0CA4
:1071A0004CE800210029F3D1202280F841205B69BE
:1071B00090F84220222A05D15B0603D50023C3851F
:1071C000FFF727FF436C43F01003436404F0C8FA51
:1071D00008BD08B50023406AC385C38404F0C0FA23
:1071E00008BD704710B50446226802F10C0353E84D
:1071F000003F23F490730C3242E8003123680029E9
:10720000F2D103F1140252E8002F22F0010203F13F
:10721000140040E800210029F3D1226B012A0BD190
:1072200003F10C0252E8002F22F0100203F10C00CF
:1072300040E800210029F3D15A6912F0400220D021
:1072400003F1140252E8002F22F0400203F114006F
:1072500040E800210029F3D1E06B48B10C4B4363B7
:10726000FFF7F6F910B1E06B436B9847002010BDB3
:107270002023E08584F8423020632046FFF7B1FFE9
:10728000F4E72023E28584F842302263F5E700BF6B
:107290009572000808B520220023406AC38580F853
:1072A00042200363FFF79DFF08BD08B50123406A34
:1072B0004363036B012B04D1818D490804F0FCF971
:1072C00008BDFFF758FFFBE708B503461B68406A97
:1072D0001B6813F0200337D1C385026802F10C0349
:1072E00053E8003F23F480730C3242E80031036816
:1072F0000029F2D103F1140252E8002F22F001021A
:1073000003F1140C4CE800210029F3D103F114021D
:1073100052E8002F22F0400203F1140C4CE8002147
:107320000029F3D1202280F84220026B012A0BD1E0
:1073300003F10C0252E8002F22F0100203F10C0CB2
:107340004CE800210029F3D100234363036B012B98
:1073500003D1818D04F0B0F908BDFFF70BFFFBE707
:1073600090F8423007B5222B42D181680268B1F50E
:10737000805F836A3FD1016900293FD15268C2F31F
:10738000080223F8022B8362C38D013B9BB2C385A5
:10739000002B2DD10268D16821F02001D160D16885
:1073A00021F48071D160516921F0010151612022E5
:1073B00080F842204363026B012A026828D10363EC
:1073C00002F10C0353E8003F23F0100302F10C0C10
:1073D0004CE800310029F3D11368DB0605D5019193
:1073E0001368019353680193019B818D04F064F944
:1073F00003B05DF804FB39B9016929B95268D2B20A
:107400001A70836A0133BEE7526802F07F02F7E721
:10741000FFF7B0FEECE70000036873B51A68044696
:107420001607D9685D6908D1960668D58D0666D5B8
:1074300002B0BDE87040FFF793BF05F0010001F412
:10744000907505435BD0D60705D5CD0542BF636C6B
:1074500043F001036364530704D518B1636C43F030
:1074600002036364960704D518B1636C43F0040308
:107470006364150707D501F0200303431EBF636C47
:1074800043F008036364636C002B32D0920604D58A
:107490008B0602D52046FFF763FF266820467369F6
:1074A000626C03F0400302F0080253EA020522D0A6
:1074B000FFF7AFFD73695E0618D5226802F1140369
:1074C00053E8003F23F04003143242E80031002922
:1074D000F3D1E06B50B1744B4363FFF7B9F840B19F
:1074E000E06B436B02B0BDE870401847204604F0E3
:1074F00037F902B070BD04F033F96564F9E7206B29
:10750000012840F09480D50640F19180C80640F1F2
:107510008E80002201921A6801925A680192019AA3
:107520005A6952064DD5E16B0A68526892B2002A38
:10753000DFD0A08D9042DCD9E2858A69202A36D03E
:1075400003F10C0252E8002F22F4807203F10C00C8
:1075500040E800210029F3D103F1140252E8002F82
:1075600022F0010203F1140040E800210029F3D1C8
:1075700003F1140252E8002F22F0400203F114003C
:1075800040E800210029F3D1202284F84220216321
:1075900003F10C0252E8002F22F0100203F10C005C
:1075A00040E800210029F3D1E06BFFF731F8022316
:1075B0006363E38DA18DC91A89B2204604F07CF87B
:1075C00097E7E28DE08DA18D80B292B2002890D035
:1075D000891A89B200298CD003F10C0252E8002FDD
:1075E00022F4907203F10C0545E800200028F3D145
:1075F00003F1140252E8002F22F0010203F11405F6
:1076000045E800200028F3D1202284F8422020639E
:1076100003F10C0252E8002F22F0100203F10C05D6
:1076200045E800200028F3D102236363C5E716066E
:1076300028D50D0626D594F84120212A7FF459AF8C
:10764000A168226AB1F5805F17D12169A9B932F822
:10765000021BC1F3080159602262E28C013A92B226
:10766000E284002A7FF445AFDA6822F08002DA6013
:10767000DA6842F04002DA603BE7511C216212787E
:107680005A60EAE750067FF534AF4A067FF531AF1E
:10769000DA68204622F04002DA60202384F8413084
:1076A00004F046F825E700BFD371000873B5134610
:1076B00082850025222204468162456480F84220AA
:1076C000C06B1D4A266882621C4AC2621C4AC0E91D
:1076D0000C250A46311DFEF75FFF236801951A68E5
:1076E00001925A680192019A22695AB103F10C027F
:1076F00052E8002F42F4807203F10C0040E80021B0
:107700000029F3D103F1140252E8002F42F00102E4
:1077100003F1140040E800210029F3D103F1140221
:1077200052E8002F42F0400203F1140141E800202A
:107730000028F3D102B070BDC9720008AB72000816
:107740007971000873B590F842600446202E22D16A
:1077500011B9012002B070BD002AFAD00123002522
:1077600003634563FFF7A2FF236B012BF1D122686E
:1077700001951368019353680193019B02F10C0377
:1077800053E8003F43F0100302F10C0444E80031D9
:107790000029F3D1DEE70220DCE708B580B1D0F89C
:1077A000B43213B10023C0F8B43209B1C0F8B0123A
:1077B0000123027080F89C3202F04AFE002008BDCE
:1077C0000220FCE719B1C0F8B41200207047022073
:1077D000704708B502F07CFE002008BD08B5D0F85F
:1077E000B43233B11B689847003818BF01204000FD
:1077F00008BD0220FCE708B5D0F8B4325B689847B2
:10780000002008BD38B500F52A750446284600F06A
:1078100007FB012394F8A812C4F89432B4F8AE32EE
:10782000C4F8983201F01F03012B08D0022B0BD0B3
:107830007BB92946204600F0FBF8002038BD2946D8
:10784000204600F03DFAF8E72946204600F05CFAB1
:10785000F3E7204601F0800102F058FEEDE770B535
:107860000446164639BBD0F89422032A1CD1D0E92D
:10787000585295420BD9AD1AAA423146C0F8605110
:107880008CBFAAB292B200F01FFB002070BDD0F8EE
:10789000B4321B6923B190F89C22032A00D1984787
:1078A000204600F019FBF0E7052AEED1C4F8941247
:1078B00002F02CFEE9E7D0F8B4329B692BB190F8C6
:1078C0009C22032A01D19847DFE70220DEE7F8B5C2
:1078D000044613460F46002949D1D0F89422022AC3
:1078E0003AD1D0E90856B54211D9AD1B1946056207
:1078F000AAB200F0D4FA3B461A461946204602F0D6
:107900003AFE94F8A032012B2DD00020F8BDC369B7
:10791000B3FBF6F506FB153565B99E420AD8D0F8DB
:107920009822934206D22A4600F0B9FA2B46C4F8B0
:107930009852E1E7D4F8B432DB682BB194F89C227A
:10794000032A01D1204698478021204602F0DEFD1F
:10795000204600F0CCFAD4E732F00403D1D18021E4
:1079600002F0D4FDCDE7002384F8A032CDE7D0F8B3
:10797000B4325B692BB190F89C22032A01D198475D
:10798000C3E70220C2E7002270B504460125402665
:107990001146402302F0A5FD3346802100222046F7
:1079A000C4F85851C4F8646102F09BFD0021D4F87A
:1079B000B832A561666284F89C52C4F89412616082
:1079C000C4F8A41223B1D4F8B43220465B689847B7
:1079D000002070BD01740020704790F89C3280F840
:1079E0009D32042380F89C320020704790F89C322E
:1079F000042B04BF90F89D3280F89C320020704721
:107A000008B590F89C22032A04D1D0F8B432DB697F
:107A100003B19847002008BD10B50446802102F04C
:107A200075FD2046BDE81040002102F06FBD00004A
:107A300037B50B78044603F06003202B0D4606D0C3
:107A4000402B04D063B12046FFF7E6FF05E0D4F8F1
:107A5000B432294620469B689847002003B030BDC9
:107A60004B78092BEFD801A252F823F06F7C000865
:107A7000A57C0008477A0008977C0008477A000830
:107A8000957B0008957A0008477A00083F7C00083B
:107A9000D77B00080023ADF806304B881A0A013A5C
:107AA000062AD0D801A151F822F000BFC97A0008F7
:107AB000ED7A0008077B0008477A0008477A00083B
:107AC0004B7B0008617B0008D0F8B0321B68207C3B
:107AD0000DF106019847BDF80620EB88002A54D026
:107AE000002B49D1204600F0F7F9B6E7027CD0F828
:107AF000B43232B99B6A0DF10600984702234370F5
:107B0000E9E7DB6AF7E7DBB2052B9CD8DFE803F097
:107B100003090D111519D0F8B0325B68002BD6D1CE
:107B200091E7D0F8B0329B68F8E7D0F8B032DB6864
:107B3000F4E7D0F8B0321B69F0E7D0F8B0325B69F7
:107B4000ECE7D0F8B0329B69E8E7037C002B7FF4C8
:107B50007AAFD0F8B4320DF106005B6B9847BAE704
:107B6000037C002B7FF46FAFD0F8B4320DF1060028
:107B70001B6B98470723C2E79A4228BF1A46014663
:107B80002046ADF8062000F07DF9EB88002B7FF44D
:107B900064AFA7E78B88002B7FF455AFCB88002B11
:107BA0007FF451AF4D887F2D3FF64DAF90F89C325A
:107BB000032B3FF448AFEDB2294680F89E5202F005
:107BC000C8FC204600F088F91DB1022384F89C32DD
:107BD00043E70123FAE78978384D012929703FF6F8
:107BE00032AF90F89C32022B08D0032B15D0FFF750
:107BF00013FF20462978FFF7FEFD2EE700293FF40A
:107C000071AF01210323416080F89C322046FFF7C9
:107C1000E5FD02287FF466AF15E731B90223416024
:107C200080F89C32FFF7E7FD5CE7416801293FF4EB
:107C300059AFC9B2FFF7DFFD29786160E6E7CA886E
:107C4000012A7FF400AF90F89C32022B0AD8002B57
:107C50003FF4F9AE0146002341F8083F204600F00A
:107C600011F9FAE6032B7FF4EEAE011DF6E790F86A
:107C70009C32013B022B3FF6E6AECA88022A7FF413
:107C8000E2AED0F8A4320146002B0CBF012303233F
:107C900041F80C3FE2E74B88012B7FF4DEAEC4F8DD
:107CA000A4321FE790F89C32013B022B3FF6CBAE8B
:107CB0004B88012B7FF4D1AE0023F0E708020020AF
:107CC00038B50B78044603F060025B060D4601D51B
:107CD000402A15D194F89C32013B022B10D82B7905
:107CE000012B0DD8D4F8B43229469B68204698471A
:107CF000EB881BB910B9204600F0EEF8002038BD23
:107D00002046FFF789FEF9E738B50A78044602F005
:107D10006002202A0B468D8806D0402A04D05AB132
:107D20002046FFF779FE05E0D4F8B4221946204634
:107D300092689047002038BD5A78E9B2012A35D0C0
:107D4000032A21D0002AEBD190F89C32022B44D098
:107D5000032BE5D1142201F00F0315F0800F02FB75
:107D600003034BD09B69002BDAD0142501F07F036D
:107D700003FB0555802905444BD0204602F0D8FB73
:107D800000284BD0012345E090F89C22022A1BD00A
:107D9000032AC5D15A882AB94A0603D0DB880BB911
:107DA00002F0B4FB204600F097F8C3E790F89C225D
:107DB000022A09D0032AB3D15B88002BBAD14D0621
:107DC000F0D002F0ACFBEDE74B06A9D002F09EFB31
:107DD0008021204602F09AFBACE74A06A0D12B0690
:107DE0004FF000034FF002024CBF00F1140100F508
:107DF000AA710B60204600F045F89BE7D3F8583194
:107E0000002B8DD0142505FB010505F5AA75002969
:107E1000B3D100232B6002222946EBE72860FAE762
:107E20000B7803704B7843704B8843808B8883803A
:107E3000CB88C380704710B50446802102F066FBF2
:107E40002046BDE81040002102F060BB70B50D4631
:107E50001646044670B1FCF7FFF9C3B201335B006C
:107E600033802B70032300206B700223013C14F835
:107E7000011F01B970BD5A1CE954D2B20233DBB202
:107E8000A854F4E71346022210B5C0E90733C0F83E
:107E900094220A46002102F065FB002010BD08B5BF
:107EA00013460A46002102F05DFB002008BD134680
:107EB000032210B5C0E95733C0F894220A460021C6
:107EC00002F059FB002010BD08B513460A460021F8
:107ED00002F051FB002008BD08B50423C0F894321D
:107EE00000231A46194602F03DFB002008BD08B5E4
:107EF0000523C0F8943200231A46194602F03BFBD2
:107F0000002008BDD0F8BC3210B56BB1D0F8B84233
:107F100094F80002FF2807D09B68214694F80122BC
:107F20009847FF2384F80032002010BD43230380CC
:107F300000487047500000204323038000487047EA
:107F40009400002043230380004870470C00002069
:107F50000A230380004870471001002038B504460A
:107F6000D0F8B85202F010FBD4F8B832C5F80C02C1
:107F70004BB1D4F8BC32D5F80402DB6805F50371C7
:107F80009847002038BD0220FCE7F8B5D0F8B86269
:107F9000CEB1142202FB0102D369D0F8C05273B1F2
:107FA000282707FB0154246AB3FBF4F504FB1533BF
:107FB0002BB9D3611A4602F0D5FA0020F8BD002390
:107FC000C6F81432F9E70220F8E70023F7B50F7876
:107FD0008DF80530ADF8063017F0600304460D4605
:107FE000D0F8B86222D0202B3AD1CA884B78BAB1E7
:107FF00039060BD5D0F8BC1218468F683146B84701
:1080000031462046EA88FFF73DFF06E0314686F814
:10801000003286F80122FFF74AFF002003B0F0BDCE
:10802000D0F8BC0284681846A047F6E74B780A2BC4
:108030000AD00B2B10D09BB990F89C32032B0FD198
:1080400002220DF10601DEE790F89C32032B07D1E6
:1080500001220DF10501D6E790F89C32032BDCD00C
:1080600020462946FFF7E7FE0220D7E738B5044649
:108070000025812102F041FA01212046E56202F04B
:108080003CFA82212046C4F86C5102F036FAD4F84A
:10809000B83225644BB1D4F8BC325B689847D4F849
:1080A000B80202F079FAC4F8B852002038BD70B5B1
:1080B000037C0446A3BB4FF400738121022202F02B
:1080C00010FA01214FF40073E162012502222046DB
:1080D00002F007FA0823032282212046C4F86C51DB
:1080E00002F0FFF94FF40770256402F051FA0646DA
:1080F000C4F8B802F8B1D4F8BC321B689847002322
:10810000C6F81432C6F81832237C93B94FF40073C2
:1081100029462046D6F8042202F02DFA002070BD30
:1081200040238121022202F0DCF901214023E16297
:10813000CBE74023ECE72846F1E719B1C0F8BC12C1
:108140000020704702207047D0F8B8320020C3F8F2
:108150000812C3F810227047D0F8B8320020C3F8D4
:1081600004127047D0F8B82210B582B1D2F8144288
:10817000012374B9C2F81432D2F81032812103639A
:10818000D2F808229BB202F0EDF9204610BD022081
:10819000FCE71846FAE7D0F8B82208B562B1037CCC
:1081A000D2F8042233B94FF40073012102F0E3F94D
:1081B000002008BD4023F8E70220FAE74FF0FF3225
:1081C00000F10803C0E90223436003610023036058
:1081D000704700230361704743689A684B608A6068
:1081E000516099600368086101330360704730B5DE
:1081F0000C68631C0AD103695A684A6091608B60FD
:108200005960036808610133036030BD00F1080262
:10821000134652681568A542FAD9EDE70369D0E91B
:1082200001128A6051605968814208BF5A60002279
:1082300002611A68013A1A601868704710B504465E
:1082400001F098FFA46B01F0B5FFB4FA84F0400987
:1082500010BD70B51646026C0446856B42B90668BF
:108260009EB9806801F0CCF8A6600135A56370BDA9
:108270006EB9406808F03FFC6368226C1344A26842
:108280006360934224BF236863600020EDE7C06809
:1082900008F031FC226CE36851429B1A2268E360CB
:1082A00093423EBFA3685B18E360022EEDD10DB18F
:1082B000013DEAE72846D8E703461A6C084610B4A1
:1082C00062B1DC68996814448C4228BF1968DC608C
:1082D00028BFD960D96810BC08F00DBC10BC70472D
:1082E00070B5044601F046FF94F8455004F12406A9
:1082F0006DB2002D01DD636AB3B9FF2384F8453008
:1083000001F058FF01F036FF94F8445004F11006D4
:108310006DB2002D01DD23697BB9FF2384F8443061
:10832000BDE8704001F046BF304600F087FF08B15D
:1083300001F00CF8013D6DB2DBE7304600F07EFF46
:1083400008B101F003F8013D6DB2E2E738B50D4622
:10835000044640B94FF0500383F31188BFF36F8F89
:10836000BFF34F8FFEE701F005FFD4E90F314B4318
:108370002268D0185B1AA060626000201A44FF23B4
:10838000A063E26084F8443084F84530A5B92369DD
:1083900073B104F1100000F051FF48B14FF0E02339
:1083A0004FF08052C3F8042DBFF34F8FBFF36F8F90
:1083B00001F000FF012038BD04F11000FFF7FEFEC0
:1083C00004F12400FFF7FAFEF2E737B50D461C462C
:1083D00040B94FF0500383F31188BFF36F8FBFF3A1
:1083E0004F8FFEE743B94FF0500383F31188BFF37B
:1083F0006F8FBFF34F8FFEE74AB191B94FF0500333
:1084000083F31188BFF36F8FBFF34F8FFEE741B146
:108410004FF0500383F31188BFF36F8FBFF34F8F7B
:10842000FEE750230193019B502B08D04FF05003DF
:1084300083F31188BFF36F8FBFF34F8FFEE70121E6
:10844000002D08BF2246C4E90F0584F846102046D7
:108450002260019BFFF77AFF20469DF8183084F8D0
:108460004C3003B030BD2DE9FF410F461E46044697
:10847000019240B94FF0500383F31188BFF36F8F1F
:10848000BFF34F8FFEE751B9036C43B14FF0500378
:1084900083F31188BFF36F8FBFF34F8FFEE7022E78
:1084A0000BD1E36B012B08D04FF0500383F31188FD
:1084B000BFF36F8FBFF34F8FFEE700F053FF05460A
:1084C00020B300254FF0000801F054FEA26BE36BCF
:1084D0009A4227D2324639462046FFF7BAFE636AEF
:1084E0001BB104F1240000F0A9FE48B14FF0E023D5
:1084F0004FF08052C3F8042DBFF34F8FBFF36F8F3F
:1085000001F058FE012004B0BDE8F081019B002B72
:10851000D8D04FF0500383F31188BFF36F8FBFF3B0
:108520004F8FFEE7022ED5D0019B1BB901F042FE12
:108530000020E8E715B902A800F0C0FE01F03AFEFD
:1085400000F0B2FC01F016FE94F84430FF2B08BF97
:1085500084F8448094F84530FF2B08BF84F84580A8
:1085600001F028FE01A902A800F0B4FE38BB01F01A
:1085700001FEA26BE36B9A420ED101F01BFE019942
:1085800004F1100000F020FE2046FFF7A9FE00F0E5
:1085900031FD48B1012597E701F00CFE2046FFF7B9
:1085A0009FFE00F027FDF5E74FF0E0234FF08052EB
:1085B000C3F8042DBFF34F8FBFF36F8FEAE7204658
:1085C000FFF78EFE00F016FDB2E7002213B50B4652
:1085D000009011460120FFF7F8FE044638B1002351
:1085E0001A46194683600360C360FFF73CFF2046CC
:1085F00002B010BD38B5044640B94FF0500383F3C4
:108600001188BFF36F8FBFF34F8FFEE7856800F0CF
:10861000A3FE85420BD1E368013BE3600BB101206F
:1086200038BD1A4619462046FFF71DFFF7E7002020
:10863000F6E770B50646502001F070FC044698B18C
:108640000025012180F84650C0E90F150060FFF7B2
:108650007DFE2B462A462946204684F84C60A560BC
:108660002560E560FFF7FFFE204670BD2DE9F84369
:10867000894617461E46044640B94FF0500383F31F
:108680001188BFF36F8FBFF34F8FFEE751B9036CB3
:1086900043B14FF0500383F31188BFF36F8FBFF3E3
:1086A0004F8FFEE7022E0BD1E36B012B08D04FF06A
:1086B000500383F31188BFF36F8FBFF34F8FFEE733
:1086C00001F030FEEFF311884FF0500383F311886F
:1086D000BFF36F8FBFF34F8FA26BE36B9A4201D34F
:1086E000022E1ED194F845503246494620466DB2BE
:1086F000A36BFFF7AEFD6B1C0ED1636A3BB104F1B7
:10870000240000F09BFD10B10FB101233B6001205C
:1087100088F31188BDE8F88301356DB284F84550BF
:10872000F5E70020F4E72DE9FF410E4604460192EB
:1087300040B94FF0500383F31188BFF36F8FBFF33D
:108740004F8FFEE751B9036C43B14FF0500383F3F1
:108750001188BFF36F8FBFF34F8FFEE700F002FE6B
:10876000054618B300254FF0000801F003FDA76B84
:1087700047B331462046013FFFF79EFDA7632369BB
:1087800073B104F1100000F059FD48B14FF0E0233F
:108790004FF08052C3F8042DBFF34F8FBFF36F8F9C
:1087A00001F008FD012004B0BDE8F081019B002B21
:1087B000D9D04FF0500383F31188BFF36F8FBFF30D
:1087C0004F8FFEE7019B1BB901F0F4FC0020EAE7A4
:1087D00015B902A800F072FD01F0ECFC00F064FB9A
:1087E00001F0C8FC94F84430FF2B08BF84F84480A3
:1087F00094F84530FF2B08BF84F8458001F0DAFC7F
:1088000001A902A800F066FD00BB2046FFF716FD97
:10881000B0B1019904F1240000F0D6FC2046FFF726
:108820005FFD00F0E7FB48B94FF0E0234FF08052C6
:10883000C3F8042DBFF34F8FBFF36F8F012594E76B
:108840002046FFF74DFD00F0D5FBF7E72046FFF788
:1088500047FD00F0CFFB2046FFF7F0FC0028EDD0ED
:10886000B4E7F0B585B00446019140B94FF050032C
:1088700083F31188BFF36F8FBFF34F8FFEE7056C53
:1088800045B14FF0500383F31188BFF36F8FBFF3EF
:108890004F8FFEE700F066FD064620B32E46002708
:1088A00001F068FCA36B53B3013BA363236813B9C6
:1088B00000F036FEA060236973B104F1100000F0EF
:1088C000BDFC48B14FF0E0234FF08052C3F8042DB7
:1088D000BFF34F8FBFF36F8F01F06CFC012005B029
:1088E000F0BD3546DBE7019B002BFAD04FF050037B
:1088F00083F31188BFF36F8FBFF34F8FFEE7019BA8
:1089000053B9002D66D04FF0500383F31188BFF3A5
:108910006F8FBFF34F8FFEE716B902A800F0CEFCB1
:1089200001F048FC00F0C0FA01F024FC94F8443057
:10893000FF2B08BF84F8447094F84530FF2B08BF24
:1089400084F8457001F036FC01A902A800F0C2FCD1
:1089500050BB2046FFF772FC00B323683BB901F01F
:1089600009FCA06800F00EFD054601F023FC01990A
:1089700004F1240000F028FC2046FFF7B1FC00F0D1
:1089800039FB48B94FF0E0234FF08052C3F8042D73
:10899000BFF34F8FBFF36F8F012681E72046FFF7AC
:1089A0009FFC00F027FBF7E72046FFF799FC00F05B
:1089B00021FB2046FFF742FC0028EDD065B101F015
:1089C000D9FB616A19B1236B1968C1F13801A0683C
:1089D00000F058FD01F0EEFB002080E770B50D4679
:1089E000044640B94FF0500383F31188BFF36F8FF3
:1089F000BFF34F8FFEE7866800F0AEFC864204D1DD
:108A00000120E3680133E36070BD29462046FFF78B
:108A100028FF0028F8D0E3680133E360F4E70000A2
:108A2000002330B5064A52F8335002EBC3041DB997
:108A300042F83310606030BD0133082BF3D1FAE700
:108A40000C02002070B504460D46164601F092FB5C
:108A500094F84430FF2B04BF002384F8443094F88A
:108A60004530FF2B04BF002384F8453001F0A2FB02
:108A7000A36B2BB93246294604F1240000F0BEFB5B
:108A80002046BDE87040FFF72BBC00002DE9F04107
:108A9000044601F06FFB304B304E1A68304F013204
:108AA0001A603568002D4BD134601B68012B1FD133
:108AB000B84640460135FFF781FB382D08F1140810
:108AC000F7D1DFF8A080284D4046FFF777FB284616
:108AD000FFF774FB2548FFF771FB2548FFF76EFB96
:108AE0002448FFF76BFB244BC3F80080234B1D6029
:108AF0001420234A136801331360224A6364116807
:108B0000E36A8B4200FB037004F1040188BF136029
:108B1000FFF762FB01F04EFB1B4B1B6873B1336820
:108B2000DA6AE36A9A4209D24FF0E0234FF08052AA
:108B3000C3F8042DBFF34F8FBFF36F8FBDE8F081F3
:108B4000114B1A68E36A002AD2D13268D26A9A427B
:108B500098BF3460CCE700BF7002002044070020BB
:108B6000E4020020D0020020BC020020A00200206D
:108B70008C02002074020020B8020020B402002001
:108B8000540200206802002064020020F8B5064666
:108B9000144B154D1C6828680F460430FFF73EFB48
:108BA000731C07D137B1296810480431BDE8F8407B
:108BB000FFF712BB2B68A4195C6007D30C4B186835
:108BC0002968BDE8F8400431FFF711BB094B18686C
:108BD00029680431FFF70BFB074B1A68A24288BFD4
:108BE0001C60F8BD6C0200204407002074020020C5
:108BF000B4020020B802002050020020064A136888
:108C00001968064B19B94FF0FF321A6070471268A5
:108C1000D268D2685268F8E7B802002050020020FB
:108C200010B590F8593004463BB9006B01F010FACA
:108C30002046BDE8104001F00BBA012BF9D0022B01
:108C400008D04FF0500383F31188BFF36F8FBFF349
:108C50004F8FFEE710BD000080B5134C134F144D2D
:108C6000236873B9134B1B68012BF8D94FF0E0232D
:108C70004FF08052C3F8042DBFF34F8FBFF36F8FB7
:108C8000EDE701F077FAFB68DE68301DFFF7C6FA02
:108C90002B68013B2B602368013B236001F08AFABB
:108CA0003046FFF7BDFFDBE7880200208C02002082
:108CB00070020020E40200202DE9F0470D46DDE9B6
:108CC0000994960032460746A521206B984607F086
:108CD00086FE236B043E1E4426F00706A5B36B1EDA
:108CE00004F133020F3513F8011F02F8011F09B117
:108CF000AB42F8D1002384F84330089D4FF0000ABE
:108D0000372D28BF3725201DE562E564C4F850A043
:108D1000FFF75FFAC5F1380504F11800FFF759FABB
:108D2000C4F854A04246394630462461A5616462C5
:108D300084F858A001F0FAF92060B9F1000F01D0D1
:108D4000C9F80040BDE8F08784F83450D5E770B525
:108D500086B0DDE90B5445B94FF0500383F3118819
:108D6000BFF36F8FBFF34F8FFEE744B94FF050034F
:108D700083F31188BFF36F8FBFF34F8FFEE75C263D
:108D80000596059E5C2E08D04FF0500383F31188A2
:108D9000BFF36F8FBFF34F8FFEE72563022584F883
:108DA000595004AD01950A9D02940095059EFFF768
:108DB00083FF2046FFF76AFE049806B070BD2DE9D8
:108DC000F043074685B0900088461646994601F064
:108DD000A5F8054620B94FF0FF3005B0BDE8F08397
:108DE0005C2001F09BF8044698B1002380F85930CC
:108DF0000D9B056301930C9B324641460290009304
:108E000038464B46FFF758FF2046FFF73FFE01204C
:108E1000E3E7284601F01CF9DDE7000010B5002467
:108E200088B007AA06A905A8CDE9054401F038F8DD
:108E3000059B079A0293069B1649CDE90043164805
:108E40002346FFF784FF18B300F008FD012814D172
:108E50004FF0500383F31188BFF36F8FBFF34F8F31
:108E60004FF0FF320D4B1A600D4B18600D4B1C601C
:108E700008B0BDE8104001F0FDB9013008D14FF055
:108E8000500383F31188BFF36F8FBFF34F8FFEE75B
:108E900008B010BD863A0108598C00085002002025
:108EA000640200206C020020024A13680133136040
:108EB000704700BF4C020020014B1868704700BF8C
:108EC0006C020020404B2DE9F74F1B68002B73D13B
:108ED0003E4B1C6801341C60BCB93D4B1A681268DB
:108EE00042B14FF0500383F31188BFF36F8FBFF38C
:108EF0004F8FFEE7374A1968106818601160364ACC
:108F0000136801331360FFF779FE344D4FF0000B07
:108F10002B68334E9C42334F12D214213A68D26AE6
:108F20004A43B258022A304A28BF4FF0010B126858
:108F3000002A18BF4FF0010B584603B0BDE8F08F70
:108F4000DFF88C90DFF8A4A0D9F8002012681AB9D5
:108F50004FF0FF322A60E0E7D9F80020D268D2F85B
:108F60000C80D8F804108C4201D22960D5E708F1B2
:108F7000040318460193FFF751F9D8F8281019B1E6
:108F800008F11800FFF74AF91423D8F82C00DAF892
:108F90000010884288BFCAF8000008F1040103FBF2
:108FA0000060FFF719F93868D8F82C10C26A9142AE
:108FB00028BF4FF0010BC7E70D4A4FF0000B1368B5
:108FC00001331360B8E700BF4C0200206C020020A0
:108FD000B8020020B40200205802002050020020F5
:108FE000E4020020440700205C0200206802002008
:108FF000600200202DE9F041304C236843B94FF066
:10900000500383F31188BFF36F8FBFF34F8FFEE7D9
:1090100001F0B0F82368013B236024682CB10024E0
:1090200001F0C8F82046BDE8F081254B1B68002BF5
:10903000F5D0244D244EDFF894801DE0EB68DC6809
:10904000271D04F11800FFF7E9F83846FFF7E6F8A6
:109050001420E36A326800FB03809342394688BFDC
:109060003360FFF7B9F81A4BE26A1B68DB6A9A4271
:1090700002D30122174B1A602B68002BDED10CB1F2
:10908000FFF7BCFD144D2C6844B10127114EFFF7CA
:1090900019FF00B13760013CF9D12C600D4B1B6802
:1090A000002BBCD04FF0E0234FF08052C3F8042DCA
:1090B000BFF34F8FBFF36F8F0124B1E74C02002045
:1090C00070020020A002002068020020E4020020BC
:1090D000440700205C0200206002002008B550B95F
:1090E0004FF0E0234FF08052C3F8042DBFF34F8FB1
:1090F000BFF36F8F08BD0A4B196841B14FF05003A1
:1091000083F31188BFF36F8FBFF34F8FFEE7FFF735
:10911000CBFEFFF73BFDFFF76DFF0028E0D0E9E74E
:109120004C020020F8B5234B1A68234B12B10122E0
:109130001A60F8BD214C1A6023681B6B1A68B2F1E3
:10914000A53F0BD15A68B2F1A53F07D19A68B2F199
:10915000A53F03D1DB68B3F1A53F04D020682168A7
:10916000343101F033FE1427154E1649326807FBDF
:1091700002F3CD58C8188DB1456808336D680B44AB
:109180009D4208BF6B68456008BF4360142303FB22
:1091900002114B68DB6823603260CAE742B94FF0C6
:1091A000500383F31188BFF36F8FBFF34F8FFEE738
:1091B000013ADCE74C0200205C020020440700205A
:1091C00068020020E402002010B50C4640B94FF0C0
:1091D000500383F31188BFF36F8FBFF34F8FFEE708
:1091E000054B19681831FFF702F82046BDE810401A
:1091F0000121FFF7CBBC00BF4407002038B50D4666
:10920000144640B94FF0500383F31188BFF36F8FBA
:10921000BFF34F8FFEE7084B19681831FEF7DCFFEC
:10922000002C214608BF2846BDE8384018BF4FF043
:10923000FF30FFF7ABBC00BF4407002038B5C36860
:10924000DC6844B94FF0500383F31188BFF36F8F8C
:10925000BFF34F8FFEE704F118052846FEF7DEFF47
:10926000104B1B68DBB9251D2846FEF7D7FF0E4AB9
:1092700014201168E36A8B42294688BF13600B4AA9
:1092800000FB0320FEF7A8FF094BE26A1B68DB6ABC
:109290009A4285BF0120074B0020186038BD29463F
:1092A0000548EFE74C02002068020020E40200209D
:1092B000440700205C020020A0020020034B1B6832
:1092C0000360034B1B684360704700BF58020020D7
:1092D0006C02002070B50C46054640B94FF05003B3
:1092E00083F31188BFF36F8FBFF34F8FFEE741B950
:1092F0004FF0500383F31188BFF36F8FBFF34F8F8D
:10930000FEE700F037FF0F4B196823685A1C10D096
:109310000D482E6800686A68864201D08A420FD9DB
:10932000881A83420AD95B1A134428462360FFF740
:10933000C5FF002400F03EFF204670BD00232360DF
:109340000124F7E76C020020580200200122014BA3
:109350001A6070475C020020014B1868704700BF1C
:1093600044070020054B1B6833B1054B1868B0FA61
:1093700080F04009400070470120704764020020DF
:109380004C020020F8B5044638B31A4DC36A2A6867
:10939000D26A934226D28269174E002AA1BF2A6858
:1093A000D26AC2F138028261142202FB036342696D
:1093B0009A4213D1071D3846FEF730FF14202B6860
:1093C0000E4ADB6A116800FB03608B42E362394698
:1093D00088BF1360FEF700FF0120F8BD2B68DB6A31
:1093E000C362F9E72B68C06CDB6A98422CBF00208F
:1093F0000120F2E744070020E40200206802002078
:1094000038B508B9002038BD1B4B1C68844208D011
:109410004FF0500383F31188BFF36F8FBFF34F8F6B
:10942000FEE7236D43B94FF0500383F31188BFF378
:109430006F8FBFF34F8FFEE7E16AE26C013B914211
:109440002365DFD0002BDDD1251D2846FEF7E6FE83
:109450001420E36CC3F13802A261084AE362116888
:109460008B4288BF1360064A294600FB0320FEF7A3
:10947000B3FE0120C7E700BF4407002068020020B8
:10948000E402002070B50446002841D0026D42B9C4
:109490004FF0500383F31188BFF36F8FBFF34F8FEB
:1094A000FEE7C36C994238BF1946C36A8B422FD07E
:1094B000012A2DD1174A1268824208D14FF0500379
:1094C00083F31188BFF36F8FBFF34F8FFEE782697D
:1094D000114D002A4FF0140202FB03534269C1628E
:1094E000A4BFC1F1380181619A4211D1061D3046F5
:1094F000FEF794FE1420094AE36A116800FB03504A
:109500008B423146BDE8704088BF1360FEF764BEF1
:1095100070BD00BF44070020E40200206802002064
:10952000044B1A681AB119680A6D01320A65186885
:10953000704700BF440700202DE9F0411F4C1E4634
:1095400080460F46154600F015FE236893F8583004
:10955000022B16D001212268536D23EA08035365BC
:10956000236883F8581066B13046FFF70FFB4FF0C1
:10957000E0234FF08052C3F8042DBFF34F8FBFF3A9
:109580006F8F00F017FE00F0F5FD15B123685B6DDD
:109590002B60236893F85830022B03BF2268012503
:1095A000536D002504BFBB4353650022236883F835
:1095B000582000F0FFFD2846BDE8F0814407002058
:1095C000F8B50D4616461F46044640B94FF0500305
:1095D00083F31188BFF36F8FBFF34F8FFEE700F067
:1095E000C9FD0FB1636D3B60022294F8583084F8D6
:1095F0005820DBB2042E2CD8DFE806F0060324291D
:109600002700626D2A436265012B3ED1251D284645
:10961000FEF704FE1420204AE36A11688B4288BFDB
:1096200013601E4A294600FB0320FEF7D5FDA36AFE
:10963000DBB14FF0500383F31188BFF36F8FBFF39B
:109640004F8FFEE7626D0132DDE7022B22D06565A8
:10965000DAE7626D0132D7D04FF0500383F31188FF
:10966000BFF36F8FBFF34F8FFEE70D4BE26A1B68AE
:10967000DB6A9A4209D94FF0E0234FF08052C3F8D9
:10968000042DBFF34F8FBFF36F8F012400F092FDC5
:109690002046F8BD0024F9E768020020E40200201B
:1096A000440700202DE9F843DDF820800D461646DA
:1096B0001F46044640B94FF0500383F31188BFF3AF
:1096C0006F8FBFF34F8FFEE700F02CFEEFF3118991
:1096D0004FF0500383F31188BFF36F8FBFF34F8FA9
:1096E0000FB1636D3B60022294F8583084F8582023
:1096F000DBB2042E1BD8DFE806F0060313181600B1
:10970000626D2A436265012B3FD1A36ADBB14FF042
:10971000500383F31188BFF36F8FBFF34F8FFEE7C2
:10972000626D0132EEE7022B38D06565EBE7626DC2
:109730000132E8D04FF0500383F31188BFF36F8FED
:10974000BFF34F8FFEE7164B1B681BBB251D28463A
:10975000FEF764FD134A14201168E36A8B42294620
:1097600088BF1360104A00FB0320FEF735FD0F4B46
:10977000E26A1B68DB6A9A4207D90123B8F1000F3D
:1097800001D0C8F800300A4A1360012089F311881B
:10979000BDE8F883074804F11801E6E70020F5E783
:1097A0004C02002068020020E40200204407002050
:1097B0005C020020A0020020914208B541600061D7
:1097C0000AD8D21A83699A420DD2084B011D186833
:1097D000FEF70DFD002008BD9A4201D2994202D247
:1097E000034B011DF3E70120F5E700BF440800200B
:1097F00048080020F7B5114C00F0BCFC2568BDB945
:109800000F4F104E3846FEF7D9FC3046FEF7D6FC17
:109810000D4B10211F600D4B0A201E600C4A0D4B92
:109820000095FEF7D2FD206010B10B49FFF7F8F864
:1098300003B0BDE8F04000F0BDBC00BF4008002010
:10984000600800204C080020480800204408002040
:1098500098070020480700208B3A010810B588B00F
:10986000FFF7C8FF124B1B68B3B1002407AA06A973
:1098700005A8CDE9054400F01FFB059B079A02935C
:10988000069B0C49019302230B4800932346FFF7E4
:109890005EFA0A4B186040B94FF0500383F3118809
:1098A000BFF36F8FBFF34F8FFEE7012008B010BDED
:1098B00040080020903A0108BD9900083C080020AB
:1098C0007FB5164604461A4640B94FF0500383F35D
:1098D0001188BFF36F8FBFF34F8FFEE70D4D2868E0
:1098E00080B10529CDE9001602940DDCFFF73AFDA1
:1098F0000023022818BF1A46694608BF089A28683C
:10990000FEF7B1FD04B070BD00236946FEF7AEFE60
:10991000F8E700BF400800202DE9F3470646FFF7AF
:10992000CBFADFF88C800546D8F80030834209D99D
:10993000204F3B681A686AB91F4A11681360396082
:10994000012300E0002328463360C8F8005002B02D
:10995000BDE8F087DB68DC68D3F8009004F1040A06
:109960005046FEF75BFC236A2046984794F828305F
:109970005B07DED5A3694B44994506D2514638684A
:1099800063602461FEF733FCD3E700234A4619469F
:1099900020460093FFF794FF0028CAD14FF05003F0
:1099A00083F31188BFF36F8FBFF34F8FFEE700BFC4
:1099B0003808002048080020440800202DE9F04322
:1099C0006E4D6F4E89B02B68D3F80080B8F1000F50
:1099D00035D00024DB68D3F80080FFF765FA04A8CF
:1099E000FFF79AFF049B8146002B69D1002C4CD1D4
:1099F000404550D3FFF7FEFA2B68DB68DF68381D5F
:109A0000FEF70CFC97F8283058071AD5B969434679
:109A10004A4638464144FFF7CFFEB0B1234642469E
:109A2000214638460094FFF74BFF70B94FF05003C2
:109A300083F31188BFF36F8FBFF34F8FFEE70124CD
:109A4000CBE723F0010387F8283038463B6A984774
:109A50000022306804A9FEF766FE0028B3D0049BFC
:109A60000698002B2FDB069C6369002B32D103A8DC
:109A7000FFF752FF049B0246092BE9D8DFE803F009
:109A80002E2E2E575E762E2E575E3E4B1B681C6880
:109A9000B4FA84F4640922463068A8EB0901FEF7A1
:109AA000D1FFFFF7A7FA0028D2D14FF0E0234FF003
:109AB0008052C3F8042DBFF34F8FBFF36F8FC7E7FA
:109AC000FFF798FAC4E7059B07999847049B002B7A
:109AD000BEDBC8E7201DFEF7A1FBC8E794F82830DD
:109AE000A16943F0010384F82830059B20461944FE
:109AF000FFF762FE0028ABD0236A2046984794F80F
:109B000028305907A4D50023A269059920460A44A4
:109B100000931946FFF7D4FE002899D14FF0500367
:109B200083F31188BFF36F8FBFF34F8FFEE794F875
:109B3000283023F0010384F8283089E794F828308E
:109B400043F0010384F828300599A16141B94FF031
:109B5000500383F31188BFF36F8FBFF34F8FFEE77E
:109B6000034601442046FFF727FE71E794F82830AA
:109B70009A07DED4204600F06BFA69E74808002017
:109B8000400800204408002008B54FF0E0231B697E
:109B9000FFF7E8FB012803D0BDE8084000F042BB16
:109BA00008BD0000EFF305832BB9064B186828B9F0
:109BB00001221A6070476FF0050070474FF0FF30C8
:109BC000704700BF2C0F002010B5EFF305845CB97F
:109BD000084B1A68012A0AD1074AD47702221A6070
:109BE000FFF71CF9204610BD6FF00500FBE74FF0B2
:109BF000FF30F8E72C0F002000ED00E0F0B5144630
:109C0000002287B00B460592EFF30582FAB9F0B156
:109C100054B3A56925B1691E372902D9002017E080
:109C200018256268D207F9D466699EB1B208216826
:109C3000D4E9027C87B1BCF15B0F08D9246934B147
:109C40002EB1CDE901470095FFF781F80590059801
:109C500007B0F0BD8022EAE7BCF1000FF7D124691C
:109C6000002CF4D10C4601E01825802205A9CDE98D
:109C7000005192B22146FFF7A2F801281CBF002331
:109C80000593E4E730B5044685B008B1002905DA4C
:109C90006FF003030293029805B030BD4FF0FF331D
:109CA0000293EFF30585E5B1002503AB0122009394
:109CB0002B460395FFF7F6FC02AB2A4629462046C1
:109CC0000095FFF7EFFC039B002BE4D04FF0E0235F
:109CD0004FF08052C3F8042DBFF34F8FBFF36F8F47
:109CE000D9E72B460122FFF76BFC2A46294620467E
:109CF00002ABFFF765FCCEE72DE9F34706460F46BA
:109D00009046EFF30584002C3CD100283DDB11F098
:109D1000020F0CBF82464FF0000AFFF7CDF8454610
:109D2000814607F001072B465146002001AAFFF7A4
:109D300003FC01281CD1019B34401C4306EA0403A8
:109D40003FB19E4207D0B8F1000F08D16FF0020476
:109D500001E0002BF7D0204602B0BDE8F087FFF706
:109D6000ABF8A0EB09039D4212D34D442D1ADAE75C
:109D7000B8F1000F14BF6FF001046FF00204002867
:109D8000D1D1E8E76FF00504E5E76FF00304E2E7FF
:109D90000025C8E708B5EFF3058222B908B1FFF73F
:109DA0009DF9002008BD6FF00500FBE7F8B50546FA
:109DB000EFF3058717B100242046F8BD20B34668AD
:109DC0003307F8D4D0E9021306F0010699B14F2BFE
:109DD000F1D9BEB10420FEF7F8FB04460028EAD012
:109DE00037462D6829462046FEF71AFE002FE3D09D
:109DF00044F00104E0E7002BDDD12EB10420FEF792
:109E000018FCEAE70120E6E70120FEF712FC044611
:109E10000028D0D0002DE5D00026E1E738B5034674
:109E20000C4620F0010003F00102EFF3058595B91F
:109E3000012B13D962B1FEF7D1FD012801D1002019
:109E400038BD002C14BF6FF001006FF00200F7E77F
:109E5000FEF707FDF1E76FF00500F1E76FF0030093
:109E6000EEE7024608B520F0010002F00103EFF32F
:109E7000058179B9012A10D93BB1FEF7BBFB012856
:109E80000CBF00206FF0020008BD1A461946FEF70D
:109E9000EAFAF4E76FF00500F6E76FF00300F3E786
:109EA000034B0360034B0B6080231360704700BFBC
:109EB000D00E0020D00C0020034B0360034B0B603E
:109EC0004FF4807313607047740C002074080020F6
:109ED00010B5104B1A461B688342FBD35468111906
:109EE000884201BF41681046091951604468011950
:109EF0008B420CD1084909688B4203D05968214430
:109F0000416019689042016018BF106010BD194689
:109F1000F8E700BF480F0020440F00202DE9F04172
:109F20000446FEF7C1FF4349434D0B680BBB434A50
:109F300056071FBFD01D20F0070002F52052131A4C
:109F40000CBF4FF420530246002013443C4E083B04
:109F500023F0070370603260C3E90000981AC2E979
:109F600000300B60374B1860374B18604FF00043E0
:109F70002B602F68274207D0FFF73CF8002600F03F
:109F800028FF3046BDE8F081002CF5D004F108032D
:109F900060071CBF23F007030833002BECD0DFF869
:109FA000A880D8F800509D42E6D3254A146860681E
:109FB000984201D22668B6B90968A142DCD021686E
:109FC00016681160C21A102A06F1080612D9E018A4
:109FD00041070BD04FF0500383F31188BFF36F8F0D
:109FE000BFF34F8FFEE722463446E0E742606360EE
:109FF000FFF76EFF002362681249AD1A1743134A38
:10A00000086823601368854203F10103676038BF65
:10A010000D601360C8F80050FEF7ECFF7307B0D076
:10A020004FF0500383F31188BFF36F8FBFF34F8F4F
:10A03000FEE700BF440F0020300F0020500F00202B
:10A04000480F00203C0F0020400F0020380F002058
:10A0500010B5044690B31A4A50F8043C12681342F3
:10A0600008D14FF0500383F31188BFF36F8FBFF314
:10A070004F8FFEE750F8081C41B14FF0500383F3B7
:10A080001188BFF36F8FBFF34F8FFEE723EA020300
:10A0900040F8043CFEF708FF0A4A54F8043C1168F3
:10A0A000A4F108000B441360FFF712FFBDE8104055
:10A0B000054A136801331360FEF79CBF10BD00BF53
:10A0C000300F0020400F0020340F002006480068A9
:10A0D000006880F3088862B661B6BFF34F8FBFF3A4
:10A0E0006F8F00DF00BF000008ED00E0002382B0AA
:10A0F00001930D4B1B68013308D04FF0500383F3DD
:10A100001188BFF36F8FBFF34F8FFEE74FF05003FF
:10A1100083F31188BFF36F8FBFF34F8F019B002B29
:10A12000FCD002B0704700BF1C0100204FF08073CC
:10A1300040F8043C054B21F0010140F8081C40F8B0
:10A140000C3C40F8202C4038704700BFEDA00008C0
:10A15000074B19680868B0E8F00F80F30988BFF36F
:10A160006F8F4FF0000080F311884EF00D0E704796
:10A17000440700204FF0500383F31188BFF36F8F23
:10A18000BFF34F8F0A4A13680133012B13600ED1BE
:10A190004FF0E023D3F8043DDBB243B14FF050035E
:10A1A00083F31188BFF36F8FBFF34F8FFEE77047C4
:10A1B0001C010020084A136843B94FF0500383F391
:10A1C0001188BFF36F8FBFF34F8FFEE7013B136022
:10A1D0000BB983F3118870471C01002000000000B8
:10A1E000EFF30980BFF36F8F0D4B1A6820E9F00F72
:10A1F00010602DE908404FF0500080F31188FEF701
:10A2000091FF4FF0000080F31188BDE80840196805
:10A210000868B0E8F00F80F30988BFF36F8F7047CC
:10A220004407002008B54FF0500383F31188BFF3B3
:10A230006F8FBFF34F8FFEF745FE28B14FF0E0233D
:10A240004FF08052C3F8042D002383F3118808BD1A
:10A250004FF0E02200234FF47A7113619361044BB5
:10A260001B68B3FBF1F3013B536107231361704794
:10A270000000002013B5274B1A78D2B20192FF22BA
:10A280001A701B78244ADBB28DF803309DF8033036
:10A2900003F0500313700723204A13609DF8031046
:10A2A000136809060AD4032B11D04FF0500383F32F
:10A2B0001188BFF36F8FBFF34F8FFEE7013B136031
:10A2C0009DF803305B00DBB28DF80330E6E74FF416
:10A2D00040731360019B0F4ADBB213704FF0E02311
:10A2E0000024D3F8202D42F47002C3F8202DD3F8B7
:10A2F000202D42F07042C3F8202DFFF7A9FF084B34
:10A300001C60FFF7E3FEFEF70DFF2046FFF7EEFEB1
:10A3100002B010BD00E400E05437002050370020A8
:10A320001C010020EFF305830F2B0ED9114A9B5C13
:10A33000114A12789A4208D94FF0500383F31188DA
:10A34000BFF36F8FBFF34F8FFEE74FF0E0230B4A51
:10A35000D3F80C3D126803F4E063934208D94FF040
:10A36000500383F31188BFF36F8FBFF34F8FFEE766
:10A37000704700BFF0E300E0543700205037002062
:10A3800018B102280CBF01200220704707B50E4B00
:10A3900002689A4215D103F5DA33DA69052142F4ED
:10A3A0000002DA61DB69002203F400030193142048
:10A3B000019BFCF7A7FA142003B05DF804EBFCF74F
:10A3C000D1BA03B05DF804FB005C004000F52671D3
:10A3D000D0F8D402FDF716BA282303FB0103D0F806
:10A3E000D402D3F86421FDF73ABA282303FB010312
:10A3F000D0F8D4025A6AFDF76ABAD0F8D402FDF751
:10A40000FFBA10B583790446022B01D000F04AFB55
:10A41000D4F8D4020121FDF7DDFAD4F8D402BDE866
:10A420001040FDF7B0BA000010B50446D0F8D402D1
:10A43000FDF7D3FAA37A23B1024A136943F0060366
:10A44000136110BD00ED00E0D0F8D402FDF7CEBAE4
:10A4500010B51D4B04461D480360082303710223F9
:10A4600083710023C0F8D442C4F8C002438103734F
:10A47000FAF732F808B100F015FB00221823114654
:10A48000D4F8C002FAF7B3FE582300228021D4F892
:10A49000C002FAF7ACFEC02300228121D4F8C0022A
:10A4A000FAF7A5FE4FF4887300220121D4F8C00208
:10A4B000FAF79DFE4FF4807300228221D4F8C00287
:10A4C000FAF795FE002010BD005C004078390020AE
:10A4D00008B5D0F8C002FAF762F8BDE80840FFF707
:10A4E0004FBF10B51446D0F8C0021A462346FAF7FB
:10A4F00087FDBDE81040FFF743BF08B5D0F8C002A4
:10A50000FAF7AEFDBDE80840FFF73ABF08B5D0F84E
:10A51000C002FAF704FEBDE80840FFF731BF08B5F6
:10A52000D0F8C002FAF731FEBDE80840FFF728BFB7
:10A53000282211F0800FD0F8C0321BBF01F07F013C
:10A5400002FB013302FB0133987C08BF93F85201F0
:10A55000704708B5D0F8C002FAF73AF8BDE80840ED
:10A56000FFF70EBF08B5D0F8C002FAF7C0FDBDE88E
:10A570000840FFF705BF08B5D0F8C002FAF798FD0C
:10A58000BDE80840FFF7FCBED0F8C002FAF7A7BD4F
:10A5900000487047583700207047704708B50022C0
:10A5A0000E490F48FDF7F9F808B100F07BFA0D49A4
:10A5B0000B48FDF707F908B100F074FA0A4908489A
:10A5C000FDF7BBFD08B100F06DFA0548FDF701F994
:10A5D00018B1BDE8084000F065BA08BD540100207C
:10A5E000503C0020D80000207001002012230148B8
:10A5F0000B80704740010020042301480B80704706
:10A600003C010020002370B51E464D1C040FB0F124
:10A61000204F34BF3034373401F8134005F813604D
:10A620000133DCB2A2424FEA0010EFD870BD000047
:10A630001A2310B50B800A4BD3F8E807D3F8F0279C
:10A6400080180AD0D3F8EC4706490822FFF7DAFF52
:10A65000042220461031FFF7D5FF034810BD00BF8C
:10A6600000F0FF1F220100202001002010B5044C43
:10A670000A4604482146FDF7E9FB204610BD00BF0D
:10A68000143F0020983A010810B5044C0A460448CB
:10A690002146FDF7DBFB204610BD00BF143F002024
:10A6A000AB3A010810B5044C0A4604482146FDF7B0
:10A6B000CDFB204610BD00BF143F0020C13A010869
:10A6C00010B5044C0A4604482146FDF7BFFB20465E
:10A6D00010BD00BF143F0020CC3A01080020704795
:10A6E00000207047F8B50D46044600F0D5FD2868F7
:10A6F000431EB3F5407F27D21A4A1B4913880988A5
:10A700009BB289B28B4238BF03F540735B1A9BB290
:10A71000C3F53F7303339BB298421ED821464FF4D2
:10A720004075124F2044138811F8016B9BB2FE5400
:10A73000138881429BB203F10103B3FBF5F605FBDD
:10A7400016339BB21380EED121460948FDF704FD74
:10A750000748FDF720FD0020F8BD0122054B1A70C7
:10A76000F2E700BF18410020164100201A410020E6
:10A77000503C00201441002010B5064C0022204619
:10A780000549FDF7E1FC20460449FDF7E5FC002002
:10A7900010BD00BF503C00201A4400201A48002081
:10A7A00070B50D4C0546D4F8B8320E46D3F81432C5
:10A7B00083B900F071FD324629462046FDF7C4FCFE
:10A7C0002046FDF7CFFC0128044601D900F06CFDBE
:10A7D000204670BD0124FBE7503C00202DE9F341E9
:10A7E000064668B361B3B1F5806F28BF4FF480614E
:10A7F0004FF000080D46134F29463046FFF7D0FFB3
:10A800000128044610D038B942F20F720090009B24
:10A81000934205D900F048FD204602B0BDE8F08122
:10A82000009B01330093F2E7CDF80480019B632B7A
:10A8300002D9013FE0D1EFE7019B01330193F5E736
:10A840000224E9E7A08601002DE9F84F10B90020A5
:10A85000BDE8F88F002AFAD0EFF3108472B6424DAB
:10A86000424B1B882E889BB2B6B284F31088B34249
:10A8700038BF03F540739B1B9BB20F2BE7D9C82B46
:10A8800028BFC82300274FF44078DFF8E4E0013BFD
:10A8900006EB070CBCFBF8F908FB19CC1EF80C9072
:10A8A0003C46B9F1AA0F07F1010759D106EB070998
:10A8B000B9FBF8FA08FB1A991EF80990B9F1550F7F
:10A8C0004ED14FF44078A4B2A71CBFB206F1010AE2
:10A8D000BB42BCDD07EB0609B9FBF8FB08FB1B9983
:10A8E0001EF80990B9F1550F38D10AEB0709B9FBE9
:10A8F000F8FB08FB1B991EF80990B9F1AA0F2DD19E
:10A90000C4F102031F44BFB28F42A0D84FF440717C
:10A910001FFA8CF300EB070C604514D1EFF31081A4
:10A9200072B64FF440733C44A4B23444B4FBF3F029
:10A9300003FB1044A4B22C8081F31088178000F030
:10A94000B3FC012084E71EF80380013300F8018B7B
:10A95000B3FBF1F801FB18339BB2DDE70137B7E732
:10A960009F4295DB73E700BF16410020184100208D
:10A970001A41002010B596B0142200210EA806F04E
:10A980002EF81422002101A806F029F8182200212F
:10A990000DEB020006F023F802244FF4803301226D
:10A9A000CDE91343CDE90C234FF4E0130CA810922A
:10A9B0001593FBF7A7F908B172B6FEE70F23CDE9AF
:10A9C00001344FF480630390CDE90430214601A89F
:10A9D000FBF75AFB08B172B6FEE710230B9006A8EE
:10A9E0000693FBF72BFC08B172B6FEE716B010BD5C
:10A9F00008B50D4A0D4B9A60BFF34F8FBFF36F8FB1
:10AA0000FBF74AF9FFF7B6FF00F04EF800F0E4F963
:10AA100000F0FAF900F05EFAFFF7C4F800F09AF9D6
:10AA2000FFF7D2F8FEE700BF0040000800ED00E0AD
:10AA300038B50568154B04469D4210D1FBF73EF929
:10AA40002368AB420BD1124A124B10681968124CA2
:10AA5000884205D012681A60FBF73CF9206038BDC7
:10AA6000FBF738F92368C01A4EF660239842F6D9EE
:10AA7000BFF34F8F09490A4BCA6802F4E0621343DF
:10AA8000CB60BFF34F8F00BFFDE700BF0008004061
:10AA90003C4C0020204C00201C4C002000ED00E02D
:10AAA0000400FA0572B6FEE72DE9F041354B88B097
:10AAB0009A69354D42F010029A619A69002102F0BC
:10AAC00010020092009A9A69012442F020029A61D1
:10AAD0009A69022602F020020192019A9A69DFF82F
:10AAE000AC8042F004029A619A69002702F00402E5
:10AAF0000292029A9A6942F008029A6110229B69B6
:10AB00000DEB020003F008030393039B05F067FFBE
:10AB1000002228464FF48071FBF7F0FC4FF480735D
:10AB2000CDE904340323284604A90793FBF700FC6E
:10AB30004FF42043404604A9CDE904340796FBF7BF
:10AB4000F7FB00F0C9FB4FF48043404604A9CDE970
:10AB50000437CDE90646FBF7EBFB4FF400432846EC
:10AB600004A9CDE90437CDE90646FBF7E1FB4FF434
:10AB70007F73074804A90493FBF7DAFB08B0BDE82C
:10AB8000F08100BF001002400008014000100140A9
:10AB9000000C0140BFF34F8F0549064BCA6802F411
:10ABA000E0621343CB60BFF34F8F00BFFDE700BFF0
:10ABB00000ED00E00400FA0501214FF0FF320846E5
:10ABC00008B5FFF799F802F055FE02F015FE00F007
:10ABD000DBFD02F0EDFB0120FFF7DCF8F3E70000FE
:10ABE0002DE9F04188B0FFF7D9FC4FF47A70FFF7F8
:10ABF000D1F801F099FB02F069FF02F02FFA01F0A1
:10AC000089FB02F07FFA02F099FB4D4B0121186895
:10AC1000FFF738F84FF47A70FFF7BCF800230DF116
:10AC200006028DF804308DF805308DF806308DF869
:10AC300007300DF105010DF1070301A802F0A6FF91
:10AC40009DF8063013B90F238DF806309DF8045097
:10AC50000DB19DF805509DF8066001F089FB0128B3
:10AC6000074641D19DF806308DF808508DF809301F
:10AC7000FF238DF80E3001F07BFB8DF80F0001F003
:10AC800089FB16238DF811304FF481738DF8100075
:10AC9000ADF8123001F078FB4FF47A788DF814009B
:10ACA00001F06CFB002402AB8DF8150040460693C2
:10ACB000ADF81640FFF76EF803A801F05BFD2346E0
:10ACC000214608FB06F61F4A566282F8287082F871
:10ACD000235094700332D1540133202BFBD1012235
:10ACE0003146284600F04CFF174D184C184E2B6883
:10ACF00001332B6000F0A6FF03F016FBD8B12778D4
:10AD00005FB90123237003F01BFB30B100F0F2FEAA
:10AD100003F010FB00F0C0FA277003F005FB50B100
:10AD2000FAF7D8FF3368C01AC72804D9FAF7D2FF58
:10AD3000306000F0C1FA0120FFF72CF8D7E700BF20
:10AD4000304C0020545700203C4C0020284C002060
:10AD5000244C002010B50024124B88B00093124BF5
:10AD600068460493CDE90144CDE905440394079472
:10AD7000FFF71CF80D4B186004A8FFF717F80C4BF1
:10AD8000214618600B4A0C48FEF738FF0B4B214652
:10AD900018600B4A0B48FEF731FF0B4B186008B0E8
:10ADA00010BD00BFDA3A0108E03A0108384C002033
:10ADB000344C0020DC3B0108E1AB00082C4C0020A7
:10ADC000003C0108B9AB0008304C002008B5FFF783
:10ADD000E1FE08B5FFF7DEFE0A4B07B55A6905210B
:10ADE00042F001025A615B69002203F00103019302
:10ADF0000F20019BFBF786FD0F2003B05DF804EBED
:10AE0000FBF7B0BD0010024008B54FF482730E4846
:10AE10000E4A4FF40071C0E9002300231022C0E95C
:10AE20000233C0E90433C0E9083383620A23C0E96E
:10AE30000612C362FBF746FE08B1FFF733FEBDE81A
:10AE4000084000F06FBD00BF404C002000300140C2
:10AE500030B51024054687B02246002102A805F02F
:10AE6000BEFD2A68194B9A422ED103F560439A69B8
:10AE7000032542F480529A619A69154802F480527F
:10AE80000092009A9A6902A942F004029A619B69B1
:10AE9000A02203F004030193019B02230595CDE951
:10AEA0000223FBF745FA002340210948CDE90213AC
:10AEB00002A90493FBF73CFA0123054802A9029476
:10AEC00003930595FBF734FA07B030BD003001401D
:10AED0000008014008B54FF4E1330B480B4AC0E9C4
:10AEE000002300230C22C0E90233C0E905230361DB
:10AEF000C361FCF7F7F808B1FFF7D4FD00F01EFBC3
:10AF0000BDE8084000F07CBBDC4C0020003801406C
:10AF100070B5064686B01022002102A805F05FFD3C
:10AF20003268264B9A4247D103F558439A69012467
:10AF300042F480429A619A69214802F48042009268
:10AF4000009A9A6902A942F004029A619B694FF43F
:10AF5000007203F004030193019B0223CDE9022355
:10AF600003230025CDE90443FBF7E2F94FF48063A6
:10AF7000134802A9CDE902350494FBF7D9F9114C25
:10AF8000114B2046C4E900358023C4E903354FF452
:10AF90008053C4E90555A560E361FBF7BDFA08B12C
:10AFA000FFF780FD252000220521F4636662FBF790
:10AFB000A9FC2520FBF7D6FC06B070BD0038014087
:10AFC00000080140984C002058000240FEE7FEE7D0
:10AFD000FEE7FEE7FEE770470148FBF7A5BB00BFB1
:10AFE000984C00200148F9F707BB00BF78390020D2
:10AFF0000148F9F771B900BF244D00200148FCF762
:10B000000BBA00BFDC4C0020174B07B59A690F2123
:10B0100042F001029A619A696FF0010002F00102A8
:10B020000092009ADA6942F08052DA61DB6900220C
:10B0300003F080530193019BFBF764FC0B4A5368B8
:10B0400023F0E06343F000735360536823F0E06340
:10B0500043F000735360064A536843F440735360EF
:10B0600003B05DF804FB00BF001002400000014087
:10B07000002004E070B5214B88B0DA69054642F043
:10B080000402DA61DB6901A903F00403029303A857
:10B09000029BFBF7B5F8069B4BBBFBF791F8184EEC
:10B0A000184B336040F2E733F360174BB0FBF3F318
:10B0B000013B7360002330463361B360B361F9F73D
:10B0C000DDF9044680B93046F9F7D0F8044658B99E
:10B0D0001E20FBF747FC0F2D0DD8224629461E20C7
:10B0E000FBF710FC094B1D60204608B070BDFBF754
:10B0F00067F84000D3E70124F6E700BF00100240E4
:10B10000244D00200008004040420F0008000020AD
:10B110000B4A0346116810B509B90A491160106855
:10B1200009490A4C0344091B8B4206D905F0B6FCB9
:10B130000C2303604FF0FF3010BD1360FCE700BF2D
:10B140006C4D0020907A002000C000200008000014
:10B150000120704708B505F0A1FC162303604FF0ED
:10B16000FF3008BD08B505F099FC16230360FEE723
:10B1700070B50D4614460E46731B9C4201DC2046FA
:10B1800070BDAFF3008006F8010BF5E770B50D4612
:10B1900014460E46731B9C4201DC204670BD16F817
:10B1A000010BAFF30080F5E74FF0FF3070474FF42D
:10B1B000005300204B60704701207047002070470B
:10B1C000F9F752F80B480C490C4A002302E0D45816
:10B1D000C4500433C4188C42F9D3094A094C0023E3
:10B1E00001E013600432A242FBD305F05DFCFFF7DF
:10B1F000FFFB704700000020E8010020203E01080E
:10B20000E80100208C7A0020FEE7000037B54FF4FB
:10B2100080411E48FBF76CF9B0FA80F01C4C1D4BC6
:10B22000400920709968D3F80824C1F3C81192B27C
:10B23000D24381F07E41C94310B24301C50005F0FD
:10B24000400503F0800340002B4300F0200003433F
:10B25000500800F010000343D00800F0080003433A
:10B26000500900F004000343D00900F0020003433A
:10B27000C2F34022134301F48071194361802068B6
:10B2800083B26FF30F00184303B030BD00100140CC
:10B29000704D00200008014000224FF40041014899
:10B2A000FBF72CB90010014001224FF40041014886
:10B2B000FBF724B9001001404FF400410148FBF7AF
:10B2C00022B900BF0010014000224FF40051014894
:10B2D000FBF714B90010014008B5FFF7E5FFBDE822
:10B2E0000840FFF7F1BF000001224FF40051014870
:10B2F000FBF704B9001001404FF400510148FBF77F
:10B3000002B900BF00100140F8B5431EB3F5C03FBD
:10B3100004460E4601D30120F8BD002500F6FF7754
:10B320003F0B280300F5F31000F5805000F0AEFB52
:10B330000028F0D10135AF42F3D10122044B1C604B
:10B34000044B1E80044B1860044B1A70E4E700BFE6
:10B350007C4D0020784D0020744D0020804D002051
:10B3600038B50546104814460078012801D0012060
:10B3700038BD0029FBD0A2B10C4B1B68AB42F6D301
:10B380005B1B9A42F3D805F5F31000F5805000F0EE
:10B3900025FB0028EBD1064B2C441A68A24238BF8B
:10B3A0001C600020E4E700BF804D00207C4D0020A1
:10B3B000744D00202DE9F04F364E85B03378012BC7
:10B3C00009D1DFF8D490354BD9F800501B68AB4257
:10B3D00059D200233370012005B0BDE8F08F802DD5
:10B3E000A84628BF4FF080081FFA88FA5246384610
:10B3F0002B4900F0C1FA0028EBD1294A12F8013B91
:10B400005C40082344F3000101EA0B01013B81EA9F
:10B41000540113F0FF038CB2F4D1013080B28245A5
:10B42000ECD84744A5EB0805002DD8D11D4B1B884F
:10B43000A342CED11C4B1D480093D9F80030ADF883
:10B44000084001930123ADF80A50039300F01EFB5E
:10B450000028BED110226946144800F0BFFA002827
:10B46000B7D1022332203370FAF73AFCBFF34F8F83
:10B470000F49104BCA6802F4E0621343CB60BFF37C
:10B480004F8F00BFFDE74FF6FF740B4FDFF82CB076
:10B49000CAE700BF804D00207C4D0020744D002085
:10B4A000D6580020784D00203141544F00F01F0045
:10B4B00000ED00E00400FA0500701E0001A0FFFF8F
:10B4C00010B1064B1B78037011B1054B1B680B6064
:10B4D00012B1044B1B881380704700BF804D0020C1
:10B4E0007C4D0020784D0020064882B00368064954
:10B4F0001A680092009A60225B680193019B02B077
:10B50000FCF720B9DC4C00202654002013B5094C70
:10B510002046FBF767FE236820461A68064900921A
:10B52000009A60225B680193019B02B0BDE8104065
:10B53000FCF708B9DC4C00202654002000224FF410
:10B5400080710148FAF7DABF000801402DE9F041A7
:10B550000C460546002847D04B1E5F2B44D8234E8F
:10B5600033686BB90027224B93F84130202B12D05F
:10B57000022417B13068FEF774FC2046BDE8F08164
:10B58000FDF7F0FE0228EDD14FF0FF313068FEF7F5
:10B5900045FC0127E7E7DFF85C80D8F80030E3B925
:10B5A00022462946144805F0A6FA01224FF480717C
:10B5B0001248FAF7A3FF0120FAF792FB22460E4940
:10B5C0000B48FBF7BEFD04460028D2D000224FF402
:10B5D00080710A48FAF792FFCBE7FAF77BFBD8F8BD
:10B5E00000309842DCD1C3E70124C6E7344C002088
:10B5F000DC4C00209C4D0020C65300200008014078
:10B6000082B0EFF3108272B600230A490B800A4918
:10B610000B800A490B8082F31088094809490368A6
:10B620001A680092009A60225B680193019B02B045
:10B63000FCF788B8A44D0020A24D0020A04D0020AA
:10B64000DC4C002026540020F0B558B161B3EFF374
:10B65000108572B6154C23889BB223B985F31088E8
:10B6600018460B80F0BD6227114E124A33889BB2F8
:10B6700007FB0322B2F86030602B28BF6023C71895
:10B68000B8420CD13288013202F00F023280228897
:10B69000013A92B2228085F310880120E1E712F886
:10B6A00001CB00F801CBEBE70846DBE7A04D00201B
:10B6B000A24D0020A64D00200268174B70B59A429B
:10B6C0000C4627D1FAF706FB144B1860F4B1144D61
:10B6D0002B889BB20F2B19D86221602C28BF6024C5
:10B6E000104E114B328892B201FB023322461846AB
:10B6F0000E4905F000FA3388A0F86040013303F0EA
:10B700000F0333802B8801339BB22B80BDE8704040
:10B71000FFF7EABE70BD00BF00380140984D002021
:10B72000A04D0020A44D0020A64D0020265400204E
:10B7300008B50268074B9A420BD1FAF7CBFA064BD1
:10B74000002218604FF48071BDE808400348FAF702
:10B75000D5BE08BD003801409C4D002000080140C6
:10B7600008B50268064B9A4209D100224FF4807155
:10B770000448FAF7C3FEBDE80840FFF7B5BE08BDB0
:10B78000003801400008014070B500F0F1FD0128CB
:10B790005BD02E4B2E4D93F83060FAF79BFAF6B241
:10B7A00004462C4946B92B680E70002B4DD02E60F4
:10B7B000BDE87040FFF788BD0878274A274B08B9D5
:10B7C00014601C600E701868166812682968904230
:10B7D000A4EB06061BD12B68DBB141F28831204A6D
:10B7E0001368E31A8B4202D91460FFF78FFE1D4BDA
:10B7F0009E4220D9BFF34F8F1B491C4BCA6802F4ED
:10B80000E0621343CB60BFF34F8F00BFFDE71A60C8
:10B8100061B949F640439E4217D9114B2C601C6018
:10B82000134B1C60BDE87040FFF770BE00232B6017
:10B83000FFF74AFDCFE70E4A1368E31AC72B04D976
:10B840001460BDE87040FFF757BD70BD88540020FC
:10B85000944D0020884D0020984D00208C4D0020F4
:10B86000904D00208038010000ED00E00400FA0552
:10B87000844D0020062337B50B4D002228461021A9
:10B880008DF80730FAF73AFE32230DF10701012255
:10B890000648FBF76FF90446012228461021FAF703
:10B8A0002DFE204603B030BD00080140404C002072
:10B8B000F7B50546FAF70EFA0446184E184F052359
:10B8C0000022102130468DF806308DF80720FAF757
:10B8D00015FE322301220DF106013846FBF74AF925
:10B8E000322301220DF107013846FBF7EFFA30460B
:10B8F00001221021FAF702FE9DF8073013F0010033
:10B9000001D103B0F0BDFAF7E5F9001BA84203D856
:10B910000120FAF7E5F9D2E70320F2E70008014039
:10B92000404C002037B5012210211148FAF7E6FDFE
:10B93000FFF7A0FF0446C0B90125024610210C48BC
:10B94000ADF80450FAF7DAFD022201A96423094890
:10B95000FBF710F904462A4610210548FAF7CEFDF8
:10B960001CB96420FFF7A4FF0446204603B030BD95
:10B9700000080140404C002073B515460E4639B30F
:10B9800032B303238DF80430030C40BA0022102197
:10B99000ADF806000F488DF80530FAF7AFFD042228
:10B9A00064230D480DEB0201FBF7E4F8044638B9B7
:10B9B0002A463146084805F16403FBF787FA044636
:10B9C000012210210348FAF799FD204602B070BD0C
:10B9D0000124FAE700080140404C00202DE9F74F10
:10B9E000064693460F4600294AD0002A48D04FF019
:10B9F000020ADFF89080DFF89090F5B2C5F5807507
:10BA0000ADB25D4528BF5D46FFF734FF044640BB3D
:10BA1000330C0246102140468DF8053073BAADF85C
:10BA200006308DF804A0FAF769FD04226423484625
:10BA30000DEB0201FBF79EF8044640B905F16403E3
:10BA40002A46394648469BB2FBF794F80446012241
:10BA500010214046FAF752FD1CB96420FFF728FF79
:10BA600004462E442F44ABEB05051FFA85FBBBF1C2
:10BA7000000F01D0002CC0D0204603B0BDE8F08FED
:10BA80000124F9E700080140404C002037B5054685
:10BA9000FFF7F0FE044600BB2023024610211048A9
:10BAA0008DF804302B0C6DBA8DF80530ADF80650CA
:10BAB000FAF724FD042264230DEB02010948FBF789
:10BAC00059F80446012210210548FAF717FD24B958
:10BAD0004FF47A60FFF7ECFE0446204603B030BD19
:10BAE00000080140404C0020FF22014B1A707047B3
:10BAF000800100200022014B1A8070473E57002031
:10BB00002DE9F74F1B4C1F46237888469DF830B02F
:10BB10009DF834909DF838A0009001923BB900F058
:10BB2000D5FB0123237000F035FC134B1870002463
:10BB30000126124D44450FD1204602F01DFDDDE9DE
:10BB400000214B462046CDE90DB7CDF830A003B01B
:10BB5000BDE8F04F02F012BA2B882341DB0707D46F
:10BB6000E0B202F01DFD288806FA04F303432B809F
:10BB70000134DFE73C570020800100203E570020C1
:10BB800013282DE9F74F0546894690464BD80123E7
:10BB9000264C84F8303002F0EDF80128064618D122
:10BBA000E570257100F0E4FB40F2011323800023CF
:10BBB0006071C4F8149084F82280A370FAF78AF8B0
:10BBC00084F828606062FFF767FB002003B0BDE8DF
:10BBD000F08F10B9B8F1000F25D14FF0140B6F1C86
:10BBE00005F11403B7FBFBF60BFB1676F6B23046F5
:10BBF000019302F0BFF801288246019B10D140F268
:10BC0000011323800023E5702671C4F8149084F892
:10BC10002280A370FAF75EF884F828A06062D2E769
:10BC200001379F42DED10120D0E700BF88540020B9
:10BC30000020034B587083F83000187098707047DC
:10BC400088540020F0B5A14C87B001F023FB637845
:10BC50003BB902F069FB08B9FFF726FB002007B0EB
:10BC6000F0BDFAF737F8054602F05EFB20B92378FD
:10BC7000032B0DD1FFF710FB2378013B052BEDD8EB
:10BC8000DFE813F009006C007800BC00CA00D100A6
:10BC9000FFF70AFBF0E700238D4A0393531E01933D
:10BCA000931E029200938B49D31E2079043A01F02F
:10BCB000F9FF054610B10623237059E0864F667FD1
:10BCC0003B78B34211D0ADF81600844930460DF1EF
:10BCD000160200F071F910B9BDF816300BB902F078
:10BCE000AFFC00227E4B3E701A8000237D492079F4
:10BCF0000DF116028DF8163002F0DCF828B9257F18
:10BD00009DF81630EA1A5542554100232079764AAB
:10BD1000A37002EBC001CB7984F82150E3B112F893
:10BD20003030A3774B78E3778B7984F820304B88D9
:10BD3000C3EB431203EB82028B88D200C3EB4311A7
:10BD400003EB8103DB0092B29BB2A381E280F9F79F
:10BD5000C1FF0223A060AFE71A46F6E7634B1B78EA
:10BD60000BB10323A8E7A368E288EB1A9342F8D249
:10BD7000012074E7A378002BFAD10122A27094F875
:10BD80002120217F002A35D05648594DDAB2914200
:10BD900020D8574BE27F574D0292A27F019294F830
:10BDA00020200092607F4B4AFFF7AAFEF9F792FF2E
:10BDB0004FF0FF31A0612868FEF730F82378032B9D
:10BDC00004D14A4B1B78BBB1062323702868FEF7C9
:10BDD00048F8CDE72E460746402217F801CB013A36
:10BDE00012F0FF0246F804CBF7D10133403005F5DD
:10BDF0008075CBE71346CDE70423E6E7A3696269C4
:10BE0000EB1A9342B4D3A389002B3FF454AFF9F754
:10BE100061FF052320614FE7A389226913449D42F6
:10BE2000BFF449AFA4E794F82260012E3ED100236D
:10BE300094F83120238012B184F831300EE72B4B77
:10BE40001B781BB1207901F08FFA07E72A4D2B7878
:10BE5000002B3FF403AF274F4FF0FF313868FDF759
:10BE6000DDFFEB78DB0707D4EB7843F00103EB70E1
:10BE7000AB780133DBB2AB702279AB7885F8232045
:10BE80006A78DBB242B19A4206D3F9F723FF012365
:10BE90000026E86285F830303868FDF7E2FF002EB2
:10BEA0003FF4DCAE052001F059F9D7E614262379DA
:10BEB00009250133B3FBF6F206FB12332371207917
:10BEC00001F058FF012819D1207051E78854002053
:10BED000A8540020D658002080010020716800205E
:10BEE0003E570020BC560020AC5700204057002091
:10BEF000BC540020384C0020545700200138C0B2F8
:10BF0000FD2806D923790133B3FBF6F206FB123381
:10BF10002371013D15F0FF05D1D125809EE600BFBC
:10BF2000024601444FF6FF7030B5094D8A4200D1F8
:10BF300030BD082412F8013B584040F300032B4069
:10BF400083EA500398B2631E13F0FF04F5D1EDE7C6
:10BF500001A0FFFF0F2873B50E46154602D9012038
:10BF600002B070BD0029FAD0531E40F6F7729BB2A2
:10BF70009342F4D800F5C07424032046FFF786FDF1
:10BF80000028ECD10B4B294630460093FFF7C8FF41
:10BF90000822ADF8040069462046ADF80650FFF7C8
:10BFA0001DFD0028DBD12A46314604F10800FFF7C9
:10BFB00015FDD5E72154554C0F28F7B50D4616460B
:10BFC00003D90124204603B0F0BD0029F9D0002A8E
:10BFD000F7D000F5C0742403082269462046FFF715
:10BFE000CBFC0028EDD1104B009A9A42E9D140F6E3
:10BFF000F771BDF80620531E9BB28B42E1D804F1C5
:10C0000008002946FFF7B8FC04460028D9D1BDF83E
:10C01000067028463946FFF783FFBDF80430834297
:10C02000CFD13780CEE700BF2154554C0F2808B53B
:10C0300001D9012008BD00F5C0700003FFF726FDFF
:10C040000028F7D0F5E70000002201210148FAF7A7
:10C0500055BA00BF00080140012202481146FAF714
:10C060004DBA00BF0008014000224FF400410148D2
:10C07000FAF744BA000C014001224FF40041014894
:10C08000FAF73CBA000C014000224FF480510148FD
:10C09000FAF734BA000C014001224FF480510148F4
:10C0A000FAF72CBA000C014000224FF480610148DD
:10C0B000FAF724BA000C014001224FF480610148D4
:10C0C000FAF71CBA000C014000224FF4006101484D
:10C0D000FAF714BA000C014001224FF40061014844
:10C0E000FAF70CBA000C014000224FF480410148DD
:10C0F000FAF704BA000C014001224FF480410148D4
:10C10000FAF7FCB9000C01401FB50023019303931B
:10C110004FF4006300930123694603480293FAF742
:10C1200007F905B05DF804FB000C01401FB54FF0A6
:10C13000030C00234FF4006001218DE80B106946C9
:10C140000248FAF7F5F805B05DF804FB000C014071
:10C150000A20F9F7C5BDFFF7FBBFF9F7BBBD10B566
:10C160000446FDF7FFF80228204603D0BDE8104042
:10C17000F9F7B6BDBDE81040FDF70CBE4FF4006105
:10C180000148FAF7B5B900BF000C01404FF4005167
:10C190000148FAF7ADB900BF000C01400B2808D8E0
:10C1A000044B002233F81010034B53F82000FAF729
:10C1B000A5B97047B03C0108803C01080B2808D89D
:10C1C000044B012233F81010034B53F82000FAF708
:10C1D00095B97047B03C0108803C01082DE9F04159
:10C1E00086B01022002102A804F0F9FB344B354C34
:10C1F0009A69204642F004029A619A694FF400411C
:10C2000002F004020092009A9A69DFF8BC8042F0C2
:10C2100008029A619B69002203F008030193019BC5
:10C22000FAF76CF9204600224FF48041FAF766F9DC
:10C23000204600224FF48051FAF760F94046002270
:10C240000121FAF75BF9204600224FF48061FAF7EA
:10C2500055F9002220464FF40061FAF74FF9012505
:10C26000002603274FF48043204602A9CDE902357A
:10C27000CDE90467FAF75CF80223404602A905936A
:10C28000CDE902550496FAF753F82A463946204676
:10C29000FAF734F949F60343204602A9CDE90235FD
:10C2A000CDE90467FAF744F84FF40053204602A999
:10C2B000CDE902360495FAF73BF806B0BDE8F08107
:10C2C00000100240000C01400008014013B5FFF7C8
:10C2D00085FF0E4801F0BEFE044698B902F03CF816
:10C2E000044678B90C2002F047F901F09FFB02F0F8
:10C2F0004BF900F04FF806490DF10602ADF8064083
:10C30000FFF75AFE204602B010BD00BF243C0108D2
:10C3100071680020FFF7DABF00231A46C2540133C8
:10C32000202BFBD17047000001220221024B1A7022
:10C3300059709A70704700BF84010020431EDBB221
:10C34000FD2B9CBF014B1870704700BF840100207B
:10C3500008B1014B987070478401002008B501F0C6
:10C360007BFB18B9BDE8084001F086BB08BD0000A2
:10C37000014B1878704700BF84010020014B5878AA
:10C38000704700BF84010020014B9878704700BFC0
:10C390008401002001F06ABB024601444FF6FF70A1
:10C3A00030B5094D8A4200D130BD082412F8013B56
:10C3B000584040F300032B4083EA500398B2631EB9
:10C3C00013F0FF04F5D1EDE701A0FFFFF0B504463F
:10C3D000837885B08DF80430C37885798DF8053081
:10C3E00003790A218DF8063043798DF808508DF8CD
:10C3F0000730C3798DF80930037A8DF80A30437A13
:10C400008DF80B30837A8DF80C30C37A01A88DF843
:10C410000D30FFF7C1FFE668A6B19DB100220C4FB9
:10C42000B35C5840082380B240F300013940013B1F
:10C4300081EA500013F0FF0380B2F5D1013293B2CC
:10C440009D42EDD8238A1B1A5842584105B0F0BDD1
:10C4500001A0FFFFF0B50446837885B08DF8043065
:10C46000C37885798DF8053003790A218DF8063077
:10C4700043798DF808508DF80730C3798DF809306D
:10C48000037A8DF80A30437A8DF80B30837A8DF871
:10C490000C30C37A01A88DF80D30FFF77DFFE668F8
:10C4A000A6B19DB100220C4FB35C5840082380B266
:10C4B00040F300013940013B81EA500013F0FF03D3
:10C4C00080B2F5D1013293B29D42EDD82074000ABA
:10C4D000607405B0F0BD00BF01A0FFFF0346104629
:10C4E000A1F11002422A10B502D96FF0030010BD6D
:10C4F0001C7804705A78AA2C427039D1552A37D149
:10C500009A788270DA78C2701A7902715A79427117
:10C510009A798271DC79422AC4711C7A04725C7A3D
:10C5200044729C7A8472DC7AC472DED802F1100400
:10C53000A142DAD103F10C01C16002F10C01595C96
:10C54000017402F10D01595C417402F10E01595C54
:10C550000F3281749B5C5529C3740CD1AA2B0AD16C
:10C56000FFF734FF00280CBF6FF002000020BEE789
:10C570004FF0FF30BBE76FF00100B8E7F8B5552387
:10C58000AA2704460D46437083740770C774164685
:10C59000FFF760FFA2792F70637810326B70A37879
:10C5A000AB70E378EB7023792B7163796B71A379AE
:10C5B000AB71E379EB71237A2B72637A6B72A37A96
:10C5C000AB72E37AEB72E3680BB1A379EBB90C239E
:10C5D0000AE0E068405C0131E854A77988B200F1D4
:10C5E0000C0387429BB2F4D8217CE954607C591C2F
:10C5F00089B26854A07C991C89B26854E17C0333E9
:10C600009BB2E95400203280F8BD0021E5E700002C
:10C610002DE9F0471C4603F11008173303F4FC73AF
:10C6200000AFADEB030DAA238DF80030552305466E
:10C630008DF80130C3788A468DF80230284B914638
:10C640001B786E468DF8033001F010FAEB798DF807
:10C6500004008DF807302B7A8DF805A08DF808308E
:10C660006B7A8DF806408DF80930AB7A8DF80A3078
:10C67000EB7A8DF80B303CB1B9F1000F04D02246B3
:10C68000494603A804F037FA04F10A01B01CFFF789
:10C6900083FE55233444A373AA23E373AB7820733A
:10C6A000FF2B4FEA1020607303D10020BD46BDE888
:10C6B000F087EB78002BF8D10A4B1B78012B08D1BF
:10C6C00041463046FEF78AF80028EED06FF00600AB
:10C6D000ECE7002BE9D141463046FEF737FFF3E7A0
:10C6E0008401002057590020002380211A46FFF7BB
:10C6F0008FBF07B501238DF807100DF107028121C7
:10C70000FFF786FF03B05DF804FB10B5837904469C
:10C7100023B90421BDE81040FFF7EBBFC3681A78C6
:10C72000531EDBB2FD2B01D90A21F3E7104601F0BD
:10C730006DF9034610B106212046EBE70246802141
:10C740002046BDE81040FFF763BF10B5044601F076
:10C7500093F9034628B12046BDE810400621FFF7B3
:10C76000C8BF024680212046BDE81040FFF750BFF9
:10C77000FEF7ECBE00B597B00DF1020201A9FFF77C
:10C78000FDFE38B9BDF8021001A8FEF7DFFE17B0B4
:10C790005DF804FB0120FAE700B597B00DF1020245
:10C7A00001A9FFF7EBFEBDF8021001A8FEF716F88D
:10C7B000003818BF012017B05DF804FB2DE9F04FD9
:10C7C00082790446412A89B005D8042109B0BDE820
:10C7D000F04FFFF78EBFC36893F80090B9F1130FC5
:10C7E00001D90A21F2E75E7816F0010617D0442A33
:10C7F0001BD993F8427093F84380022F28BF022779
:10C80000B8F10A0F28BF4FF00A0893F844B0384A2D
:10C81000A57A5278AA420AD802212046D6E74FF0DC
:10C82000010B4FF00A080227F1E7B346F9E7627AF5
:10C83000013A012A01D90721EFE7DFF8B8A09AF8F9
:10C8400000204A4511D0802200212B48059304F096
:10C85000C6F80021294A059B1180617A284A8AF886
:10C86000009011702179274A117023489A1C00EB1F
:10C870008511423352F804CB9A4241F804CBF9D1E6
:10C88000012101FA05F31D4D2A8813431C4A9BB26E
:10C8900012782B8026B99140013989B28B4218D188
:10C8A000CDE902B0CDE90078164B48461B78E17916
:10C8B00001F088F9FF238AF8003000232B8003461B
:10C8C00048B91A468021204609B0BDE8F04FFFF76D
:10C8D0009FBE3346F5E7062381218DF81F302046A1
:10C8E00001230DF11F02FFF793FE09B0BDE8F08FA1
:10C8F0008401002083010020D6580020D458002055
:10C90000D3580020D25800202DE9F74383790446FC
:10C91000412B05D8042103B0BDE8F043FFF7E9BE81
:10C92000D0F80C9099F80070132F01D90A21F2E782
:10C93000324B857A5B7899F80160AB4201D80221CD
:10C94000E9E7437A013B012B01D90721E3E7DFF84F
:10C95000B08098F80030BB420CD0802200212948DA
:10C9600004F03DF80022284B88F800701A80627AA3
:10C97000264B1A70234B09F1020203EB851309F1D0
:10C98000420952F8041B4A4543F8041BF9D101221D
:10C99000DFF8749002FA05F5B9F800301D431B4B1F
:10C9A000ADB2197816EA0203A9F8005004D18A4002
:10C9B000013A92B295420BD13846124A01F01EFA62
:10C9C000FF2388F800300023A9F80030034638B967
:10C9D0001A468021204603B0BDE8F043FFF718BE99
:10C9E000062381218DF80730204601230DF107022F
:10C9F000FFF70EFE03B0BDE8F08300BF8401002006
:10CA00008201002052580020505800204E5800202B
:10CA100013B5837904462BB9042102B0BDE8104058
:10CA2000FFF767BEC3681B78132B01D90A21F4E70F
:10CA3000184601F08DFA034638B902468021204697
:10CA400002B0BDE81040FFF7E3BD062381218DF859
:10CA50000730204601230DF10702FFF7D9FD02B090
:10CA600010BD00002DE9F74382790446042A05D859
:10CA7000042103B0BDE8F043FFF73BBEC3681D7857
:10CA80000F2D02D90A212046F3E740F6F8765888A0
:10CA9000043A92B200EB0209B14503F10401F1D866
:10CAA000DFF87C805F7898F800301E4EAB421CBFE8
:10CAB000002333801C4B18BF88F80050184404F042
:10CAC0001AF833889945C8BFA6F8009017F00103FB
:10CAD00011D0328828461449FFF73CFAFF2388F822
:10CAE000003000233380064668B92846FFF736FC3D
:10CAF000FEF7FAFF33461A468021204603B0BDE810
:10CB0000F043FFF785BD062381218DF807302046CD
:10CB100001230DF10702FFF77BFD03B0BDE8F083B1
:10CB2000810100204C5800207168002037B58379BE
:10CB300004462BB9042103B0BDE83040FFF7D9BD4E
:10CB4000C3681B780F2B01D90A21F4E71846FFF7B9
:10CB50006DFA054650B9FEF7C7FF2B462A468021DD
:10CB6000204603B0BDE83040FFF752BD06238121C7
:10CB70008DF80730204601230DF10702FFF748FD2D
:10CB800003B030BD13B583790446052B05D80421C5
:10CB900002B0BDE81040FFF7ACBDC36899881868C3
:10CBA000FEF7B2FB034638B902468021204602B0A8
:10CBB000BDE81040FFF72CBD0A2381218DF8073016
:10CBC000204601230DF10702FFF722FD02B010BD40
:10CBD00013B582790446042A05D8042102B0BDE8C1
:10CBE0001040FFF786BDC368053AD3F80100591D10
:10CBF00092B2FEF7B5FB034638B9024680212046C3
:10CC000002B0BDE81040FFF703BD0A2381218DF873
:10CC10000730204601230DF10702FFF7F9FC02B0AF
:10CC200010BD13B50446FEF7C5FB48B106238121AC
:10CC30008DF80730204601230DF10702FFF7E8FCCD
:10CC400002B010BD1FB504460DF1020201A90DF19D
:10CC50000100FEF735FC9DF8013080218DF8083089
:10CC6000019B20461A0A8DF809308DF80A201A0C0B
:10CC70001B0E8DF80C30BDF802308DF80B208DF8AE
:10CC80000D301B0A8DF80E3002AA0723FFF7C0FCF7
:10CC900004B010BD73B5837904462BB9042102B0EA
:10CCA000BDE87040FFF725BDC3681E78132E01D97B
:10CCB0000A21F4E7304600F07DFF054658B93046BA
:10CCC00001F046F92B462A468021204602B0BDE8F5
:10CCD0007040FFF79DBC062381218DF80730204668
:10CCE00001230DF10702FFF793FC02B070BD70B590
:10CCF000044601F075F8054628B12046BDE87040AD
:10CD00000621FFF7F6BC01F02BF92B462A462046F8
:10CD1000BDE870408021FFF77BBC00002DE9F743A0
:10CD2000837904462BB9042103B0BDE8F043FFF733
:10CD3000E0BCC36893F80080B8F1130F01D90A2151
:10CD4000F2E7FEF775FF0022274B1A73A379012B38
:10CD500018D9E3685D78954208BF0F25404601F079
:10CD600009F8012807460FD00A238DF805008DF831
:10CD7000043002238121204601AAFFF749FC03B0B9
:10CD8000BDE8F0830125E9E74FF47A73174E5D4360
:10CD90003378ABB1DFF858904FF0FF31D9F800008D
:10CDA000FDF73CF80023F01C756286F8287086F8C1
:10CDB0002380B370FFF7B0FAD9F80000FDF751F8FF
:10CDC000012229464046FEF7DBFE034620B14FF420
:10CDD0008573ADF80430CCE702468021204603B0CD
:10CDE000BDE8F043FFF714BC405700205457002023
:10CDF000384C002073B5837904462BB9042102B066
:10CE0000BDE87040FFF775BCC3681D78132D01D9CC
:10CE10000A21F4E7FEF70CFF00221C4B28461A7388
:10CE200000F0A8FF012801460CD00A238DF8050068
:10CE30008DF8043002238121204601AAFFF7E8FB88
:10CE400002B070BD124E86F83100A379012B04D9CF
:10CE5000E3685978002908BF0A214FF47A73012248
:10CE600059432846FEF78CFE034638B1002386F866
:10CE700031304FF48573ADF80430DBE70246802192
:10CE8000204602B0BDE87040FFF7C2BB405700200B
:10CE90008854002010B50446FEF7CAFE0021094858
:10CEA000094B80F8301080F85110817003301973ED
:10CEB000FFF732FA0B460A462046BDE810408021B3
:10CEC000FFF7A6BB545700204057002010B504467A
:10CED00000F052FE28B12046BDE810400621FFF7C1
:10CEE00008BC00F0C9FD03460028F4D102468021A9
:10CEF0002046BDE81040FFF78BBB000070B5174B14
:10CF0000174E1B780446012B0CBF012300233370FE
:10CF100002D00A21204602E0837923B90421BDE82A
:10CF20007040FFF7E6BBC3681D78FD2DF1D8284699
:10CF300000F082FD08B10621ECE7681CC0B27570F4
:10CF4000FFF706FA00F098FD03460028F3D10246E9
:10CF500080212046BDE87040FFF75ABB84010020C5
:10CF60005457002070B51E4BA4B01B78834232D1B9
:10CF70009BB3132931D81B4A01AB002016461D462E
:10CF80001178073303F8071C5178083203F8061CA0
:10CF900006EBC0014C88013003F8054C240A03F865
:10CFA000044C8C8812F8021C03F8034C14284FEA36
:10CFB000142403F8024C03F8011CE1D14FF4801053
:10CFC000FEF764FD28B98C2229464FF48010FEF745
:10CFD00005FD24B070BD0020FBE70120F9E700BF8C
:10CFE00084010020AC57002037B583790446082B14
:10CFF0000AD00A2381218DF807300DF107020123A1
:10D00000FFF706FB03B030BDC268C379117813295E
:10D01000EFD810480078984213D155780E4B03F89A
:10D020003150957803EBC1035D70B2F803505D8019
:10D03000B2F805509D80D2799A710122DA71FFF71A
:10D0400091FF002380211A46204603B0BDE83040FE
:10D05000FFF7DEBA84010020AC5700202DE9F3472A
:10D060000026244C3746A146DFF88C8098F800A0B3
:10D07000BAF1000F39D0C6EBC6000722694600F5A9
:10D080008010F500FEF778FC88BB98F80030534517
:10D0900014D19DF80030022B19D823709DF801306F
:10D0A000BDF80220637009EB05035A80BDF8042027
:10D0B0009A809DF80630A3710123E3710136142E86
:10D0C00004F10804D2D1384602B0BDE8F08702234B
:10D0D00023700A23637009EB05039870D8701871E8
:10D0E00058710123E071A371E8E70127E6E70746DD
:10D0F000E4E700BFAC570020840100204FF480100B
:10D10000FEF7C4BC10B5134C00215822204603F092
:10D1100066FC114B1B785A1E53425341237000F09A
:10D1200095FC00216070E01CA170FFF7F5F843F654
:10D1300098236362012304F1310084F8231084F8FA
:10D140002830E16284F83010FFF7E6F884F85110D7
:10D15000616510BD545700208401002038B5064D8C
:10D1600004462B7833B1012385F85130F8F7B2FD2E
:10D1700004446C6538BD00BF545700202DE9F043CE
:10D180004FF014093E4C4FF0000894F8233087B05C
:10D190000133B3FBF9F209FB123707EB0805B5FBC6
:10D1A000F9F309FB1355EDB2284600F0E3FD012821
:10D1B000064639D14FF47A72636A324FB3FBF2F309
:10D1C0008DF801301B0A8DF8023094F828308DF864
:10D1D00000508DF80330FF238DF806303B788DF832
:10D1E000073000F043FC1E238DF8093004238DF82E
:10D1F0000A303B788DF808008DF80B30637801A871
:10D2000001338DF80C307B78CDF810D08DF80D30CF
:10D210000023ADF80E30FFF7ADFA022807460BD118
:10D220003046FFF79BFF04E008F10108B8F1140F46
:10D23000B3D107B0BDE8F0830028FAD1DFF8488009
:10D24000FEF7F6FC3246616A2846FEF799FC4FF07D
:10D25000FF31D8F80000FCF7E1FD0C4884F82350BA
:10D26000A770FFF759F8F8F735FDE062084884F831
:10D270003060FFF751F8D8F80000FCF7F2FDD8E76E
:10D280005457002084010020384C002057570020BC
:10D2900085570020F8B5264C94F8513053B1F8F773
:10D2A00019FD636DC01A002804DB002384F8513097
:10D2B000FFF764FF1F4D4FF0FF312868FCF7AEFD0C
:10D2C000237813B194F8303023B92868FCF7C9FDEE
:10D2D00000202BE0F8F7FEFCE36AC01A44F61F6357
:10D2E0009842F2D9144E00214FF0010C06F12E079E
:10D2F0000FE04B1CC3F3C400325CD9B203F0070348
:10D300001A41D20705D43A5C0CFA03F31343DBB29B
:10D310003B5463788B42ECD80026286884F8306050
:10D32000FCF79FFD3046FFF719FF0120F8BD00BF55
:10D3300054570020384C00205757002008B5084BA0
:10D3400012220021184603F04AFB064A1278013ADD
:10D3500018BF012200F8022C012200F8012C08BDA0
:10D360004257002084010020F8B50E4D06462B7868
:10D37000B3B10D4B0D4F1C7814234FF0FF313868BB
:10D38000023C5C43FCF74AFD01236E73AB73F8F774
:10D39000A1FC204428613868BDE8F840FCF761BD75
:10D3A000F8BD00BF4057002084010020384C002009
:10D3B0002DE9F041394C86B02378002B6BD0DFF893
:10D3C000E0804FF0FF31D8F80000FCF727FDA57B87
:10D3D000002D5AD0257B002D5AD1F8F77BFC23690C
:10D3E0000126C01A002851DB677BA5732673A57040
:10D3F000F8F770FC6060F8F76DFCA0603546D8F86F
:10D400000000FCF72EFD2DB3264D62782B788DF8A9
:10D4100000708DF801308DF807308DF8062000F08F
:10D4200025FB18238DF8093002238DF80A302B785C
:10D430008DF808008DF80B30AB7801A88DF80C3012
:10D440006B78CDF810D08DF80D300023ADF80E308C
:10D45000FFF790F9FEB94FF0FF31D8F80000FCF764
:10D46000DDFC257BD8F80000FCF7FBFC9DB14FF0FC
:10D47000FF31D8F80000FCF7D1FCD8F80000267383
:10D4800006B0BDE8F041FCF7ECBC2E462F46B6E7EF
:10D4900000263746B2E706B0BDE8F08140570020CD
:10D4A000384C00208401002010B5074C4FF0FF31AC
:10D4B0002068FCF7B3FC0022044B20681A739A70B2
:10D4C000BDE81040FCF7CDBC384C00204057002090
:10D4D000F8B51E4D2B78A3B18379012B33D9C368DE
:10D4E0001B4F5C784FF0FF31013C3868E4B21E7886
:10D4F000FCF794FC386814B16B78A34203D2FCF7B4
:10D50000B0FC0020F8BDE208E91C8B5C04F00704C5
:10D510002341DB07F3D401278B5C07FA04F4234390
:10D52000DBB28B54AB7885F823603B44DBB2AB7045
:10D53000AC786E78E4B2FCF794FCA642E1D2052008
:10D54000FFF70CFEDDE76FF00500DBE75457002026
:10D55000384C0020F8B5144D2A78FAB18279032AA4
:10D560001ED9C368114C1E78B3F8017000238021C6
:10D570001A46FFF74DF84FF0FF312068FCF74EFCDC
:10D58000FEF756FB4FF47A710023012230467943AF
:10D590002B73FEF7F5FA2068FCF763FC0020F8BD5A
:10D5A0006FF00500FBE700BF40570020384C00201B
:10D5B0002DE9F04104468078431EDBB2FD2B03D8F1
:10D5C000894B1B78834221D16379292B26D8132BD1
:10D5D00006D9864AA3F11401C9B2CA40D2072DD494
:10D5E000217A99B1E2798AB191420FD3627A511EC0
:10D5F00001290BD8A17A914208D2E27A3F2A05D8B4
:10D60000A279422A02D8FAB1E268EAB90A21204690
:10D61000FFF76FF86FF00500BDE8F08183F080023E
:10D62000052ADDD8FF2811D1802B00F0CA807F3376
:10D63000DBB2042B00F2D1800020EDE7A279422A70
:10D64000E4D8FF280BD001E0FF2803D0664A127807
:10D650008242F1D1292BE7D8002B00F0BE80013B9C
:10D66000282B00F2BA80DFE803F015B81A1F3DB886
:10D67000B8B8B8B8B8B8B8B8B8B8B8B824292E335C
:10D680003884B842474C75897A8EB8B8B8937F9879
:10D690009DA2A7002046BDE8F041FFF725B820462F
:10D6A000BDE8F041FFF731B82046BDE8F041FFF793
:10D6B0004CB82046BDE8F041FFF780B82046BDE8F1
:10D6C000F041FFF7E7BA2046BDE8F041FFF70FBB96
:10D6D0002046BDE8F041FFF721BB2046BDE8F04100
:10D6E000FFF7D8BB2046BDE8F041FFF7EFBB20466F
:10D6F000BDE8F041FFF702BC2046BDE8F041FFF76E
:10D7000073BCFFF7FBFCA0220021394803F067F946
:10D710000022374B4FF0020C1E460A271046012507
:10D7200006EBC2010132142A83F800C05F708870D2
:10D73000C8700871487103F1080303F8025C03F82C
:10D74000015CEDD100232046BDE8F0411A4680215E
:10D75000FEF75EBF2046BDE8F041FFF74BBB204619
:10D76000BDE8F041FFF7D0B82046BDE8F041FFF733
:10D770004FB92046BDE8F041FFF7AABE2046BDE8FC
:10D78000F041FFF7E7BE2046BDE8F041FFF76AB978
:10D790002046BDE8F041FFF7C9B92046BDE8F04199
:10D7A000FFF7F0B92046BDE8F041FFF711BA204677
:10D7B000BDE8F041FFF735BA2046BDE8F041FFF77C
:10D7C00041BA0C4B1A78002A3FF436AF1B7B002B72
:10D7D0003FF432AFFFF768FE2EE70A212046FEF73E
:10D7E00088FF6FF0040017E7840100205F143D00FC
:10D7F000AC5700204057002070B5CAB069460AA84F
:10D80000FDF722FF68B30022174BBDF800101A7015
:10D810000AA805AAFEF762FE18BB144E9DF8175021
:10D8200033789D421DD09DF81640FF2C01D0A342B5
:10D8300002D105A8FFF7BCFE0D4B1B788BB19DF9FB
:10D840001930002B0DDA64B93378AB4209D00DF1F1
:10D85000020201A905A8FEF791FE10B905A8FEF77E
:10D860009BFF4AB070BD00BF5759002084010020C3
:10D87000565900202DE9F0430A241A4FDFF868803A
:10D88000DFF86890C7B04FF480710DF1020206A86E
:10D89000FCF7DAFFA8B10123BDF8026001AA314606
:10D8A00006A83B7088F80030FEF718FE28B99DF8EE
:10D8B00007304BB101A8FFF77BFE013C14F0FF04D9
:10D8C000E1D147B0BDE8F0839DF8065099F80030EB
:10D8D000AB42EFD0314606A8FEF74AFFFF2DECD150
:10D8E000E8E700BF56590020575900208401002066
:10D8F00070B5002304464FF6FF700B4E1A1F92B20C
:10D90000012A0CD9E25C5040082240F30005354062
:10D91000013A85EA500012F0FF0280B2F5D10133DE
:10D920009AB28A42EAD370BD01A0FFFF30B5ADF2D2
:10D930000C4D054640F20242002001A9FEF71CF8FA
:10D94000044660BB019BB3F1A53F2CD19DF810406C
:10D95000012C28D19DF80A30013BDBB2FD2B1ED8EB
:10D960009DF81230132B1AD89DF81330BBB140F23A
:10D97000024101A8FFF7BCFFBDF8083083420ED179
:10D980002A4601AB05AD1C4603CCAC421060516089
:10D99000234602F10802F6D1238800241380204692
:10D9A0000DF20C4D30BD0124F9E7000070B5ADF566
:10D9B000816D40F20242FF2101A803F010F8124BE2
:10D9C00001AA1D4603F11006144618685968083369
:10D9D00003C4B3422246F7D11B8840F202412380A0
:10D9E00001A8FFF785FFADF80800A8800020FEF72A
:10D9F0004DF838B940F2024201A9FDF7EFFF0DF5ED
:10DA0000816D70BD0120FAE758590020421ED2B244
:10DA1000FD2A08B505D8044A9071FEF78FFC002056
:10DA200008BD0120FCE700BF58590020014B987940
:10DA3000704700BF58590020FD289DBF024BD87188
:10DA400000200120704700BF58590020014BD879B1
:10DA5000704700BF585900200F289DBF024B5874D3
:10DA600000200120704700BF58590020014B587C0E
:10DA7000704700BF58590020024A936801339360F1
:10DA8000FFF794BF585900206FF05A0108B50E4BAC
:10DA900000220120197059709970D9700F21987166
:10DAA000DA7118731A725A729A72DA725A739A7316
:10DAB000D9731A745A741A715A71FEF73FFCBDE893
:10DAC0000840FFF773BF00BF5859002070B586B0FB
:10DAD00001A8FFF72BFF274C002833D1224601ABCA
:10DAE00005AE1D4603CDB542106051602B4602F1D4
:10DAF0000802F6D12B881380FDF788FB0346DBB2C2
:10DB0000000C13BB70B1FE2828BFFE20C0B2FFF787
:10DB10007DFFFFF7B1FFFDF7E7FBC820F8F7E0F85E
:10DB2000FDF7D2FBE379A079FD2B84BF0023E371DD
:10DB3000FEF704FCE0790130C0B206B0BDE87040E9
:10DB4000FEF706BCFFF7A0FFD6E7FD2828BFFD20A3
:10DB5000C0B2FFF771FFFFF78FFFFDF7C5FBC820CD
:10DB6000F8F7BEF8FDF7B0FBC820F8F7B9F8FDF7F5
:10DB7000BBFBD7E75859002000200F22024B5873F7
:10DB80009873DA73187470475859002010B510B1A3
:10DB9000074C647B047011B10548807B087012B19A
:10DBA0000349C97B117013B1014A127C1A7010BD70
:10DBB00058590020132803D802300003FDF766BF30
:10DBC000012070472DE9F0411328A6B0064688468B
:10DBD00015461F462F9C60D8531E012B5DD8002C84
:10DBE0005BD0FDF781FB9422FF2101A802F0F7FE34
:10DBF0002B4B8DF80A7000939DF8B03000278DF8FC
:10DC00000B309DF8B43004978DF80C309DF8B83087
:10DC10008DF806608DF80D3001238DF807808DF8A2
:10DC20000E308DF80950F8F755F82346ADF804701A
:10DC3000059006AC03F1400722461868596808337E
:10DC400003C2BB421446F7D1022D0AD116AC03F130
:10DC50004007224618685968083303C2BB4214467D
:10DC6000F7D1AD01183529466846FFF741FE023667
:10DC70003603ADF804003046FDF708FF044628B12E
:10DC8000FDF722FB204626B0BDE8F0812A46694612
:10DC90003046FDF7A3FE0446F2E70124F2E700BF99
:10DCA000C0D0D0C02DE9F04F1328A7B00C46904645
:10DCB0001F46DDF8C09004D90125284627B0BDE8ED
:10DCC000F08F0029F8D0002AF6D0002BF4D00230D3
:10DCD000982269460003FDF74FFE05460028ECD167
:10DCE000234B009A9A42E7D19DF809A068464FEA73
:10DCF0008A1606F11801FFF7FBFDBDF804308342D8
:10DD0000DAD106AAA3199C421FD19DF80A3088F8DF
:10DD100000A03B70B9F1000F03D09DF80B3089F8DB
:10DD20000030319B1BB19DF80C30319A1370329B3F
:10DD30001BB19DF80D30329A1370339B002BBCD071
:10DD40009DF80730339A1370B7E79646A44602F160
:10DD5000400B764603CE5E45CCF80000CCF80410AC
:10DD6000B6460CF1080CF4D140344032CBE700BF8A
:10DD7000C0D0D0C030B51328ADB003D9FF25284698
:10DD80002DB030BD02300403182269462046FDF74D
:10DD9000F3FD05460028F1D1104B009A9A42EED1CE
:10DDA0009DF80920531E012BE8D89DF80E50012D37
:10DDB000E4D192012046183206A9FDF7DDFD0028C6
:10DDC000DCD19DF8091006A889011831FFF790FDF4
:10DDD000BDF804308342D2D0D0E700BFC0D0D0C05D
:10DDE00010B54FF400542046FDF750FE20B904F55D
:10DDF0008054B4F5B03FF6D110BD0000F0B5132843
:10DE000006460D461446A7B050D84B1E012B4DD8E0
:10DE1000002A4BD0FDF768FA4822FF2114A802F02F
:10DE2000DEFD234B2246009301238DF808300023AA
:10DE30008DF806608DF807500393ADF80430ADF807
:10DE400009308DF80B3004AC02F14007234610680E
:10DE50005168083203C3BA421C46F7D1022D0AD1D9
:10DE600014AB02F140071C4610685168083203C425
:10DE7000BA422346F7D1AD01103529466846FFF76F
:10DE800037FD22363603ADF804003046FDF7FEFDBF
:10DE9000044620B1FDF718FA204627B0F0BD2A4607
:10DEA00069463046FDF79AFD0446F3E70124F3E79F
:10DEB000455049502DE9F04113280C461746A6B0AD
:10DEC00004D90126304626B0BDE8F0810029F8D0FB
:10DED000002AF6D02230902269460003FDF74CFD5F
:10DEE00006460028EED1194B009A9A42E9D19DF8D6
:10DEF000078008F1FF33012BE3D84FEA8811684609
:10DF00001031FFF7F5FCBDF804308342D9D1224629
:10DF10000DF1100C14AD634603CBAB4210605160A1
:10DF20009C4602F10802F6D1B8F1020F0BD104F1C0
:10DF3000400324AC2A4603CAA24218605960154621
:10DF400003F10803F6D187F80080BBE7455049503C
:10DF5000132803D822300003FDF798BD0120704735
:10DF600010B54FF408342046FDF790FD20B904F5B4
:10DF70008054B4F5583FF6D110BD00002DE9F347A9
:10DF8000324B05461B680E469DF828809DF82C9064
:10DF90000C9F002B57D0062A28BF06222C4B03EBE0
:10DFA000C203D3F804A000F07FF90446D0BB0A20D6
:10DFB00000F078F9AC42E0B238D1013CE4B221463D
:10DFC000002001F00BFB0A2000F06CF92146002034
:10DFD00001F0DCFA0A2000F065F900F065F9054669
:10DFE00000BB0A2000F05EF900F0F8F80A2000F00B
:10DFF00059F92146284601F003FE0A2000F052F9A3
:10E000002146284601F0CFFA0A2000F04BF900F033
:10E010004BF938B90A2000F045F900F0E9F80A2078
:10E0200000F040F9002002B0BDE8F08706EB841153
:10E030003FB107EB042300934A464346D0470134DF
:10E04000B8E73B46F7E76FF00300ECE76C680020A9
:10E05000C83C0108A8B10368B3B14368A3B18368A1
:10E0600093B1C36883B1036973B1436963B18369D1
:10E0700053B1C36943B1836C33B1054B18600020C1
:10E0800070474FF0FF3070476FF00100704700BFDE
:10E090006C680020034B1B6813B19B6C03B11847DD
:10E0A000704700BF6C680020054B1B6833B11A6DC8
:10E0B00002B110479B6C0BB10A201847704700BF94
:10E0C0006C680020034B1B6813B11B6C03B118472D
:10E0D000704700BF6C680020034B1B6813B15B6C7A
:10E0E00003B11847704700BF6C680020034B1B68E2
:10E0F00013B11B6803B11847704700BF6C6800205C
:10E10000034B1B6813B15B6803B11847704700BF2E
:10E110006C680020034B1B6813B19B6803B1184760
:10E12000704700BF6C680020034B1B6813B1DB68AD
:10E1300003B11847704700BF6C680020034B1B6891
:10E1400013B11B6903B11847704700BF6C6800200A
:10E15000034B1B6813B15B6903B11847704700BFDD
:10E160006C680020034B1B6813B19B6903B118470F
:10E17000704700BF6C680020034B1B6813B1DB695C
:10E1800003B11847704700BF6C680020034B1B6841
:10E1900013B11B6A03B11847704700BF6C680020B9
:10E1A000034B1B6813B15B6A03B11847704700BF8C
:10E1B0006C680020034B1B6813B19B6A03B11847BE
:10E1C000704700BF6C680020034B1B6813B1DB6A0B
:10E1D00003B11847704700BF6C680020034B1B68F1
:10E1E00013B11B6B03B11847704700BF6C68002068
:10E1F000034B1B6813B15B6B03B11847704700BF3B
:10E200006C680020034B1B6813B19B6B03B118476C
:10E21000002070476C68002070B506460C46082543
:10E22000FFF782FFFFF7D0FF230615D5FFF786FF24
:10E2300000BFFFF797FF00BF013DFFF79DFF6400A0
:10E2400015F0FF05E4B2EFD1FFF782FF00BF3046C3
:10E25000FFF760FF00BF70BDFFF77AFFE8E770B51A
:10E2600006460C460825FFF75FFFFFF7A3FF2306CE
:10E2700015D5FFF763FF00BFFFF774FF00BF013D37
:10E28000FFF77AFF640015F0FF05E4B2EFD1FFF766
:10E290005FFF00BF3046FFF73DFF00BF70BDFFF7D7
:10E2A00057FFE8E7FFF7F6BE10B541F2883401F0FA
:10E2B00060F908B1002007E00120FFF7EBFE013C08
:10E2C000F5D10120014B187010BD00BF6B59002023
:10E2D00070B50546FFF7E8FF044610BB2846FFF778
:10E2E00023FFFFF767FFFFF7F7FE00BF0826640074
:10E2F000E4B200BFFFF736FFFFF784FF08B144F038
:10E30000010400BFFFF738FF013EF0D1FFF7DAFE4E
:10E31000FFF71EFF00BF2846FFF7FCFE00BF2046A8
:10E3200070BDFF24FBE70000014B1878704700BF69
:10E330006B5900200022014B1A7070476B59002066
:10E3400008B501F005F90A20FFF7A4FEFFF7ACFFBE
:10E35000B0FA80F0400908BD38B54C4B1B68002B63
:10E3600000F0908001F0F4F80A20FFF793FE4FF4DC
:10E3700040720021464802F032FB4FF44062002117
:10E38000444802F02CFB02220E21434B17241A7042
:10E39000424B434A19700F231370424A424813708C
:10E3A0001422027041480125047041480024037082
:10E3B00040480370404B3220197003233F490B70D3
:10E3C0003F490B703F490B703F490C703F490C703F
:10E3D0003F490C703F490C703F490C703F490C702D
:10E3E0003F490A703F4908703F490A700A223F4975
:10E3F0000A703F490A7005223E490A703E490A7078
:10E400003E4A15703E4A15703E4A15703E4A1570D8
:10E410003E4A15703E4A15703E4A13703E4A1370CC
:10E420003E4A13703E4A13703E4A13703E4A1370C0
:10E430003E4A13703E4B1C703E4B1D703E4B1D7090
:10E440003E4B1D703E4B1D703E4B1D703E4B1D7074
:10E450003E4B1C703E4B1C703E4B1C703E4B1C7068
:10E460003E4B1C703E4B1C703E4B1C703E4B1C7058
:10E470003E4B1C703E4B1C7000F0CEF820463D4BCE
:10E480001D7038BD6FF00300FBE700BF6C68002013
:10E490006C6500206C5900203E7900203079002006
:10E4A0002F7900202E7900202D7900202C79002052
:10E4B0002B7900202A790020297900202879002052
:10E4C0002779002026790020257900202479002052
:10E4D0002379002022790020217900202079002052
:10E4E00037790020367900203579002034790020F2
:10E4F0003379002032790020317900201F79002003
:10E500001E7900201D7900201C7900201B79002035
:10E510001A79002019790020187900201779002035
:10E520001679002015790020147900201379002035
:10E530001279002011790020107900200F79002035
:10E540000E7900200D7900200C7900200B79002035
:10E550000A79002009790020087900203D790020FF
:10E560003C7900203B7900203A790020397900205D
:10E57000387900206A590020431E0B2B9CBF014BA9
:10E58000187070478B010020014B1870704700BF56
:10E590008A010020014B1878704700BF8A010020D3
:10E5A00038B51B4B05461B7853B3FFF77DFE044679
:10E5B00048BB0A20FFF76EFD284600F0DEFF0A2068
:10E5C000FFF768FD284600F0D8FF0A20FFF762FD3C
:10E5D000284600F0D2FF05460A20FFF75BFD022D1A
:10E5E00005D9033DEDB22F2D9CBF0A4B5C57E0B21D
:10E5F00000F010FF50B900F00DFF6FF0040038BDBF
:10E600006FF00200FBE76FF00500F8E70020F6E787
:10E610006A590020003D010810B5064C23783BB92B
:10E6200040F22D720449054802F065FA0123237077
:10E6300010BD00BF70680020EC1501087168002053
:10E6400040F22D7208B50449044802F054FA012240
:10E65000034B1A7008BD00BFEC150108716800205B
:10E66000706800202DE9F041C0B06F460E460546A7
:10E67000394600234024013C14F0FF0441F8043BD8
:10E680001344F8D14FF00608FE2E04BFB4FBF8F295
:10E6900008FB1242214604F1010414BF3246D2B2F3
:10E6A000284657F8043BE4B201F0D6F9402CEBD1F0
:10E6B000002328461946FE2201F0CEF90023FE224F
:10E6C0003F21284640B0BDE8F04101F0C5B9000047
:10E6D000F0B5C1B005466846002340240746469E73
:10E6E000013C14F0FF0440F8043B1344F8D11048F7
:10E6F000402200EB851002F058F90E48002E14BF9E
:10E70000314639464FF4807200EB052002F04DF996
:10E71000234621462846FE2201F09EF92346FE228A
:10E720003F21284641B0BDE8F04001F095B900BF57
:10E730006C6500206C5900202DE9F04FADF2445D6E
:10E740000D469DF868159046019106469946DDF8FC
:10E750006CA5FFF71FFF10AF0446002238464FF0AC
:10E76000400B01990BF1FF3313F0FF0B40F8042B22
:10E770004244F7D111B35C464FF00608ACB13F2CD0
:10E780002FD02A78E1B2FE2A12D10C2C01D0342CE1
:10E7900002D10023FF2205E0B1FBF8F208FB1212C0
:10E7A0003B68D2B2304601F057F901340437E5E74F
:10E7B0000C2CEED0342CECD03B68F3E7A64829466D
:10E7C000A64D402200EB861002F0EFF805EB06257F
:10E7D0004FF48072BAF1000F13D05146284602F070
:10E7E000E4F8002330461946FE2201F035F90023F3
:10E7F000FE223F2130460DF2445DBDE8F04F01F0AE
:10E800002BB9974950A802F076F94FF480729549D8
:10E8100090A802F070F94FF480729349D0A802F0EA
:10E820006AF94FF4807291490DF5886002F063F93E
:10E83000B9F10A0F00F2EC81DFE819F067009300EC
:10E840000B003900BE0026017101EA019E01EA01B8
:10E85000CA01DFF81CC202AFBCE80F000FC7BCE85A
:10E860000F000FC7BCE80F000FC79CE803000E2382
:10E87000013CB4FBF3F203FB124487E8030002AB54
:10E8800053F824101E235943002350AA01330C2BA4
:10E8900002F10402FAD0342BF8D03F2B03D14FF40D
:10E8A000807250A955E0106808441060EEE7DFF868
:10E8B000C4C102AFBCE80F000FC7BCE80F000FC710
:10E8C000BCE80F000FC79CE803000E23013CB4FB1B
:10E8D000F3F203FB124487E8030002AB53F8241061
:10E8E0001E235943002390AA01330C2B02F104028A
:10E8F000FAD0342BF8D03F2B03D14FF4807290A97B
:10E9000027E0106808441060EEE7DFF86CC102AF42
:10E91000BCE80F000FC7BCE80F000FC79CE807005A
:10E920000E23013CB4FBF3F487E8070002AB53F875
:10E9300024101E2359430023D0AA01330C2B02F1CB
:10E940000402FAD0342BF8D03F2B06D14FF480725A
:10E95000D0A9284602F0CFF843E7106808441060B9
:10E96000EBE7DFF818C102AFBCE80F000FC7BCE847
:10E970000F000FC79CE807000E23013CB4FBF3F423
:10E9800087E8070002AB53F824101E2359430023E5
:10E990000DF5886201330C2B02F10402FAD0342BFE
:10E9A000F8D03F2B04D14FF480720DF58861D0E789
:10E9B000106808441060EDE704F1FF3CBCF1290F3A
:10E9C00026D82F4F02AC0FCF0FC40FCF0FC497E83C
:10E9D00007000E23BCFBF3F34FF0030B84E80700A2
:10E9E00002AA52F823201E214A430021D0A80DF587
:10E9F000886401310C2900F1040004F10404F8D00A
:10EA00003429F6D03F291BD1BBF1030FCBD19DE7B1
:10EA10007F3C1B2C12D81B4F02AC0FCF0FC40FCF63
:10EA20000FC497E807000E23BCFBF3FC84E8070043
:10EA300002AB4FF0020B53F82C20D4E70022D2E7B0
:10EA4000BBF1030F0BBF07682768BF18BF180CBFC7
:10EA500007602760CDE700BF6C6500206C5900207F
:10EA60001C1D01081C1E01081C1F01081C20010898
:10EA70001C210108542101088C210108B82101083A
:10EA8000E42101081022010804F1FF3CBCF1290F28
:10EA90002DD8614F02AC0FCF0FC40FCF0FC497E832
:10EAA00007000E23BCFBF3F34FF0020B84E80700D2
:10EAB00002AA52F823201E214A430021D0A80DF5B6
:10EAC000886401310C2900F1040004F10404F8D039
:10EAD0003429F6D03F2997D0BBF1030F0BBF07684D
:10EAE0002768BF18BF180CBF07602760E9E77F3CA5
:10EAF0001B2C12D8494F02AC0FCF0FC40FCF0FC43D
:10EB000097E807000E23BCFBF3FC84E8070002AB88
:10EB10004FF0030B53F82C20CDE70022CBE7621E09
:10EB2000292A02D97F3C1B2C19D80E23B2FBF3F300
:10EB300003F0010B002102EB820290A850AC0131DE
:10EB40000C2900F1040004F10404F8D03429F6D0B3
:10EB50003F2906D1BBF1010F7FF4A1AECDE6002223
:10EB6000E8E7BBF1010F0BBF07682768BF18BF18A4
:10EB70000CBF07602760E2E7621E292A03D9A4F1CF
:10EB80007F011B2922D80E23B2FBF3F2D243C4F13A
:10EB90009A0402F0010B002204EB840490A950A80F
:10EBA00001320C2A01F1040100F10400F8D0342AEA
:10EBB000F6D03F2ACED0BBF1010F0BBF0F6807681C
:10EBC0003F193F190CBF0F600760E9E70024E2E737
:10EBD00001F0A8FD031E03F00103B8BF5B429BB226
:10EBE00053B93F2247F82230013A511C4344F9D12E
:10EBF0004FF4807210A9ACE6012BF9D1002240231A
:10EC0000013B13F0FF0347F8042B4244F8D1EFE730
:10EC10004FF4807239469CE610220108E421010875
:10EC20001FB54FF0000C8DF80F100121CDE9001C2D
:10EC30000DF10F01FFF780FD05B05DF804FB13B582
:10EC4000049C019400240094FFF776FD02B010BDEF
:10EC50002DE9F04FADF6441D89469DF86819174619
:10EC6000019105469846DDF86CA9FFF793FC10AEBC
:10EC70000446002230464FF0400B01990BF1FF3360
:10EC800013F0FF0B40F8042B3A44F7D100293AD097
:10EC90005C4605F00107E1B2AFB9B4B90134402CCC
:10ECA00006F10406F7D1002328461946FE2200F09B
:10ECB000D3FE0023FE223F2128460DF6441DBDE869
:10ECC000F04F00F0C9BE3F2CEDD099F80020A1F123
:10ECD0001003FE2ADBB210D1022B03D817B1002398
:10ECE000FF2206E00623B1FBF3F203FB12123368A6
:10ECF000D2B2284600F0B0FED0E7022B01D8002F98
:10ED0000EDD13368F5E7B8484022494600EB85105D
:10ED100001F04BFEBAF1000F08D0B4484FF48072F6
:10ED2000514600EB052001F040FEBCE74FF40072B5
:10ED3000AF4950A801F0DFFE4FF40072AD49D0A8F2
:10ED400001F0D9FE4FF40072AB490DF5A86001F057
:10ED5000D2FE4FF40072A9490DF5E86001F0CBFE38
:10ED6000B8F10A0F00F20782DFE818F062008900AC
:10ED70000B0039000B01B00077010502B10105025B
:10ED8000E5019F4F02AE0FCF0FC60FCF0FC60FCFBB
:10ED90000FC697E803000E23013CB4FBF3F203FB1C
:10EDA000124486E8030002AB53F824001E2350AA45
:10EDB00005F00101584302EB0123002201323F2AF2
:10EDC00008D14FF4807250AB03EB0121874800EB70
:10EDD00005206AE153F8044F04441C60EEE7894FB4
:10EDE00002AE0FCF0FC60FCF0FC60FCF0FC697E8DB
:10EDF00003000E23013CB4FBF3F203FB124486E84C
:10EE0000030002AB53F824001E23D0AA05F0010131
:10EE1000584302EB0123002201323F2A03D14FF471
:10EE20008072D0ABD0E753F8044F04441C60F3E782
:10EE3000754F02AE0FCF0FC60FCF0FC697E8070072
:10EE40000E23013CB4FBF3F486E8070002AB53F851
:10EE500024001E230DF5A86205F00101584302EBC2
:10EE60000123002201323F2A04D14FF480720DF5B4
:10EE7000A863A9E753F8044F04441C60F2E7634F0A
:10EE800002AE0FCF0FC60FCF0FC697E807000E23B5
:10EE9000013CB4FBF3F486E8070002AB53F824000E
:10EEA0001E230DF5E86205F00101584302EB012332
:10EEB000002201323F2A04D14FF480720DF5E8633D
:10EEC00082E753F8044F04441C60F2E7A4F12B02DC
:10EED000292A2AD84E4F02AE0FCF0FC60FCF0FC62A
:10EEE00097E807000E23013CB4FBF3F44FF0020B4C
:10EEF00086E8070002AB53F824001E2100260DF51A
:10EF0000A863484305F0010103EB01240DF5E86314
:10EF100003EB012201363F2E21D1BBF1020FCBD0F2
:10EF2000BBF1030F7FF4BFAE9FE7A4F15502292A7E
:10EF300013D8384F02AE0FCF0FC60FCF0FC697E8CA
:10EF400007000E23013CB4FBF3F486E8070002AB94
:10EF50004FF0030B53F82400CFE70020CDE7BBF1BF
:10EF6000020F04F1040402F1040203D117680744FC
:10EF70001760CFE7BBF1030F02BF27683F18276078
:10EF8000C8E7A4F12B02292A46D8224F02AE0FCFA0
:10EF90000FC60FCF0FC697E807000E23013CB4FB46
:10EFA000F3F44FF0030B86E8070002AB53F824009C
:10EFB0001E2100260DF5A863484305F0010103EB6F
:10EFC00001240DF5E86303EB012201363F2EA4D0A6
:10EFD000BBF1020F04F1040402F1040236D11768F8
:10EFE00007441760F1E700BF6C6500206C590020F2
:10EFF0003C2201083C2401083C2601083C28010869
:10F000003C2A0108742A0108AC2A0108D82A010800
:10F01000042B0108302B0108A4F15502292A13D82A
:10F02000574F02AE0FCF0FC60FCF0FC697E807009E
:10F030000E23013CB4FBF3F486E8070002AB4FF06B
:10F04000020B53F82400B3E70020B1E7BBF1030F34
:10F0500002BF27683F182760B7E7A4F12B02532AA5
:10F060009DBF0E2304F1FF34B4FBF3F300244FF0F3
:10F07000000605F0010198BF03F0010B50AB03EB54
:10F080000120D0AB04EB840403EB012201363F2EB8
:10F090000ED13C48BBF1010F00EB05204FEA0121E6
:10F0A00045D14FF48072D0AB194401F024FDFAE54C
:10F0B000BBF1010F0BBF576847683F193F1900F1BB
:10F0C000040002F104020CBF17600760DEE7A4F140
:10F0D0002B02532A9FBF0E2204F1FF33B3FBF2F33E
:10F0E000DB4388BF00244FF0000605F0010198BF04
:10F0F00003F0010B50AB98BFC4F19A0403EB01205D
:10F10000D0AB04EB840403EB012201363F2EC0D0C8
:10F11000BBF1010F0BBF576847683F193F1900F15A
:10F12000040002F104020CBF17600760EDE74FF422
:10F13000807250ABB8E701F0F5FA031E03F001034B
:10F14000B8BF5B429BB253B93F2246F82230013A26
:10F15000511C3B44F9D14FF4807210A936E6012BC3
:10F16000F9D100224023013B13F0FF0346F8042BA2
:10F170003A44F8D1EFE74FF48072314626E600BFFB
:10F18000042B01086C5900201FB54FF0000C8DF8BE
:10F190000F100121CDE9001C0DF10F01FFF758FD03
:10F1A00005B05DF804FB13B5049C019400240094A1
:10F1B000FFF74EFD02B010BD0300F0B58F4A8FB0CF
:10F1C0008F480191D17AC45CC0184C400494072444
:10F1D000A4466546117B43784B401C400594537B05
:10F1E00084785C400694927BC4785440254004792E
:10F1F00007956140089141794B40614619408379F8
:10F2000009915A4000230A9202930333029A049907
:10F210008A4260D10FB0F0BD61462268059D114061
:10F2200059438D40016801320D4305602260072A71
:10F2300034D9614611400B9161460A422ED1714F7B
:10F24000019E3968D2084E435A430C966E4E31687F
:10F2500089180C9A891803390D7021680568CA0845
:10F260000C9201993A682D0A51430D910C9932681C
:10F27000594352180D9905605218023A15702268C8
:10F280003968019DD2085A4369433568AD18026850
:10F290006D18120A013D2A700B9A0260039A01321E
:10F2A000D2B20392039A06998A42B5D10022574CF2
:10F2B00057480392039A08998A4211D10022534C6D
:10F2C00053480392039A0A998A4250D1029A013212
:10F2D000D2B202929AE700224C4C4D480392E1E7E9
:10F2E00061462268079D114059438D4001680132F3
:10F2F0000D4305602260072A34D9614611400B9105
:10F3000061460A422ED13F4F019E3968D2084E43D2
:10F310005A430C963C4E316889180C9A8918033967
:10F320000D7021680568CA080C9201993A682D0A87
:10F3300051430D910C993268594352180D9905604B
:10F340005218023A157022683968019DD2085A4352
:10F3500069433568AD1802686D18120A013D2A70BC
:10F360000B9A0260039A0132D2B20392A2E761467D
:10F370002268099D114059438D40016801320D43B7
:10F3800005602260072A34D9614611400B9161461D
:10F390000A422ED11B4F019E3968D2084E435A4370
:10F3A0000C96194E316889180C9A891803390D701A
:10F3B00021680568CA080C9201993A682D0A5143E0
:10F3C0000D910C993268594352180D9905605218E5
:10F3D000023A157022683968019DD2085A43694380
:10F3E0003568AD1802686D18120A013D2A700B9A33
:10F3F0000260039A0132D2B2039263E7D878002008
:10F4000071680020CC780020D47800207878002023
:10F4100084780020F7B5444E444C102205002100AA
:10F42000300001F068FB727A131CAA4200D92B1C31
:10F43000DBB208335B00E25CE3185B783C48120205
:10F44000D318E11804003B4D20222B6001F053FB40
:10F45000A27A637A12021A43374B384E1A6003239A
:10F460005343DB0804333360E37B354C354F20686E
:10F470003B70002801D001F09FF83B78306858437A
:10F4800001F092F82060002808D000272B68203374
:10F490002B602C4B1B78BB4201D80120FEBD002401
:10F4A000294B244D1C602B68284E5A1C2A601F4A89
:10F4B0003460D35C0193019BA3422CDC03203368AE
:10F4C0001F4CDB0843431D4D21682A68C9187A4345
:10F4D0001D4B186888542A6831687A43944622681C
:10F4E000C908019203225143019A18685218000A70
:10F4F0006244186050701A683168120A1A602368F2
:10F5000003242868C908614378435B181B18013736
:10F510009A70FFB2BDE739002868FFF74DFE2B68EF
:10F52000013407332B60C6E7F878002071680020AB
:10F53000D87800207C780020D0780020CC7800207B
:10F54000D4780020CA7800208478002078780020C1
:10F5500010B5FEF7CBFD0A20FEF79CFDFEF7D0FDAF
:10F560000A20FEF797FDFEF7C1FD0A20FEF792FD87
:10F5700010BD10B5FEF746FE10BD10B504004021C9
:10F58000FEF74AFE2000FEF7A3FE10BD70B5040092
:10F590000D00AC4200D970BD200004210134FEF7FB
:10F5A0003BFEE4B2F5E770B504000D00AC4200D9B3
:10F5B00070BD20000221FEF72FFE20000021013443
:10F5C000FEF74DFEE4B2F1E703000818C0B280294F
:10F5D00003D90F2211405B1AD8B27047F7B5040067
:10F5E00004260191019B9C4200D9F7BDE04FE14BFD
:10F5F000B8791978FFF7E8FFDF4DE04B2870F8780D
:10F600001978FFF7E1FFDE4B6870F8791978FFF79A
:10F61000DBFFDC4BA87038791978FFF7D5FFDA4BA0
:10F62000E8701978387AFFF7CFFFD84B287119782E
:10F630007879FFF7C9FF002168712000FEF7ECFD23
:10F6400020000B21FEF70BFE20000121FEF7E4FD58
:10F6500020000F21FEF703FECD4B20001978FEF7A6
:10F66000FEFD20002978FEF7FAFD20006978FEF7FC
:10F67000F6FD2000A978FEF7F2FD2000E978FEF7FC
:10F68000EEFD20002979FEF7EAFD20006979FEF7FA
:10F69000E6FD20000321FEF7BFFDBE4B07251978CC
:10F6A000BD4B89011B7820001B011943BB4B1B7804
:10F6B0009B001943BA4B1B781943C9B2FEF7CFFD23
:10F6C00020000621FEF7A8FDB64B2000197889011D
:10F6D000C9B2FEF7C4FDB44B200019788901C9B244
:10F6E000FEF7BDFDB14B20001978B14B89011B78A5
:10F6F0002B401943C9B2FEF7B2FDAE4B200019787A
:10F700002940FEF7ACFDAC4B20001978AB4B49010A
:10F710001B782B401943C9B2FEF7A1FDA84B20006E
:10F720001978A84B49011B782B401943C9B2FEF741
:10F7300096FD2000A421FEF76FFDA34D2000A97ABD
:10F74000FEF78DFD2000E97AFEF789FD2000297B78
:10F75000FEF785FD2000697BFEF781FD2000FF217B
:10F76000FEF75AFD2000A521FEF779FD2000EF21CC
:10F77000FEF752FD954B20001978FEF770FD944B73
:10F7800020001978FEF76BFD924B20001978FEF7E8
:10F7900066FD914B20001978FEF761FD8F4B20002C
:10F7A0001978FEF75CFD8E4B20001978FEF757FDA7
:10F7B0008C4B20001978FEF752FD8B4B20001978F6
:10F7C000FEF74DFD0F252000DC21FEF725FD200072
:10F7D0001221FEF744FD2000DD21FEF71DFD834BC5
:10F7E00020001978FEF73BFD814B20001978FEF7C9
:10F7F00036FD804B20001978FEF731FD7E4B20004E
:10F800001978FEF72CFD7D4B20001978FEF727FDB7
:10F810007B4B20001978FEF722FD7A4B20001978E7
:10F82000FEF71DFD2000E121FEF7F6FC764B2000DF
:10F830001978764B89001B7819432940FEF70FFD94
:10F840002000E221FEF7E8FC714B20001978714B93
:10F8500089001B7819432940FEF701FD2000E321B0
:10F86000FEF7DAFC6C4B200019786C4B89001B7892
:10F8700019432940FEF7F3FC2000E421FEF7CCFCFD
:10F88000674B0C3D1978200029403143FEF7E7FC17
:10F890002000E521FEF7C0FC624B200019782940CA
:10F8A0003143FEF7DCFC2000E621FEF7B5FC5E4BA1
:10F8B0002000197829403143FEF7D1FC2000E721D0
:10F8C000FEF7AAFC594B2000197829403143FEF776
:10F8D000C6FC2000E821FEF79FFC554B200019785C
:10F8E00029403143FEF7BBFC2000E921FEF794FCE0
:10F8F000504B2000197829403143FEF7B0FC20001E
:10F90000EA21FEF789FC4C4B20001978294031434D
:10F91000FEF7A5FC2000A821FEF77EFC474B200047
:10F920001978474B89011B785B011943454B1B78BC
:10F930001B011943444B1B78AB401943434B1B78C5
:10F940009B001943424B1B785B001943414B1B78CA
:10F950001943C9B2FEF783FC2000FF21FEF75CFCCF
:10F960002000E3210134FEF77AFCE4B23AE6C04617
:10F97000D87800203D7900208A7800203A7900204C
:10F980003C790020397900203B790020387900202B
:10F990003E7900200B7900200A79002009790020A7
:10F9A0000879002028790020277900202679002076
:10F9B0002579002024790020237900202279002055
:10F9C0002179002020790020F8780020307900206B
:10F9D0002F7900202E7900202D7900202C7900200D
:10F9E0002B7900202A7900202979002037790020FE
:10F9F00036790020357900203479002033790020D1
:10FA000032790020317900201A7900201B790020FA
:10FA10001C7900201D7900201E7900201F7900200C
:10FA20001979002018790020177900201679002014
:10FA30001579002014790020137900201079002016
:10FA40000E7900200C790020117900200F79002018
:10FA50000D7900201279002010B53F2909D8054CF6
:10FA6000800124186254002B03DB034A40188000F5
:10FA7000835010BD6C6500206C590020F7B5002341
:10FA80000191012102001E001C008C460F4D104FF9
:10FA90002B6001998A420AD90133402B14D10D49B8
:10FAA0000B700D4B1A70002E00D02C60F7BD910129
:10FAB000C9188900C959A14204DC210001320C0097
:10FAC000D2B2E6E76646F9E70200E2E76C7800208A
:10FAD0006C59002081780020807800200300052ADE
:10FAE00004D813411800072318407047062A05D18F
:10FAF0008800023A10409B111843F6E70020072ABD
:10FB0000F3D14800013A1040DB11F5E7F7B5344B6B
:10FB100005001E6800917300C45C0193314B1F788F
:10FB2000FD2C04D820003900F4F78CFBCCB2730014
:10FB3000ED186D78FD2D04D828003900F4F782FB0C
:10FB4000CDB2BC4241D2284A0099F30012685B58FA
:10FB50000F20D21A14D4254B1B689A4210D20323CB
:10FB60005343234A991C1068224AC910126854430F
:10FB7000072200191A40DB10415CC05CFFF7AEFFA2
:10FB80001D4B1870BD4225D2009B174AF6009E19E6
:10FB9000126873680F20D21A14D4144B1B689A424F
:10FBA00010D203235343124A991C1068114AC910FA
:10FBB000146807226C431A400019DB10415CC05CDA
:10FBC000FFF78CFF0D4B1870F7BD0F20FE2CD7D11F
:10FBD0000020D5E70F20FE2DF4D10020F2E7C0462B
:10FBE00074780020CA78002070780020D078002037
:10FBF000D4780020CC7800208978002088780020F4
:10FC0000F7B504000D00FFF739FF2000454E3070B6
:10FC100085420FD20023444A44491360444A09688C
:10FC2000126852189A4210D83E4E3470A54200D342
:10FC30006BE0F7BD1221FEF7EFFA30780121FEF7F5
:10FC40000EFB30780130C0B2E0E7FEF7A9FA2000E1
:10FC5000384F387085423ED2FEF798FAFEF724FA04
:10FC6000314B1B680133D6E7334B0102C918334BC4
:10FC70008001C018FFF74AFF314A324812780078F5
:10FC80003368314912010243CA5401332F4E387888
:10FC900033601F2BE8D900222D4B3260997A0091F6
:10FCA000D97A1E7B8C462B495F7B274B01910199AA
:10FCB000994212D1254E002A01D020233360102111
:10FCC000FEF7AAFA00231B4A336010781F2B15D9C0
:10FCD0000130C0B2BCE70023D8E71A7800994A4047
:10FCE00061461A705A784A405A709A7872409A70EF
:10FCF000DA787A40DA7001220433D8E7124AD15C0C
:10FD0000FEF7ADFA33680133DDE720001221FEF77C
:10FD100083FA00213078FEF7A2FA34780134E4B295
:10FD200082E7C04681780020707800206C7800203F
:10FD3000D0780020807800206C5900206C6500206D
:10FD400088780020897800208A7800207478002044
:10FD5000F8780020AA7800202DE9F041ADF5007D6B
:10FD6000054668460E46402400210746DDF8188205
:10FD7000013C14F0FF0440F8041B1144F8D123B3F4
:10FD80004FF006083278E1B2FE2A03BFB1FBF8F269
:10FD900008FB121257F82430002308BFD2B22846BD
:10FDA0000134FFF759FE402CECD1002328461946B8
:10FDB000FE22FFF751FE0023FE223F2128460DF5CB
:10FDC000007DBDE8F041FFF747BE1048104C4022CF
:10FDD000314600EB851000F0E8FD04EB05244FF4FC
:10FDE0008072B8F1000F04D04146204600F0DDFDDE
:10FDF000DBE70DEB0200074900F07DFE4FF4807257
:10FE000020460DEB020100F076FECEE76C65002087
:10FE10006C5900205C2B01081FB500238DF80F10D2
:10FE200000930DF10F010123FFF796FF05B05DF878
:10FE300004FB0023FFF790BF2DE9F041C0B00E4650
:10FE400069460546002340240F46013C14F0FF0498
:10FE500041F8043B1344F8D14FF00608FE2EE1B2FE
:10FE600003BFB1FBF8F208FB121257F8243000234D
:10FE700014BF3246D2B228460134FFF7EDFD402CC4
:10FE8000ECD1002328461946FE22FFF7E5FD0023AA
:10FE9000FE223F21284640B0BDE8F041FFF7DCBD1F
:10FEA000F0B5C1B005466846002340240746469E8B
:10FEB000013C14F0FF0440F8043B1344F8D110480F
:10FEC000402200EB851000F070FD0E48002E14BF9C
:10FED000314639464FF4807200EB052000F065FD95
:10FEE000234621462846FE22FFF7B6FD2346FE2282
:10FEF0003F21284641B0BDE8F040FFF7ADBD00BF4F
:10FF00006C6500206C5900202DE9F04FADF20C6DAE
:10FF10000E469DF8301690469A4601918146DDF8CE
:10FF20003476FEF737FB02AA0546002340249346A9
:10FF30000199013C14F0FF0442F8043B4344F8D11A
:10FF4000F1B106257CB13F2C2BD0012CE1B205D0BC
:10FF50003E2C03D0A1F11203052B06D80023FF226B
:10FF60004846FFF779FD0134ECE732785BF824303E
:10FF7000FE2A02BFB1FBF5F205FB1212D2B2EFE787
:10FF800097483146974E402200EB891000F00DFD56
:10FF900006EB0926AFB14FF480723946304600F0C7
:10FFA00004FD002348461946FE22FFF755FD0023B5
:10FFB000FE223F2148460DF20C6DBDE8F04FFFF7E1
:10FFC0004BBD0DF584784FF480728749404682AF6F
:10FFD000019500F090FD4FF480728449384600F09E
:10FFE0008AFD4FF480728249C2A800F084FD4FF46C
:10FFF000807280490DF5816000F07DFD4FF48072C4
:020000040801F1
:1000000021460DF5A16000F0EAFC019BBAF10A0F50
:1000100000F27F81DFE81AF02D0040000B001B008A
:1000200094005200FC007D0139017D017001724B8A
:100030004246585D1E23584340231168013B01444A
:1000400042F8041BF9D14FF480724146A8E01E2209
:10005000694B39465B5DC3F118035343402208687E
:10006000013A184441F8040BF9D14FF48072394633
:1000700096E0624B0DF58162585D1E2358430023C4
:10008000116801330144402B42F8041BF8D14FF4AE
:1000900080720DF5816183E01E22584BC2A95B5D21
:1000A000C3F10C03534340220868013A184441F855
:1000B000040BF9D14FF48072C2A971E06A1ED2B26A
:1000C000242A9BBF4E4B4F4900239B5C98BF8C5CFE
:1000D000132D00F017811E22BC4645464FF0000E3E
:1000E0005343C2A80DF58162012C1AD1DCF800102F
:1000F0001944CCF800100EF1010EBEF1400F0CF1C6
:10010000040C05F1040500F1040002F10402EBD136
:10011000012CAAD04FF48072002C96D0022CB8D1BA
:10012000CAE71CB9296819442960E4E7022C0BBF0F
:1001300001681168C918C9180CBF01601160DAE7BD
:100140006A1ED2B2242A9DBF2F4B30499B5C0023EC
:1001500098BF8C5C1E223846C4464FF0000B5343B8
:100160000DF5427E0DF5A1620DF5816A132D1BD1AF
:100170001168194411600BF1010BBBF1400F02F142
:10018000040200F104000CF1040C0EF1040E0AF15B
:10019000040AEBD1132DBBD14FF480720DF5A16190
:1001A000304600F0A8FCFCE6012C03D1016819449C
:1001B0000160E0E72CB9DCF800101944CCF800101D
:1001C000D9E7022C0BBFDEF80010DAF80010C918CE
:1001D000C9180CBFCEF80010CAF80010CBE700BF5A
:1001E0006C6500206C5900205C2C01085C2D010816
:1001F0005C2E01085C2F0108EA3D0108C43D01089E
:100200009F3D01087A3D0108553D0108303D010838
:100210006A1E242A14D8DFE802F0141414142A2ABF
:100220002A2A2A1414141414142E2E2E2E2E2E2E96
:100230001414141414143131313131141414140001
:1002400000233946424600251E33D4B108681844BD
:1002500008600135402D01F1040102F10402F4D1DE
:100260004FF48072012C14BF4146394698E7C5F11E
:100270000E030124E5E7C5F12603FAE7C5F13E03C5
:10028000F7E7106818441060E3E76A1E242A14D8C0
:10029000DFE802F0242424242828282828242424E1
:1002A000242424141414141414142424242424247E
:1002B0002B2B2B2B2B2424242400002338464246AE
:1002C00000251E33A4B10168194401600135402D99
:1002D00000F1040002F10402F4D1C1E70124C5F1E8
:1002E0002603EBE705F11803E8E7A5F11803E5E7B6
:1002F000116819441160E9E74FF4807200215846F3
:1003000000F06DFB4FF480720021304600F067FB77
:1003100047E64FF48072594642E700BF1FB54FF0E1
:10032000000C8DF80F100121CDE9001C0DF10F011B
:10033000FFF7EAFD05B05DF804FB13B5049C0194DA
:1003400000240094FFF7E0FD02B010BD2DE9F0435A
:10035000ADF2044D0E4669461F46402400238846F0
:100360000546DDF824949DF82004013C14F0FF04B8
:1003700041F8043B1344F8D1C0B106273F2C28D0E4
:10038000012C11D9032C0FD03278E1B2FE2A06BF1E
:10039000B1FBF7F207FB12120023284604BF58F8FE
:1003A0002430D2B2FFF758FB0134E7E76648314604
:1003B000664E402200EB851000F0F7FA06EB0526AA
:1003C000B9F1000F15D04FF480724946304600F065
:1003D000ECFA002328461946FE22FFF73DFB0023D6
:1003E000FE223F2128460DF2044DBDE8F043FFF701
:1003F00033BB052F00F2A380DFE807F05B74033204
:1004000095800DF580784FF48072514940460DF586
:10041000007900F070FBC0AF4FF480724D49484640
:1004200000F069FB4FF480720021384600F0D7FAE3
:100430000224032C08BF0424FEF7ACF8C20754BF03
:1004400059F8243058F8243047F8243001343F2C30
:10045000EFD14FF480723946304600F04CFBB8E7DC
:100460000DF580784FF480723B4940460DF50079D8
:1004700000F041FBC0AF4FF480723849484600F0AD
:100480003AFB4FF480720021384600F0A8FA0224AB
:10049000032C08BF0424FEF77DF8C30754BF59F8A6
:1004A000243058F8243047F8243001343F2CEFD161
:1004B000CFE780AF4FF480722949384600F01BFB2C
:1004C0004FF480722749C0AC204600F014FBFEF7C1
:1004D00061F810F0010F4FF4807218BF394608BF61
:1004E0002146B9E780AF4FF480721E49384600F0CC
:1004F00002FBC0AC4FF480721949E5E780AC4FF4C1
:1005000080721949204600F0F6FA4FF480721749BC
:10051000C0AB184600F0EFFA15F0010F4FF48072EF
:1005200018BF0146DBE780AC4FF4807210492046CB
:1005300000F0E1FA4FF480720E49C0ABE9E74FF4E6
:100540008072414688E700BF6C6500206C5900202E
:100550005C3001085C3101085C3201085C33010841
:100560005C3401085C3501085C3601085C37010821
:100570005C3801085C3901081FB54FF0000C8DF89C
:100580000F100121CDE9001C0DF10F01FFF7DEFE78
:1005900005B05DF804FB13B5049C0194002400949D
:1005A000FFF7D4FE02B010BD024B0146186800F000
:1005B0002DB800BF98010020024B0146186800F0DA
:1005C000C7BA00BF9801002070B50F4E0C463168C5
:1005D000054611B900F040FA30602146284600F087
:1005E0003BFA431C03D14FF0FF34204670BDC41CBE
:1005F00024F00304A042F8D0211A284600F02CFA77
:100600000130F2D1EFE700BF407900202DE9F84337
:10061000CD1C25F0030508350C2D38BF0C25002D09
:10062000064601DBA94204D90C2333600020BDE853
:10063000F883DFF8D48000F069F8D8F800301C4661
:1006400044BB29463046FFF7BFFF431C044658D140
:10065000D8F800402746002F43D1002C4BD0236808
:100660003946304604EB030900F0F6F9814542D1E2
:10067000216830466D1A2946FFF7A6FF01303AD0AF
:1006800023682B442360D8F800305A6862BBC8F84E
:1006900000700FE02268521B20D40B2A17D9611971
:1006A000A342256018BF5960636808BFC8F80010EE
:1006B00062514B60304600F02FF804F10B00231D0F
:1006C00020F00700C21A1CBF1B1AA350AFE76268D4
:1006D000A3420CBFC8F800205A60EBE723466468C9
:1006E000AEE73C467F68B6E71A465B68A342FBD19B
:1006F00000235360DEE70C233046336000F00CF833
:1007000094E70560D6E700BF44790020014800F077
:10071000F0B900BF887A0020014800F0EBB900BFB3
:10072000887A0020164B10B51C68236BB3B91820CB
:10073000FFF73AFF0246206320B95221114B1248BD
:1007400000F0E8F91149124BC0E90013114B0021E8
:1007500083600B2383810120C2E90401216B0E48D1
:100760000B694C6958430D4A02FB0400A3FB02329B
:10077000013340EB0200C1E9043020F0004010BD1D
:1007800098010020FD3A0108143B01080E33CDAB5F
:1007900034126DE6ECDE05002DF451582D7F954C9A
:1007A000002310B50446C0E90033C0E90433836078
:1007B00081814366C2818361194608225C3000F062
:1007C0000EF90D4B246263620C4BA3620C4BE36287
:1007D0000C4B23630C4B9C4206D003F168029442FD
:1007E00002D0D0339C4205D104F15800BDE810403E
:1007F00000F07EB910BD00BF2509010847090108B6
:100800007F090108A309010848790020024A034929
:10081000034800F069B800BF8C010020E10C01081A
:100820009C01002041680C4B10B59942044601D050
:1008300000F056FAA168094B994202D0204600F018
:100840004FFAE168064B994204D02046BDE81040BB
:1008500000F046BA10BD00BF48790020B0790020F2
:10086000187A002010B50B4B0B4C0C4A20461A602E
:1008700004210022FFF794FF04F1680001220921FE
:10088000FFF78EFF04F1D0000222BDE810401221D4
:10089000FFF786BF807A0020487900200D08010804
:1008A000014800F026B900BF897A0020014800F015
:1008B00021B900BF897A002010B50446FFF7F0FF88
:1008C000236A1BB1BDE81040FFF7F0BF044B236261
:1008D000044B1B68002BF5D1FFF7C4FFF2E700BF04
:1008E00025080108807A00202DE9F843074688464C
:1008F00014460026D4E90195B9F1010905D524680B
:10090000002CF7D13046BDE8F883AB89012B07D91D
:10091000B5F90E30013303D029463846C0470643A7
:100920006835E9E710B50C46B1F90E1000F082F811
:100930000028ABBF636DA3891B1823F48053ACBFA1
:100940006365A38110BD2DE9F0411F468B890546E3
:10095000DB050C46164605D502230022B1F90E1020
:1009600000F056F8A389324623F48053A381284629
:100970003B46B4F90E10BDE8F04100F07DB810B56B
:100980000C46B1F90E1000F043F8431CA38915BFC3
:10099000606523F4805343F48053A38118BFA3817F
:1009A00010BDB1F90E1000F023B8884210B501EB6C
:1009B000020402D98442234607D8431EA14208D02C
:1009C00011F8012B03F8012FF8E7014602448A428F
:1009D00000D110BD13F8014D02F8014DF7E70346B1
:1009E0000244934200D1704703F8011BF9E700006D
:1009F00038B50023054D044608462B60FAF7D4FBB2
:100A0000431C02D12B6803B1236038BD847A0020D7
:100A100038B50446084611460022054D2A601A469C
:100A2000FAF7CCFB431C02D12B6803B1236038BD1D
:100A3000847A002038B50446084611460022054D48
:100A40002A601A46FAF794FB431C02D12B6803B1C3
:100A5000236038BD847A002038B50023054D044654
:100A600008462B60FAF754FB431C02D12B6803B1F4
:100A7000236038BD847A002038B504460846114604
:100A80000022054D2A601A46FAF780FB431C02D16A
:100A90002B6803B1236038BD847A0020014B1868AD
:100AA000704700BF9801002070B500260C4D0D4C1A
:100AB000641BA410A64209D100F08CFD00260A4D4B
:100AC0000A4C641BA410A64205D170BD55F8043B26
:100AD00098470136EEE755F8043B98470136F2E7B0
:100AE000183E0108183E0108183E01081C3E010886
:100AF0007047704770470A44914200F1FF3300D1BC
:100B0000704710B511F8014B914203F8014FF9D12C
:100B100010BD00001FB514461A46094B05461B6858
:100B2000D8684CB1074BCDE9013400912B460649FA
:100B300000F0FEF800F00EF9044B1C46F3E700BF8E
:100B4000980100206C3B0108793B0108A73B010894
:100B500038B50546002940D051F8043C0C1F002B45
:100B6000B8BFE418FFF7D2FD1C4A136833B96360BD
:100B700014602846BDE83840FFF7CEBDA34208D92F
:100B8000206821188B4201BF19685B680918216031
:100B9000EDE71A465B680BB1A342FAD91168501809
:100BA000A0420BD120680144501883421160E0D16B
:100BB00018685B68084410605360DAE702D90C23B8
:100BC0002B60D6E7206821188B4201BF19685B684B
:100BD0000918216063605460CBE738BD4479002078
:100BE000B1F90C20F8B5160705460C4654D44B68ED
:100BF000002B02DC0B6C002B48DDE66A002E45D092
:100C0000002312F480522F68216A2B6030D0626D6D
:100C1000A389590705D56368D21A636B0BB1236C9E
:100C2000D21A00232846E66A216AB047431CA389EA
:100C300006D129681D292BD8284ACA40D60727D5AE
:100C4000002262602269D904226004D5421C01D1CD
:100C50002B6803B96065616B2F60B9B104F144037F
:100C6000994202D02846FFF773FF002363630DE02B
:100C700001232846B0470246501CC9D12B68002BDF
:100C8000C6D01D2B01D0162B1DD12F60002021E0D6
:100C900043F040031BB21AE00F69002FF6D0930710
:100CA00018BF00230E6808BF4B69F61B0F608B60EE
:100CB000002EEBDD33463A462846216AD4F828C098
:100CC000E047002807DCB4F90C3043F040034FF054
:100CD000FF30A381F8BD0744361AE9E70100402040
:100CE00038B50B6905460C4613B90025284638BDB2
:100CF00018B1036A0BB9FFF7DFFDB4F90C30002B14
:100D0000F3D0626ED00704D4990502D4A06DFFF72A
:100D1000F0FE28462146FFF763FF636E0546DA07BB
:100D2000E4D4A3899B05E1D4A06DFFF7E3FEDDE7E2
:100D30000EB403B5014603AB054853F8042B006815
:100D4000019300F035F802B05DF804EB03B0704792
:100D500098010020062008B500F08EFB0120FAF76C
:100D600001FA936810B4013B002B936007DA946991
:100D7000A34201DB0A2902D110BC00F0C1BA1368FA
:100D8000581C10601970084610BC7047F8B506462C
:100D90000F461446D518AC4201D1002007E03A4670
:100DA000304614F8011BFFF7DCFF431CF3D1F8BDFC
:100DB0002DE9F04F0D461446984606469DB018B1F1
:100DC000036A0BB9FFF778FD6B6ED90705D4AB89C1
:100DD0009A0502D4A86DFFF78CFEAB891B0701D5DD
:100DE0002B699BB92946304600F0C8FA70B16B6E8A
:100DF000DC0704D54FF0FF301DB0BDE8F08FAB89A4
:100E00009805F7D4A86DFFF775FEF3E70023099363
:100E100020238DF8293030234FF00109CDF80C80C4
:100E2000DFF8A8818DF82A3023469A4613F8012B63
:100E30000AB1252AF9D1BAEB040B0BD05B46224646
:100E400029463046FFF7A2FF013000F0A780099A3B
:100E50005A4409929AF80030002B00F09F8000233A
:100E60004FF0FF32CDE905230AF1010A04930793FD
:100E70008DF853301A935446052214F8011B534839
:100E800000F016FB049AD8B9D10644BF20238DF890
:100E90005330130744BF2B238DF853309AF800309A
:100EA0002A2B15D0544600204FF00A0C079A2146F1
:100EB00011F8013B303B092B4BD9B0B1079214E03C
:100EC000A0EB080309FA03F31343A2460493D2E705
:100ED000039B191D1B680391002BBBBF5B4242F0B3
:100EE000020207930793B8BF049223782E2B0AD1EE
:100EF00063782A2B32D1039B02341A1D1B6803929C
:100F000043EAE3730593DFF8C8A003225046217833
:100F100000F0CEFA38B14022049BA0EB0A008240D8
:100F200013430134049314F8011B062229488DF859
:100F3000281000F0BDFA00283FD0274B1BBB039BB5
:100F4000073323F0070308330393099B3B440993BA
:100F50006AE70C4601200CFB0232A8E700234FF0A1
:100F60000A0C194601340593204610F8012B303A3B
:100F7000092A03D9002BC6D00591C4E704460123F2
:100F80000CFB0121F0E703AB00932A463046134BDC
:100F900004A9AFF300800746781CD6D16B6ED90741
:100FA00005D4AB899A0502D4A86DFFF7A3FDAB89E0
:100FB0005B063FF51FAF09981EE703AB00932A4677
:100FC0003046064B04A900F07DF8E4E7A83B010891
:100FD000AE3B0108B23B0108000000008D0D010886
:100FE0002DE9F047164698468A680B6907469342F2
:100FF000B8BF1346336091F843200C46DDF82090CB
:101000000AB1013333602368990642BF3368023363
:101010003360256815F0060506D104F1190AE36866
:1010200032689B1AAB422BDC94F843302268003BB9
:1010300018BF0123920630D44146384604F14302DA
:10104000C847013023D02368226903F00603042B2C
:1010500014BF002533684FF0000608BFE56804F1AF
:101060001A0408BFED1A54F8123C08BF25EAE575CA
:101070009342C4BF9B1AED18B5421AD1002008E074
:101080000123524641463846C847013003D14FF04C
:10109000FF30BDE8F0870135C1E73020E11881F865
:1010A00043005A1C94F845102244023382F843103E
:1010B000C2E70123224641463846C8470130E6D000
:1010C0000136D9E72DE9FF470F7E9146782F8046FC
:1010D0000C469A460C9E01F1430207D8622F0AD8AB
:1010E000002F00F0D180582F00F0B88004F14206A4
:1010F00084F842703AE0A7F16303152BF6D801A1FA
:1011000051F823F05D11010871110108ED1001087B
:10111000ED100108ED100108ED1001087111010832
:10112000ED100108ED100108ED100108ED100108A7
:101130006F1201089B11010829120108ED10010826
:10114000ED10010891120108ED1001089B11010832
:10115000ED100108ED1001083112010833681A1D65
:101160001B68326004F1420684F8423001239CE09F
:1011700033682068191D3160060601D51D6803E03B
:101180004506FBD5B3F90050002D03DA2D236D423F
:1011900084F843300A23584811E021683368080670
:1011A00053F8045B02D4490648BFADB26F2F3360D9
:1011B00014BF0A2308235048002184F843106668AE
:1011C000002EA66005DB21682E4321F0040121607A
:1011D0004BD01646B5FBF3F103FB1157C75D06F87C
:1011E000017D2F46BB420D46F4D9082B0BD1236855
:1011F000DF0708D5236961689942DEBF302306F80E
:10120000013C06F1FF36921B22614B4621464046C7
:10121000CDF800A003AAFFF7E3FE01304AD14FF05A
:10122000FF3004B0BDE8F087236843F0200323605B
:101230007827324884F84570236831681F0651F8D2
:10124000045B02D45F0648BFADB23160D90744BF2A
:1012500043F0200323601DB11023ADE72648E9E7E2
:10126000236823F020032360F6E71646BDE73368C2
:101270002568181D616930602E061B6801D519604C
:1012800002E06806FBD51980002316462361BCE7FF
:10129000336800211A1D32601E686268304600F013
:1012A00007F908B1801B606063682361002384F83C
:1012B0004330AAE73246494640462369D0470130C9
:1012C000ADD023689B0713D4E068039B9842B8BF56
:1012D0001846A6E70123324649464046D04701302A
:1012E0009DD00135E36803995B1AAB42F2DCEBE772
:1012F000002504F11906F5E7B93B0108CA3B0108CE
:10130000F8B50E461446054618B1036A0BB9FFF747
:10131000D3FAA369A360A3891A0701D5236943B946
:101320002146284600F02AF818B14FF0FF3738461A
:10133000F8BD23682269F6B2981A6369374683427A
:1013400005DC21462846FFF7CBFC0028EDD1A36839
:10135000013BA36023685A1C22601E706269431C13
:101360009A4204D0A389DB07E1D50A2EDFD12146BA
:101370002846FFF7B5FC0028D9D0D6E738B5294B69
:10138000054618680C4618B1036A0BB9FFF794FAC2
:10139000B4F90C30190722D4DA0607D409222A60DE
:1013A00043F040034FF0FF30A38133E0580712D5DC
:1013B000616B41B104F14403994202D02846FFF722
:1013C000C7FB00236363A38923F02403A3810023C5
:1013D000636023692360A38943F00803A381236921
:1013E0004BB9A38903F42073B3F5007F03D02146E2
:1013F000284600F090F8B4F90C3013F001020AD03E
:101400000022A26062695242A261226942B913F0CD
:101410008000C5D138BD990758BF6269A260F4E762
:101420000020F7E7980100201F2938B505460C4633
:1014300004D9162303604FF0FF3038BDC26B12B1E0
:1014400052F821304BB9284600F030F822460146C8
:101450002846BDE8384000F017B8012B0AD0591CC7
:1014600003D1162303600120E7E70021204642F85C
:10147000241098470020E0E7024B01461868FFF768
:10148000D3BF00BF9801002038B50023064D0446A5
:10149000084611462B60F9F75DFE431C02D12B680C
:1014A00003B1236038BD00BF847A0020F9F750BE35
:1014B000034610B5C9B202449342184601D1002038
:1014C00003E0047801338C42F6D110BD70B50C46B0
:1014D000B1F90E10154600291E4696B00CDAA38904
:1014E000002113F0800F14BF40234FF480630020CD
:1014F00031602B6016B070BD6A4600F049F80028D4
:10150000EDDB019901F47041A1F5005359425941B5
:101510004FF48063EBE78B89F7B59D0706460C46D1
:1015200007D504F14703236023610123636103B0FE
:10153000F0BD6A4601ABFFF7C9FF009F054639467B
:101540003046FFF763F848B9B4F90C309A05EED489
:1015500023F0030343F00203A381E2E7A389C4E974
:10156000040743F08003A381019B20605BB13046F8
:10157000B4F90E1000F01EF828B1A38923F003037C
:1015800043F00103A381A3891D43A581CFE7000098
:1015900038B50023064D0446084611462B60F9F77E
:1015A00006FE431C02D12B6803B1236038BD00BF87
:1015B000847A002038B50023054D044608462B6088
:1015C000F9F7FAFD431C02D12B6803B1236038BD43
:1015D000847A0020F8B500BFF8BC08BC9E4670476E
:0C15E000F8B500BFF8BC08BC9E46704780
:1015EC00A52608201550140100016D83C64D0E0F61
:1015FC00001232141932451E32061E680253D99B52
:10160C00B41050444E616D65315350533030353009
:10161C0030310E52DF88B4AC9BB458DF99B5DB9BEC
:10162C00B452DF91B4D99BB456DF99B5DB9BB4525D
:10163C00DF91B4D99BB456DF99B5DB9BB452DF91E3
:10164C00B4D99BB450D89FB2DD9BB452DF91B4D9BE
:10165C009BB450D89FB2DD9BB452D99FB4D99BB4E4
:10166C0057DF98B4DC98B25FDF9AB4D998A652D9F8
:10167C0091B7D39BB40F52DF8EB4AA9BB458DF99A9
:10168C00B5DB9BB452D891B4D99BB456DF99B5DB7A
:10169C009BB452D891B4D99BB456DF99B5DB9BB4AB
:1016AC0052D891B4D99BB450D89FB2DD9BB452DFC1
:1016BC0091B4D99BB452D89FB2DD9BB451D89FB290
:1016CC00DD9BB452D9D3B48B9BB452DF90B4D99B6D
:1016DC00B45BD898B0D39BB452D983B5D69BB40E17
:1016EC0052DF8AB4AE9BB458DF99B5DB9BB452DFA2
:1016FC0091B4D99BB456DF99B5DB9BB452DF91B44E
:10170C00D99BB456DF99B5DB9BB452DF91B4D99B0E
:10171C00B450D89FB2DD9BB452DF91B4D99BB45076
:10172C00D89FB2DD9BB452D9D3B4D99BB459DF99AD
:10173C00B4DA99BF51D9BFB2D89BB452D99AB2D8A6
:10174C009BB41952D9E0B5D49BB458DF99B5DB9B47
:10175C00B452D891B4D99BB456DF99B5DB9BB45233
:10176C00D891B4D99BB456DF99B5DB9BB452D891C0
:10177C00B4D99BB450D89FB2DD9BB452D891B4D994
:10178C009BB450D89FB2DD9BB452DF93B4D99BB4B9
:10179C0057D999B0DC9BB452D899B4D99BB457D9CA
:1017AC0099B0DC9BB452D899B4D99BB457D999B0A1
:1017BC00DC9BB452D899B4D99BB457D999B0DC9B63
:1017CC00B452D899B4D99BB457D999B0DC9BB452C4
:1017DC00D899B4D99BB457D999B0DC9BB452D89949
:1017EC00B4D99BB45BD998B0D19AB552D995B0D332
:1017FC009BB41A52D9E5B5D39BB458DF99B5DB9B92
:10180C00B452D891B4D99BB456DF99B5DB9BB45282
:10181C00D891B4D99BB456DF99B5DB9BB452D8910F
:10182C00B4D99BB450D89FB2DD9BB452DF91B4D9DC
:10183C009BB450D89FB2DD9BB452D9EAB4D99BB4B7
:10184C0052D89AB4D99BB450D99AB0DD9BB452D823
:10185C009AB4D99BB450D99AB0DD9BB452D89AB4EF
:10186C00D99BB450D99AB0DD9BB452D89AB4D99BB9
:10187C00B450D99AB0DD9BB452D89AB4D99BB45019
:10188C00D99AB0DD9BB452D89AB4D99BB450DF9A94
:10189C00B0DD9BB452DD8BB4D99BB456D99CB0D877
:1018AC009BBC52DD99B2D89BB40F52D9E7B5D59BEE
:1018BC00B458DF99B5DB9BB452DF91B4D99BB456C5
:1018CC00DF99B5DB9BB452DF91B4D99BB456DF9949
:1018DC00B5DB9BB452DF91B4D99BB450D89FB2DD29
:1018EC009BB452DF91B4D99BB45FD89FB2DD9BB44B
:1018FC0052D998B4E49BB450DB99B1D19BB450D974
:10190C009BB6DD9BB443DB98B1DD9BB452DB90B14D
:10191C00DD9BB71152D9D4B5E09BB458DF99B5DB38
:10192C009BB452DF91B4D99BB456DF99B5DB9BB411
:10193C0052D891B4D99BB456DF99B5DB9BB452DF26
:10194C0091B4D99BB450D89FB2DD9BB452D891B40A
:10195C00D99BB45FD89FB2DD9BB452D998B4D99BB4
:10196C00B450DF99B6D19BB450D99AB2DD9BB44335
:10197C00DF9EB6DA9BB552DF92B4DB99B052DF91A1
:10198C00B4D999B052D99AB6DA9BBF0F52DF88B44A
:10199C00AC9BB458DF99B5DB9BB452D891B4D99BAE
:1019AC00B456DF99B5DB9BB452D891B4D99BB456DD
:1019BC00DF99B5DB9BB452D891B4D99BB450D89F66
:1019CC00B2DD9BB452DF91B4D99BB452D89FB2DD37
:1019DC009BB451D89FB2DD9BB452D9D3B48B9BB47A
:1019EC0052D890B4D99BB45BDF98B7D39BB452D97F
:1019FC0083B2D69BB41152D9B4B5809BB458DF993D
:101A0C00B5DB9BB452DF91B4D99BB456DF99B5DBEF
:101A1C009BB452D891B4D99BB456DF99B5DB9BB427
:101A2C0052DF91B4D99BB450D89FB2DD9BB452D83D
:101A3C0091B4D99BB45FD89FB2DD9BB452D998B402
:101A4C00D99BB450DF99B7D19BB450D99AB2DD9BD6
:101A5C00B443DF9EB7DA9BB552DF92B4DB98B05239
:101A6C00DF91B4D998B052D99AB7DA9BBF0D52DF37
:101A7C00B9B4BF9BB458DF99B5DB9BB452DF91B4BA
:101A8C00D99BB456DF99B5DB9BB452DF91B4D99B8B
:101A9C00B456DF99B5DB9BB452DF91B4D99BB450EB
:101AAC00D89FB2DD9BB452DF91B4D99BB450D89F70
:101ABC00B2DD9BB452D9D3B4D99BB459DB96B2DB0B
:101ACC009BB551D9BEB4D89BB40F52D9E0B5D49BB9
:101ADC00B458DF99B5DB9BB452D891B4D99BB456AA
:101AEC00DF99B5DB9BB452D891B4D99BB456DF992E
:101AFC00B5DB9BB452D891B4D99BB450D89FB2DD0E
:101B0C009BB452DF91B4D99BB450D89FB2DD9BB437
:101B1C0052D993B4D99BB443DB99B4DB9FBF52D950
:101B2C009DB4D99BB451D991B4D69BB452D899B425
:101B3C00DB9BB40D52DFEAB4CE9BB458DF99B5DB16
:101B4C009BB452DF91B4D99BB456DF99B5DB9BB4EF
:101B5C0052DF91B4D99BB456DF99B5DB9BB452DFFD
:101B6C0091B4D99BB450D89FB2DD9BB452DF91B4E1
:101B7C00D99BB450D89FB2DD9BB457DF9AB6D49B97
:101B8C00B452D989B4CB9BAC5FDF9AB6D69BB40F59
:101B9C0052D99BB4D99D3C58DF99B5DB9BB452D834
:101BAC0091B4D99BB456DF99B5DB9BB452D891B4A0
:101BBC00D99BB456DF99B5DB9BB452D891B4D99B61
:101BCC00B450D89FB2DD9BB452DF91B4D99BB450C2
:101BDC00D89FB2DD9BB452D993B4D99BB443DB905C
:101BEC00B4DB9FB652D99DB4D99BB451D991B4D61C
:101BFC009BB452DF9AB4DA9BB40C52DF9EB45A9B5E
:101C0C00B458DF99B5DB9BB452D891B4D99BB45678
:101C1C00DF99B5DB9BB452D891B4D99BB456DF99FC
:101C2C00B5DB9BB452D891B4D99BB450D89FB2DDDC
:101C3C009BB452DF91B4D99BB450D89FB2DD9BB406
:101C4C0043DB9EB0D79BB451DB9AB4D89BB40C52F7
:101C5C00D9EAB5CE9BB458DF99B5DB9BB452DF9172
:101C6C00B4D99BB456DF99B5DB9BB452D891B4D997
:101C7C009BB456DF99B5DB9BB452DF91B4D99BB4BE
:101C8C0050D89FB2DD9BB452D891B4D99BB450D8E4
:101C9C009FB2DD9BB443DD96B5DA9BB652D993B0B7
:101CAC00DC9BB30F52DF1CB4D89BB458DF99B5DB67
:101CBC009BB452D891B4D99BB456DF99B5DB9BB485
:101CCC0052D891B4D99BB456DF99B5DB9BB452D89A
:101CDC0091B4D99BB450D89FB2DD9BB452DF91B470
:101CEC00D99BB450D89FB2DD9BB452D993B4D99B35
:101CFC00B443DD99B4DB99BF52D99DB4D99BB4518F
:101D0C00D991B4D69BB452DF99B4DB9BB4000000DC
:101D1C0000000000010000000100000005000000B0
:101D2C000A0000000F000000140000001900000061
:101D3C001E00000023000000280000002D00000001
:101D4C0000000000050000000A0000000F00000069
:101D5C0014000000190000001E0000002300000009
:101D6C00280000002D00000001000000050000000C
:101D7C000A0000000F000000140000001900000011
:101D8C001E00000023000000280000002D000000B1
:101D9C002D00000028000000230000001E000000A1
:101DAC0019000000140000000F0000000A000000E1
:101DBC0005000000010000002D00000028000000BC
:101DCC00230000001E000000190000001400000099
:101DDC000F0000000A0000000500000001000000D8
:101DEC00000000002D00000028000000230000006F
:101DFC001E00000019000000140000000F0000007D
:101E0C000A000000050000000100000000000000B6
:101E1C00000000002D0000002D0000002800000034
:101E2C00230000001E000000190000001400000038
:101E3C000F0000000A000000050000000100000077
:101E4C000000000028000000230000001E0000001D
:101E5C0019000000140000000F0000000A00000030
:101E6C0005000000010000002D000000280000000B
:101E7C00230000001E0000001900000014000000E8
:101E8C000F0000000A000000050000000100000027
:101E9C0001000000050000000A0000000F00000017
:101EAC0014000000190000001E00000023000000B8
:101EBC00280000002D0000000100000005000000BB
:101ECC000A0000000F0000001400000019000000C0
:101EDC001E00000023000000280000002D00000060
:101EEC000000000001000000050000000A000000D6
:101EFC000F00000014000000190000001E0000007C
:101F0C0023000000280000002D000000000000004D
:101F1C00000000001400000019000000190000006F
:101F2C001900000019000000190000001900000041
:101F3C001900000019000000190000001900000031
:101F4C000000000014000000140000001400000049
:101F5C001400000014000000140000001400000025
:101F6C0014000000140000000F0000000F0000001F
:101F7C000F0000000F0000000F0000000F00000019
:101F8C000F0000000F0000000F0000000F00000009
:101F9C000A0000000A0000000A0000000A0000000D
:101FAC000A0000000A0000000A0000000A000000FD
:101FBC000A0000000A0000000500000005000000F7
:101FCC0005000000050000000500000005000000F1
:101FDC0005000000050000000500000005000000E1
:101FEC0000000000010000000100000001000000E2
:101FFC0001000000010000000100000001000000D1
:10200C0001000000010000000100000000000000C1
:10201C0000000000050000000100000001000000AD
:10202C0001000000010000000100000001000000A0
:10203C000100000001000000010000000100000090
:10204C000000000005000000050000000500000075
:10205C000500000005000000050000000500000060
:10206C0005000000050000000A0000000A00000046
:10207C000A0000000A0000000A0000000A0000002C
:10208C000A0000000A0000000A0000000A0000001C
:10209C000F0000000F0000000F0000000F000000F8
:1020AC000F0000000F0000000F0000000F000000E8
:1020BC000F0000000F0000001400000014000000CE
:1020CC0014000000140000001400000014000000B4
:1020DC0014000000140000001400000014000000A4
:1020EC000000000019000000190000001900000099
:1020FC001900000019000000190000001900000070
:10210C001900000019000000190000000000000078
:10211C0000000000010000000200000003000000AD
:10212C00040000000500000006000000070000008D
:10213C0008000000090000000A0000000B0000006D
:10214C000C0000000D0000000D0000000C00000051
:10215C000B0000000A00000009000000080000004D
:10216C00070000000600000005000000040000004D
:10217C00030000000200000001000000000000004D
:10218C00000000000100000002000000030000003D
:10219C00040000000500000006000000070000001D
:1021AC0008000000090000000A0000000A000000FE
:1021BC0009000000080000000700000006000000F5
:1021CC0005000000040000000300000002000000F5
:1021DC0001000000000000000000000001000000F1
:1021EC0002000000030000000400000005000000D5
:1021FC0000000000010000000200000003000000CD
:10220C0004000000050000000400000003000000B2
:10221C0002000000010000000000000006000000A9
:10222C000700000008000000090000000A00000080
:10223C00000000000100000001000000010000008F
:10224C00010000000100000001000000010000007E
:10225C00010000000100000001000000010000006E
:10226C00050000000500000005000000050000004E
:10227C00050000000500000005000000050000003E
:10228C000500000005000000050000000A00000029
:10229C000A0000000A0000000A0000000A0000000A
:1022AC000A0000000A0000000A0000000A000000FA
:1022BC000A0000000A0000000F0000000F000000E0
:1022CC000F0000000F0000000F0000000F000000C6
:1022DC000F0000000F0000000F0000000F000000B6
:1022EC000F00000014000000140000001400000097
:1022FC001400000014000000140000001400000082
:10230C001400000014000000140000001400000071
:10231C00190000001900000019000000190000004D
:10232C001900000019000000190000000000000056
:10233C000000000019000000190000001900000046
:10234C00190000001E0000001E0000001E0000000E
:10235C001E0000001E0000001E0000001E000000F9
:10236C001E0000001E0000001E0000001E000000E9
:10237C003200000032000000320000002300000098
:10238C0023000000230000002300000023000000B5
:10239C0023000000230000002300000023000000A5
:1023AC00230000002300000028000000280000008B
:1023BC002800000028000000280000002800000071
:1023CC002800000028000000280000002800000061
:1023DC00280000002D0000002D0000002D00000042
:1023EC002D0000002D0000002D0000002D0000002D
:1023FC002D0000002D0000002D0000002D0000001D
:10240C0032000000320000003200000032000000F8
:10241C0032000000320000003200000032000000E8
:10242C00320000003200000032000000000000000A
:10243C0000000000320000003200000032000000FA
:10244C0032000000320000003200000032000000B8
:10245C0032000000320000003200000032000000A8
:10246C002D0000002D0000002D0000002D000000AC
:10247C002D0000002D0000002D0000002D0000009C
:10248C002D0000002D0000002D0000002800000091
:10249C002800000028000000280000002800000090
:1024AC002800000028000000280000002800000080
:1024BC00280000002800000023000000230000007A
:1024CC002300000023000000230000002300000074
:1024DC002300000023000000230000002300000064
:1024EC00230000001E0000001E0000001E00000063
:1024FC001E0000001E0000001E0000001E00000058
:10250C001E0000001E0000001E0000001E00000047
:10251C00190000001900000019000000190000004B
:10252C001900000019000000190000000000000054
:10253C000000000019000000190000001900000044
:10254C00190000001400000014000000140000002A
:10255C00140000001400000014000000140000001F
:10256C00140000001400000014000000140000000F
:10257C003200000032000000320000000F000000AA
:10258C000F0000000F0000000F0000000F00000003
:10259C000F0000000F0000000F0000000F000000F3
:1025AC000F0000000F0000000A0000000A000000ED
:1025BC000A0000000A0000000A0000000A000000E7
:1025CC000A0000000A0000000A0000000A000000D7
:1025DC000A000000050000000500000005000000D6
:1025EC0005000000050000000500000005000000CB
:1025FC0005000000050000000500000005000000BB
:10260C0001000000010000000100000001000000BA
:10261C0001000000010000000100000001000000AA
:10262C00010000000100000001000000000000009B
:10263C000000000001000000050000000A0000007E
:10264C000F00000014000000190000001E00000024
:10265C0023000000280000002D00000032000000C4
:10266C00320000002D0000002800000023000000B4
:10267C001E00000019000000140000000F000000F4
:10268C000A0000000500000001000000010000002D
:10269C00050000000A0000000F00000014000000FC
:1026AC00190000001E00000023000000280000009C
:1026BC002D00000032000000320000002D00000050
:1026CC0028000000230000001E000000190000007C
:1026DC00140000000F0000000A00000005000000BC
:1026EC000100000001000000050000000A000000CD
:1026FC000F00000014000000190000001E00000074
:10270C0023000000280000002D0000003200000013
:10271C00320000002D000000280000002300000003
:10272C001E00000019000000140000000000000052
:10273C000000000001000000050000000A0000007D
:10274C000F000000320000002D00000028000000E7
:10275C00230000001E0000001900000014000000FF
:10276C000F0000000A00000005000000010000003E
:10277C0032000000320000003200000001000000B6
:10278C00050000000A0000000F000000140000000B
:10279C00190000001E0000002300000028000000AB
:1027AC002D00000032000000320000002D0000005F
:1027BC0028000000230000001E000000190000008B
:1027CC00140000000F0000000A00000005000000CB
:1027DC000100000001000000050000000A000000DC
:1027EC000F00000014000000190000001E00000083
:1027FC0023000000280000002D0000003200000023
:10280C00320000002D000000280000002300000012
:10281C001E00000019000000140000000F00000052
:10282C000A0000000500000001000000000000008C
:10283C0000000000320000002D0000002800000005
:10284C00230000001E00000019000000140000000E
:10285C000F0000000A00000005000000010000004D
:10286C0001000000050000000A0000000F0000003D
:10287C0014000000190000001E00000023000000DE
:10288C00280000002D000000320000003200000083
:10289C002D00000028000000230000001E00000096
:1028AC0019000000140000000F0000000A000000D6
:1028BC000500000001000000010000000500000000
:1028CC000A0000000F0000001400000019000000B6
:1028DC001E00000023000000280000002D00000056
:1028EC0032000000320000002D0000002800000023
:1028FC00230000001E00000019000000140000005E
:10290C000F0000000A00000005000000010000009C
:10291C0001000000050000000A0000000F0000008C
:10292C0014000000190000001E0000000000000050
:10293C0000000000320000002D0000002800000004
:10294C002300000001000000050000000A00000048
:10295C000F00000014000000190000001E00000011
:10296C0023000000280000002D00000032000000B1
:10297C003200000032000000320000003200000083
:10298C002D00000028000000230000001E000000A5
:10299C0019000000140000000F0000000A000000E5
:1029AC00050000000100000001000000050000000F
:1029BC000A0000000F0000001400000019000000C5
:1029CC001E00000023000000280000002D00000065
:1029DC0032000000320000002D0000002800000032
:1029EC00230000001E00000019000000140000006D
:1029FC000F0000000A0000000500000001000000AC
:102A0C0001000000050000000A0000000F0000009B
:102A1C0014000000190000001E000000230000003C
:102A2C00280000002D000000320000000000000013
:102A3C000000000001000000020000000300000084
:102A4C000400000005000000060000000700000064
:102A5C0008000000090000000A0000000B00000044
:102A6C000C0000000D0000000D0000000C00000028
:102A7C000B0000000A000000090000000800000024
:102A8C000700000006000000050000000400000024
:102A9C000300000002000000010000000000000024
:102AAC000000000001000000020000000300000014
:102ABC0004000000050000000600000007000000F4
:102ACC0008000000090000000A0000000A000000D5
:102ADC0009000000080000000700000006000000CC
:102AEC0005000000040000000300000002000000CC
:102AFC0001000000000000000500000004000000C0
:102B0C0003000000020000000100000000000000B3
:102B1C00060000000700000008000000090000008B
:102B2C000A0000000000000001000000020000008C
:102B3C00030000000400000005000000000000007D
:102B4C00010000000200000003000000040000006F
:102B5C000000000000000000000000000000000069
:102B6C000000000000000000000000000000000059
:102B7C000000000000000000000000000000000049
:102B8C000000000000000000000000000000000039
:102B9C0000000000000000000100000064000000C4
:102BAC00C80000002C010000900100004C04000043
:102BBC00E8030000C80000005802000001000000FB
:102BCC00BC020000640000002C0100002003000087
:102BDC0090010000F40100001405000084030000C3
:102BEC00B004000008070000E803000084030000A4
:102BFC0020030000BC02000058020000F401000099
:102C0C0000000000000000000000000000000000B8
:102C1C0000000000000000000000000000000000A8
:102C2C000000000000000000000000000000000098
:102C3C000000000000000000000000000000000088
:102C4C000000000000000000000000000000000078
:102C5C000000000000000000190000001900000036
:102C6C0014000000140000000F0000000F00000012
:102C7C000A000000050000000A0000000A00000025
:102C8C000F0000000F0000001400000014000000F2
:102C9C0019000000190000000000000000000000F6
:102CAC000000000000000000000000000000000018
:102CBC000100000005000000050000000A000000F3
:102CCC000A0000000F0000000F00000014000000BC
:102CDC0014000000190000000100000001000000B9
:102CEC0005000000050000000A0000000A000000BA
:102CFC000F0000000F000000140000000100000095
:102D0C000100000005000000050000000A000000A2
:102D1C000A0000000F00000001000000010000008C
:102D2C0005000000050000000A0000000A00000079
:102D3C000F0000000F000000140000001400000041
:102D4C001900000019000000000000000000000045
:102D5C000000000000000000010000000100000065
:102D6C0005000000050000000A0000000A00000039
:102D7C000F000000140000000F0000000F00000006
:102D8C000A0000000A000000050000000500000019
:102D9C000100000001000000000000000000000025
:102DAC000000000000000000000000000000000017
:102DBC001900000014000000140000000F000000B7
:102DCC000F0000000A0000000A00000005000000CF
:102DDC0005000000010000001900000019000000AF
:102DEC0014000000140000000F0000000F00000091
:102DFC000A0000000A000000050000001900000095
:102E0C001900000014000000140000000F00000066
:102E1C000F0000000A00000019000000190000005B
:102E2C0014000000140000000F0000000F00000050
:102E3C000A0000000A000000050000000500000068
:102E4C000100000001000000000000000000000074
:102E5C0000000000000000000F0000001400000043
:102E6C001400000014000000140000001900000001
:102E7C0019000000140000001400000014000000F1
:102E8C00140000000F0000000F0000000F000000F5
:102E9C000F0000000A00000000000000000000000D
:102EAC000000000000000000000000000000000016
:102EBC0014000000140000000F0000000F000000C0
:102ECC000F0000000F0000000A0000000A000000C4
:102EDC000A0000000A0000000F0000000F000000B4
:102EEC000F0000000A0000000A0000000A000000A9
:102EFC000A00000005000000050000000A000000A8
:102F0C000A0000000A000000050000000500000097
:102F1C000500000005000000050000000500000091
:102F2C00050000000100000001000000010000008D
:102F3C00010000000100000001000000050000007D
:102F4C00050000000500000000000000000000006B
:102F5C00000000000000000005000000050000005B
:102F6C00050000000100000001000000010000004D
:102F7C00010000000100000001000000050000003D
:102F8C000500000005000000050000000A0000001C
:102F9C000A0000000A000000000000000000000011
:102FAC000000000000000000000000000000000015
:102FBC0005000000050000000500000005000000F1
:102FCC000A0000000A0000000A0000000A000000CD
:102FDC000F0000000F000000050000000A000000B8
:102FEC000A0000000A0000000A0000000F000000A8
:102FFC000F0000000F0000000F0000000A0000008E
:10300C000F0000000F0000000F0000000F00000078
:10301C0014000000140000000F0000001400000059
:10302C00140000001400000014000000190000003F
:10303C00190000001400000014000000140000002F
:10304C00140000000F000000000000000000000051
:10305C0000000000000000000A000000000000005A
:10306C000A000000010000000A000000010000003E
:10307C00010000000D000000010000000D00000028
:10308C000100000004000000040000000D0000001E
:10309C00040000000D000000040000000D00000002
:1030AC0004000000070000001000000007000000F2
:1030BC0010000000070000000700000010000000D6
:1030CC00070000000A000000100000000A000000C9
:1030DC001300000016000000100000001600000095
:1030EC001300000016000000130000001600000082
:1030FC00160000001300000019000000130000006F
:10310C0019000000190000001F0000001900000049
:10311C00190000001F0000001C0000001F00000030
:10312C001C000000220000001C0000002200000017
:10313C001C0000001C000000220000001F0000000A
:10314C00220000001F000000220000000000000010
:10315C00000000000000000019000000000000004A
:10316C0019000000220000001900000022000000DD
:10317C0022000000160000002200000016000000D3
:10318C00220000001F0000001F00000016000000BD
:10319C001F000000160000001F00000016000000B9
:1031AC001F0000001C000000130000001C000000A9
:1031BC00130000001C0000001C00000013000000A5
:1031CC001C00000019000000130000001900000092
:1031DC00100000000D000000130000000D000000A6
:1031EC00100000000D000000100000000D00000099
:1031FC000D000000100000000A000000100000008C
:10320C000A0000000A000000040000000A00000090
:10321C000A00000004000000070000000400000089
:10322C000700000002000000070000000200000080
:10323C00070000000700000002000000040000006E
:10324C00020000000400000002000000000000006A
:10325C000000000000000000190000000000000049
:10326C0019000000220000001900000022000000DC
:10327C0022000000160000002200000016000000D2
:10328C00220000001F0000001F00000016000000BC
:10329C001F000000160000001F00000016000000B8
:1032AC001F0000001C000000130000001C000000A8
:1032BC00130000001C0000001C00000013000000A4
:1032CC001C00000019000000130000001900000091
:1032DC00100000000D000000130000000D000000A5
:1032EC00100000000D000000100000000D00000098
:1032FC000D000000100000000A000000100000008B
:10330C000A0000000A000000040000000A0000008F
:10331C000A00000004000000070000000400000088
:10332C000700000001000000070000000100000081
:10333C00070000000700000001000000040000006E
:10334C00010000000400000001000000000000006B
:10335C0000000000000000000A0000000000000057
:10336C000A000000020000000A000000010000003A
:10337C00010000000D000000010000000D00000025
:10338C000100000004000000040000000D0000001B
:10339C00040000000D000000040000000D000000FF
:1033AC0004000000070000001000000007000000EF
:1033BC0010000000070000000700000010000000D3
:1033CC00070000000A000000100000000A000000C6
:1033DC001300000016000000100000001600000092
:1033EC00130000001600000013000000160000007F
:1033FC00160000001300000019000000130000006C
:10340C0019000000190000001F0000001900000046
:10341C00190000001F0000001C0000001F0000002D
:10342C001C000000220000001C0000002200000014
:10343C001C0000001C000000220000001F00000007
:10344C00220000001F00000022000000000000000D
:10345C000000000000000000070000000000000059
:10346C000A0000000D0000000D0000000A00000022
:10347C00070000000D000000040000000A0000001E
:10348C000100000001000000040000000700000023
:10349C0007000000040000000A000000010000000A
:1034AC000D0000000D000000010000000A000000EB
:1034BC0004000000070000000400000007000000EA
:1034CC0001000000010000000A00000004000000E0
:1034DC000D0000000D0000000D0000000A000000AF
:1034EC0001000000070000000400000004000000C0
:1034FC000100000007000000010000000A000000AD
:10350C000400000007000000070000000A00000093
:10351C000D0000000A0000000D0000000D0000006E
:10352C000A0000000D00000007000000070000006A
:10353C0004000000010000000A000000010000006F
:10354C000400000004000000010000000000000066
:10355C000000000000000000160000000000000049
:10356C001300000010000000100000001300000009
:10357C0016000000100000001900000013000000ED
:10358C001C0000001C0000001900000016000000C8
:10359C001600000019000000130000001C000000C1
:1035AC0010000000100000001C00000013000000C0
:1035BC0019000000160000001900000016000000A1
:1035CC001C0000001C00000013000000190000008B
:1035DC00100000001000000010000000130000009C
:1035EC001C0000001600000019000000190000006B
:1035FC001C000000160000001C000000130000005E
:10360C001900000016000000160000001300000056
:10361C00100000001300000010000000100000005B
:10362C00130000001000000016000000160000003F
:10363C00190000001C000000130000001C0000001A
:10364C0019000000190000001C0000000000000020
:10365C00000000001E0000001E0000001E00000004
:10366C001E0000001E0000001E0000001E000000D6
:10367C001E0000001E0000001E0000001E000000C6
:10368C0019000000190000001900000019000000CA
:10369C0019000000190000001900000019000000BA
:1036AC0019000000190000001E00000014000000AA
:1036BC0014000000140000001400000014000000AE
:1036CC00140000001400000014000000140000009E
:1036DC00190000001E0000000F0000000F00000089
:1036EC000F0000000F0000000F0000000F00000092
:1036FC000F0000000F000000140000001900000073
:10370C001E0000000A0000000A0000000A00000071
:10371C000A0000000A0000000A0000000A00000075
:10372C000F00000014000000190000001E00000033
:10373C000500000005000000050000000500000069
:10374C000500000001000000050000000000000062
:10375C00000000001E000000190000001400000012
:10376C000F0000000A0000000A0000000A00000020
:10377C000A0000000A0000000A0000000A00000015
:10378C000F00000014000000190000001E000000D3
:10379C000F0000000F0000000F0000000F000000E1
:1037AC000F0000000F0000000F0000000F000000D1
:1037BC0014000000190000001E000000140000009E
:1037CC00140000001400000014000000140000009D
:1037DC00140000001400000014000000140000008D
:1037EC00190000001E000000190000001900000064
:1037FC001900000019000000190000001900000059
:10380C001900000019000000190000001900000048
:10381C001E0000001E0000001E0000001E00000024
:10382C001E0000001E0000001E0000001E00000014
:10383C001E0000001E0000001E0000001E00000004
:10384C001E0000001E0000001E0000000000000012
:10385C000000000001000000010000000100000059
:10386C000100000001000000010000000100000048
:10387C000100000001000000010000000100000038
:10388C000500000005000000050000000500000018
:10389C000500000005000000050000000500000008
:1038AC000500000005000000010000000A000000F7
:1038BC000A0000000A0000000A0000000A000000D4
:1038CC000A0000000A0000000A0000000A000000C4
:1038DC0005000000010000000F0000000F000000B8
:1038EC000F0000000F0000000F0000000F00000090
:1038FC000F0000000F0000000A000000050000008F
:10390C00010000001400000014000000140000006E
:10391C00140000001400000014000000140000004B
:10392C000F0000000A00000005000000010000006C
:10393C001900000019000000190000001900000017
:10394C00190000001E00000019000000000000001B
:10395C00000000001E000000190000001400000010
:10396C000F00000014000000140000001400000000
:10397C0014000000140000001400000014000000EB
:10398C000F0000000A00000005000000010000000C
:10399C000F0000000F0000000F0000000F000000DF
:1039AC000F0000000F0000000F0000000F000000CF
:1039BC000A00000005000000010000000A000000E1
:1039CC000A0000000A0000000A0000000A000000C3
:1039DC000A0000000A0000000A0000000A000000B3
:1039EC0005000000010000000500000005000000BB
:1039FC0005000000050000000500000005000000A7
:103A0C000500000005000000050000000500000096
:103A1C000100000001000000010000000100000096
:103A2C000100000001000000010000000100000086
:103A3C000100000001000000010000000100000076
:103A4C000100000001000000010000000000000067
:103A5C000000000001020304000000000000000050
:103A6C000102030406070809010202030405060704
:103A7C0008090A0B0C0D0E0F101049444C4500544C
:103A8C006D725100546D72205376630053544D691E
:103A9C0063726F656C656374726F6E6963730053E8
:103AAC00544D3332205669727475616C20436F6DBE
:103ABC00506F72740043444320436F6E6669670015
:103ACC0043444320496E7465726661636500636F9D
:103ADC006F7264007561727431747800646566612C
:103AEC00756C745461736B00636F6D6D5461736BA3
:103AFC00005245454E54206D616C6C6F632073759C
:103B0C0063636565646564002F6275696C642F6717
:103B1C006E752D746F6F6C732D666F722D73746D63
:103B2C0033325F31332E332E72656C312E3230329C
:103B3C0034303932362D313731352F7372632F6E65
:103B4C0065776C69622F6E65776C69622F6C696240
:103B5C00632F7374646C69622F72616E642E6300E0
:103B6C002C2066756E6374696F6E3A2000617373F6
:103B7C00657274696F6E2022257322206661696CF0
:103B8C0065643A2066696C6520222573222C206CB2
:103B9C00696E65202564257325730A00232D302B4F
:103BAC002000686C4C006566674546470030313232
:103BBC003334353637383941424344454600303189
:103BCC0032333435363738396162636465660000E8
:103BDC00E83A0108000000000000000000000000AE
:103BEC0000000000000800001800000000000000A9
:103BFC0000000000F43A0108000000000000000082
:103C0C000000000000000000001000002000000078
:103C1C000000000000000000F9C00008E9C0000826
:103C2C00BDC100089DC10008D9C00008C9C000086A
:103C3C00B9C00008A9C0000899C0000889C00008D4
:103C4C0079C0000869C0000859C0000849C00008C4
:103C5C008DC100087DC100082DC1000809C10008F4
:103C6C005FC100085BC1000851C1000857C10008C2
:103C7C0000000000000C0140000C0140000000009E
:103C8C000000000000000000000000000000000028
:103C9C000000000000000000000000000000000018
:103CAC000000000002000100000000000000000005
:103CBC0000000000000000000000000089F1000876
:103CCC00A7F100081D0301083B03010819FE0008B9
:103CDC0033FE000865E60008D1E6000821EC000878
:103CEC003FEC0008790501089705010839FE00082A
:103CFC00A1FE0008010101020202020303030404F5
:103D0C000405050505060606060606070707070748
:103D1C00080808080809090909090A0A0A0A0A0B05
:103D2C000B0B0B0B03030303000303030100000342
:103D3C000301010000000001010100000202010169
:103D4C000002020201020202020000000000040450
:103D5C0004000004080804000004080C0804000017
:103D6C00040808040000040404000000000002021F
:103D7C000202010202020001010202000001010123
:103D8C000000000001010303000001030303000312
:103D9C000303030C0C0C0C0C0808080C0C08040492
:103DAC00080C0C08040004080C0C080404080C0C87
:103DBC000808080C0C0C0C0C00000000000202029D
:103DCC000202040404040404060606060606060899
:103DDC0008080808080A0A0A0A0A0C0C0C0C000647
:103DEC000A0E1204080C101402060A0E1216000415
:103DFC00080C10141802060A0E121604080C1014E3
:043E0C00060A0E1282
:083E10004804FF7F01000000DF
:043E18001542000847
:043E1C00F141000868
:103E200000127A00010000001000000009074300A2
:103E3000020104C03209040000010202010005244D
:103E400000100105240100010424020205240600DB
:103E5000010705820308001009040100020A00009E
:103E60000007050102400000070581024000000034
:103E700009024300020100C03209040000010202ED
:103E800001000524001001052401000104240202A0
:103E9000052406000107058203080010090401003B
:103EA000020A000000070501024000000705810228
:103EB0004000000009024300020100C03209040072
:103EC0000001020201000524001001052401000187
:103ED00004240202052406000107058203080010DD
:103EE00009040100020A00000007050102000200A7
:103EF0000705810200020000AF8000086D80000805
:103F0000CB7F000800000000057F00088B7F0008C1
:103F10005D7F0008000000000000000000000000BD
:103F2000397F00082D7F0008457F0008517F000879
:103F30000A0600020000004001000000AAAAAAAA86
:103F40001A03000000000000000000000000000054
:103F5000000000000000000000000000040309044D
:103F600012010002020200408304405700020102D5
:103F700003010000EDA50008F9A500086DA60008E2
:103F800089A6000831A60008A5A60008C1A6000859
:103F900079A70008DDA60008E1A60008E5A600084C
:103FA000FFFFFFFF010200010500010C00000000FF
:103FB00003000000487900209C0100200000000060
:103FC00048790020B0790020187A00200000000015
:103FD00000000000000000000000000000000000E1
:103FE00000000000000000000000000000000000D1
:103FF00000000000000000000000000000000000C1
:084000000000000000000000B8
:040000050800B1C17D
:00000001FF
