:020000040800F2
:1000000000C00020551B0008FB140008F514000870
:10001000FD140008FF14000801150008000000008E
:1000200000000000000000000000000003150008B0
:10003000051500080000000007150008F11400086D
:100040009D1B00089D1B00089D1B00089D1B0008B0
:100050009D1B00089D1B00089D1B00089D1B0008A0
:100060009D1B00089D1B00089D1B00089D1B000890
:100070009D1B00089D1B00089D1B00089D1B000880
:100080009D1B00089D1B00089D1B00089D1B000870
:100090009D1B00089D1B00089D1B00089D1B000860
:1000A0009D1B00089D1B00089D1B00089D1B000850
:1000B0009D1B00089D1B00089D1B00089D1B000840
:1000C0009D1B00089D1B00089D1B00089D1B000830
:1000D0009D1B00089D1B00089D1B00089D1B000820
:1000E0009D1B00089D1B00089D1B00089D1B000810
:1000F0009D1B00089D1B00089D1B00089D1B000800
:100100009D1B00089D1B00089D1B00089D1B0008EF
:100110009D1B00089D1B00089D1B00089D1B0008DF
:100120009D1B00089D1B00089D1B00089D1B0008CF
:1001300000000000000000000000000000000000BF
:1001400000000000000000000000000000000000AF
:10015000000000000000000000000000000000009F
:10016000000000000000000000000000000000008F
:10017000000000000000000000000000000000007F
:10018000000000000000000000000000000000006F
:10019000000000000000000000000000000000005F
:1001A000000000000000000000000000000000004F
:1001B000000000000000000000000000000000003F
:1001C000000000000000000000000000000000002F
:1001D000000000000000000000000000000000001F
:0401E0005FF8E0F1F3
:1001E40010B5054C237833B9044B13B10448AFF36D
:1001F40000800123237010BD1000002000000000C7
:10020400F81B000808B5034B1BB103490348AFF3BF
:10021400008008BD0000000014000020F81B000846
:100224007047704738B50E4B05461A784FF47A7309
:10023400B3FBF2F30B4A1068B0FBF3F000F0C0FC20
:10024400044658B90F2D09D8024629464FF0FF300D
:1002540000F086FC2046044B1D6038BD0120FCE7FD
:10026400040000200000002008000020074A08B510
:100274001368032043F01003136000F05FFC0F20A9
:10028400FFF7D0FFFFF7CDFF002008BD002002409C
:10029400034A044B11681B780B441360704700BF7A
:1002A4002C00002004000020014B1868704700BF98
:1002B4002C00002038B50446FFF7F6FF0546631C02
:1002C4001EBF044B1B78E418FFF7EEFF431BA34249
:1002D400FAD338BD0400002070B5FFF7E5FF0546EA
:1002E4002F4C236843F00103236023689B073BD50D
:1002F400236841F2883623F0F80343F08003236037
:10030400FFF7D2FF002305466360636813F00C0F08
:1003140032D1244B244A1A60244B1868FFF782FF19
:10032400054600283AD1FFF7BFFF0646236823F0AD
:1003340080732360236813F0007323D16360FFF795
:10034400B3FF0646236823F410232360236813F4C1
:1003540000331DD1226822F480222260626A42F0B6
:1003640080726262A36005E0FFF79EFF401B0228D3
:10037400BBD90325284670BDFFF796FF401BB0424A
:10038400C3D9F6E7FFF790FF801B0228D2D9F0E724
:10039400FFF78AFF801B6428D8D9EAE70125E9E73B
:1003A400001002400000002000127A000800002023
:1003B4002DE9F341054638B30368DB0710D42B68F5
:1003C4009F075ED42B68190700F195802B685A07A4
:1003D40000F1C180EB69002B40F02C81002029E062
:1003E400904C636803F00C03042B07D0636803F09C
:1003F4000C03082B0AD16368DE0307D523689C032A
:10040400DDD56B68002BDAD1012013E06B68B3F5FE
:10041400803F12D1236843F480332360FFF744FF05
:10042400064623689803CAD4FFF73EFF801B64285E
:10043400F7D9032002B0BDE8F0819BB9236823F407
:1004440080332360236823F480232360FFF72CFF89
:10045400064623689903B2D5FFF726FF801B64285C
:10046400F7D9E6E7B3F5A02F236803D143F480233B
:100474002360CFE723F480332360236823F48023AD
:10048400CBE7684C636813F00C0F07D0636803F084
:100494000C03082B10D16368DA030DD423689B077F
:1004A40002D52B69012BAFD123686A6923F0F803C5
:1004B40043EAC203236085E72A695B4B6AB10122E0
:1004C4001A60FFF7F1FE064623689F07ECD4FFF796
:1004D400EBFE801B0228F7D9ABE71A60FFF7E4FEB6
:1004E4000646236898077FF56DAFFFF7DDFE801B96
:1004F4000228F6D99DE7AA694A4E4B4BE2B1012284
:10050400C3F88024FFF7D0FE0446736A9B070DD519
:100514004FF4FA52454B1B68B3FBF2F3019300BF4F
:10052400019B5A1E0192002BF9D14FE7FFF7BCFE45
:10053400001B0228E9D97CE7C3F88024FFF7B4FE46
:100544000446736A9F077FF541AFFFF7ADFE001BBA
:100554000228F6D96DE7334CE369D80024D4012787
:10056400E36943F08053E361E36903F0805300934C
:10057400009B2F4E3368D90518D5EB68012B26D183
:10058400236A43F001032362FFF78EFE41F28838A9
:100594000646236A9B073FD5002F3FF41BAFE36950
:1005A40023F08053E36115E70027E2E7336843F45F
:1005B40080733360FFF778FE80463368DA05DCD455
:1005C400FFF772FEA0EB08006428F6D931E7ABB957
:1005D400236A41F2883823F001032362236A23F05B
:1005E40004032362FFF760FE0646236A9807D3D507
:1005F400FFF75AFE801B4045F7D91AE7052B236AFB
:1006040003D143F004032362BAE723F00103236216
:10061400236A23F00403B6E7FFF746FE801B404538
:10062400B7D906E700100240000042420000002053
:10063400007000402A4C626802F00C02082A3ED086
:100644000022022B274B1A662CD1FFF72DFE0646FB
:100654002368990120D42B6AB3F5803F05D16268E1
:10066400A96822F400320A436260696A62680B4333
:1006740022F474121343012263601A4B1A66FFF7C3
:1006840013FE054623689A013FF5A8AEFFF70CFE5A
:10069400401B0228F6D9CCE6FFF706FE801B022891
:1006A400D6D9C6E6FFF700FE054623689B017FF511
:1006B40095AEFFF7F9FD401B0228F6D9B9E6012BE8
:1006C4003FF4A2AE60682B6A00F480329A427FF451
:1006D4009BAE6B6A00F47010C01A18BF0120A9E623
:1006E40000100240000042420D4A536803F00C011E
:1006F400082912D10B48C3F38341DB03405C09D5BD
:100704005368094AC3F340435043084AD35CB0FBDF
:10071400F3F07047064B584370470348704700BFD7
:1007240000100240221C000800127A00201C00085D
:1007340000093D002DE9F0410D46044610B90120A1
:10074400BDE8F081444A136803F007038B4228D3C1
:1007540021688E0730D4CA0743D43F4A136803F094
:100764000703AB4265D822683C4D12F0040F6CD1EC
:10077400130706D56B68226923F4605343EAC20366
:100784006B60FFF7B1FF6B68354AC3F30313D35CA7
:10079400D840344B1860344B1868FFF743FD0020F1
:1007A400CEE7136823F007030B431360136803F0C9
:1007B40007038B42C3D1CBE7284B11F0040F1EBFB4
:1007C4005A6842F4E0625A60080742BF5A6842F429
:1007D40060525A605A68A06822F0F00202435A60DC
:1007E400B9E762681D4E012A33681AD113F4003F39
:1007F400A5D0736841F2883823F003031343736070
:10080400FFF752FD07467368626803F00C03B3EB0D
:10081400820FA2D0FFF748FDC01B4045F3D9032047
:100824008EE7022A02D113F0007FE1E713F0020FF2
:10083400DEE7136823F007032B431360136803F008
:100844000703AB427FF47BAF8DE76B68E16823F469
:10085400E0630B436B608BE7002002400010024012
:10086400101C0008000000200800002003682DE987
:10087400F3410546D80721D5364CE369D9002BD47A
:100884000126E36943F08053E361E36903F0805395
:100894000193019B304F3B68DA051FD5236A6A68D0
:1008A40013F440732ED1236A6A6823F4407313430C
:1008B40023621EB1E36923F08053E3612A68910740
:1008C40006D52449A8684B6823F4404303434B608E
:1008D400D30636D4002012E00026DBE73B6843F45D
:1008E40080733B60FFF7E0FC80463B68DB05D5D4B2
:1008F400FFF7DAFCA0EB08006428F6D9032002B065
:10090400BDE8F08102F440729A42CCD00120134A2F
:10091400236AC2F84004002023F44071DF07C2F8C0
:1009240040042162BFD5FFF7BFFC41F28838074677
:10093400236A9807B7D4FFF7B7FCC01B4045F7D923
:10094400DCE7044A6969536823F480030B4353606A
:10095400C0E700BF001002400070004000004242A7
:100964002DE9F74F00244FF00F0E2646DFF89CC107
:10097400674B00F104080A6832FA06F502D103B0A5
:10098400BDE8F08F012505FA06F702EA070537EA04
:1009940002027ED14A68032A07D8013A022A00F2E9
:1009A4008C80DFE802F09A9FA500122A00F09D8057
:1009B40071D8112A00F09380FF2D94BF8146C1465F
:1009C4004FEA8602D9F8007088BF203A0EFA02FA7C
:1009D40027EA0A0704FA02F21743C9F80070D1F8AB
:1009E400049019F0805F54D0DCF8182026F0030737
:1009F40042F00102CCF81820DCF8182007F18047F7
:100A040002F00102019207F5803706F0030A019A09
:100A14004FEA8A0ABA680EFA0AFB22EA0B0B3D4A2D
:100A2400904269D002F58062904267D002F58062FC
:100A3400904265D002F58062904263D002F58062F4
:100A4400904261D002F58062904214BF06220522D2
:100A540002FA0AF242EA0B02BA609A6819F4801F99
:100A640014BF2A43AA439A60DA6819F4001F14BF1A
:100A74002A43AA43DA605A6819F4003F14BF2A4390
:100A8400AA435A601A6819F4803F14BF2A43AA4340
:100A94001A6001366FE7DFF880904A450DD015D80B
:100AA400A9F580194A4508D009F570294A4504D0AA
:100AB400A9F580194A457FF47FAF8A68D2B1012A2B
:100AC4004FF008040CBF0761476175E7DFF84C90ED
:100AD4004A45F2D009F58039ECE7CC686CE7CC687C
:100AE400043469E7CC68083466E7CC680C3463E7FF
:100AF400002461E704245FE70022A9E70122A7E7B5
:100B04000222A5E70322A3E70422A1E70010024082
:100B140000040140000801400000221000003110D0
:100B24000AB1016170470904FBE7C36801EA0302E3
:100B340021EA030141EA02410161704707490302C6
:100B4400CA6803F4E06322F4E0621204120C134353
:100B540043F0BF6343F40033CB60704700ED00E023
:100B6400154B30B5DC68C4F30224C4F10703251D1A
:100B7400042B28BF0423062D4FF0FF3594BF002417
:100B8400033C05FA03F321EA0303A54022EA050224
:100B9400A340002843EA0203ACBF00F16040074AC7
:100BA4004FEA0313DBB2ABBF00F5614000F00F0066
:100BB40080F80033135430BD00ED00E014ED00E084
:100BC4000138B0F1807F0BD24FF0E023F021054AC9
:100BD400586182F823100020072298611A61704737
:100BE4000120704700ED00E0114AD36813F01003B0
:100BF40005D01049CB6943F00203CB611023D268BE
:100C0400500706D50B4943F00403CA6942F00102B8
:100C1400CA61074AD169C90708D50648C16941F0C4
:100C24000401C161D16921F00101D161D360704730
:100C34000020024030000020064B186910F08000AC
:100C440007D0054A5A6002F188325A601869C0F325
:100C5400C01070470020024023016745034A00206A
:100C6400136943F080031361704700BF0020024002
:100C740070B50546FFF718FB0646114CE368D80724
:100C840012D4E368990644BF2023E360E368DA06DC
:100C940006D4E369DB0703D4E06810F0040007D04E
:100CA400FFF7A2FF012003E06B1CE7D00DB903207E
:100CB40070BDFFF7F9FA801BA842DFD9F7E700BF40
:100CC400002002402DE9F84FDFF894A01F469AF85F
:100CD40018300546012B884691463FD001234CF23B
:100CE40050308AF81830FFF7C3FF90BB012D03D0B2
:100CF400022D14BF0425022500263346DFF864B014
:100D04003401C4F12001A4F1200207FA01F129FA07
:100D140004F4CAF81C300C4327FA02F21443DBF83B
:100D24001020A4B242F00102CBF810204CF2503053
:100D340028F81640FFF79CFFDBF8102022F0010290
:100D4400CBF8102028B90136F2B295424FF00003D7
:100D5400D6D800238AF81830BDE8F88F0220FBE7C4
:100D640030000020002002400022064BDA61064BCE
:100D74001A6942F002021A6158611A6942F040028B
:100D84001A61704730000020002002402DE9F04134
:100D9400264F05463B7E8846012B44D001243C76F1
:100DA40003684CF25030022B1AD1FFF761FF20B1D7
:100DB400012000233B76BDE8F0811D4CF8612369D6
:100DC4004CF2503043F004032361236943F04003A1
:100DD4002361FFF74DFF236923F004032361E8E750
:100DE400FFF746FF0028E3D14FF0FF33C8F8003087
:100DF4002046AE680E4CD5E9023203EBC223B3425F
:100E0400D7D93046FFF7B0FF4CF25030FFF730FF30
:100E1400236923F00203236110B1C8F80060C8E716
:100E240006F50066E7E70220C5E700BF30000020B2
:100E3400002002402DE9F3471F46894690460446A8
:100E4400FFF732FA0A9D3D442D1AFFF72DFA824628
:100E5400254B1E68C6F3CB366E4301962268936811
:100E640039EA03030CBF01230023434501D10020C9
:100E74002EE07B1CF3D0FFF717FAA0EB0A00A84280
:100E840029D323685A6822F0E0025A606268B2F5F6
:100E9400827F0AD1A268B2F5004F02D0B2F5806F0A
:100EA40003D11A6822F040021A60A26AB2F5005F08
:100EB40007D11A6822F400521A601A6842F40052E8
:100EC4001A60012384F851300023032084F8503041
:100ED40002B0BDE8F087019A019B002A03F1FF33B9
:100EE40008BF15460193B9E70000002073B50B460F
:100EF40000920D461646022101220446FFF79AFF8E
:100F0400024628B1636D032043F02003636507E0C4
:100F14002B46802120460096FFF78CFF0028F1D154
:100F240002B070BD37B50B4641680446B1F5827F07
:100F340018D18168B1F5004F02D0B1F5806F11D19D
:100F44002568B1F5806F286820F04000286009D139
:100F54000092012100222046FFF76CFF30B90020E7
:100F640003B030BD009280210022F4E7636D0320BA
:100F740043F020036365F3E710B50446002851D01D
:100F8400436A002B4AD14268B2F5827F00D0C36124
:100F94000023A36294F8513003F0FF0223B92046E2
:100FA40084F8502000F058FC0223226884F8513061
:100FB4001368A06823F040031360636800F40440DE
:100FC40003F482730343E068A16900F400600343FF
:100FD400206900F002000343606900F0010003434C
:100FE40001F400700343E069090C00F03800034386
:100FF400206A01F0040100F080000343A06A00F4B9
:101004000050034313605160D369002023F400634C
:10101400D3610123606584F8513010BD0023C0E919
:101024000433B5E70120F8E72DE9F74304461F46EA
:101034000D469046FFF738F994F851308146012B5C
:10104400D8B240F09F80002D74D0B8F1000F71D059
:1010540094F85030012B00F09580032384F851302C
:1010640000236365C4E91033A4F83680A363A3871F
:10107400E387A3682668B3F5004F84F8500025631E
:10108400A4F8348007D1336823F040033360336815
:1010940043F4804333603368E2685B065EBF3368C1
:1010A40043F040033360B2F5006F636845D113B178
:1010B400B8F1010F07D135F8023BF3602563E38EE5
:1010C400013B9BB2E386E38E9BB2D3B94A463946D1
:1010D4002046FFF70BFF002851D1A36833B90193D1
:1010E4002368DA6801929B680193019B012384F8C9
:1010F40051300023606D84F85030C01A18BF0120AD
:1011040018E022689368980705D5236B33F8021B0F
:10111400D1602363D3E7FFF7C7F8A0EB0900B84217
:10112400D1D3791CCFD0012384F85130002303207C
:1011340084F8503003B0BDE8F08313B1B8F1010F67
:1011440008D12B783373236B01332363E38E013B84
:101154009BB2E386E38E9BB2002BB7D023689A68D8
:10116400920703D5226B12781A73ECE7FFF79CF809
:10117400A0EB0900B842EDD37B1CEBD0D3E72023CE
:101184006365AAE70220D5E72DE9F74304460D4637
:1011940091461E46DDF82880FFF786F894F8513012
:1011A4000746012B6268D9B20AD0B2F5827F40F0BB
:1011B400E580A368002B40F0E180042940F0DE8044
:1011C400002D4BD0B9F1000F48D0002E46D094F832
:1011D4005030012B00F0D280012384F8503094F871
:1011E4005130C4F83890042B1CBF052384F85130C7
:1011F40000236365C4E910332368E687E68619682B
:10120400A687490658BF1968256358BF41F04001B5
:10121400A68658BF1960E168B1F5006F55D10AB1CF
:10122400012E07D135F8022BDA60E38E2563013BEA
:101234009BB2E3860125E38E9BB28BB9E38F9BB20D
:1012440073B93A4641462046FFF750FE002800F0A5
:10125400818020236365002384F85030012031E02D
:1012640021688B689A070DD5E38E9BB253B145B1C3
:10127400236B33F8022BCA602363E38E013B9BB2DA
:10128400E38600258A6812F001020CD0E38F9BB23A
:101294004BB11546C968A36B23F8021BA363E38F04
:1012A400013B9BB2E387FEF7FFFFC01B4045C2D35F
:1012B400B8F1FF3FBFD0012384F85130002303204D
:1012C40084F8503003B0BDE8F0830AB1012E08D190
:1012D4002A781A73236B01332363E38E013B9BB299
:1012E400E38601252DE0226893689B070ED5E38EE3
:1012F4009BB25BB14DB1236B1B781373236B01332A
:101304002363E38E013B9BB2E38600252268916848
:1013140011F001010DD0E38F9BB253B10D46D26899
:10132400A36B1A70A36B0133A363E38F013B9BB2DE
:10133400E387FEF7B9FFC01B404502D3B8F1FF3F76
:10134400B9D1E38E9BB2002BCDD1E38F9BB2002B9E
:10135400C9D176E7A36833B901932368DA680192A7
:101364009B680193019B012384F851300023606D35
:1013740084F85030C01A18BF0120A3E70220A1E767
:101384002DE9F7431E4690F851300446012B894657
:101394001746DDB204D00225284603B0BDE8F08329
:1013A4004368B3F5827F0BD183684BB9042380F87B
:1013B4005130134600960A46FFF7E6FE0546EBE772
:1013C400FEF772FF8046B9F1000FE5D0002FE3D09D
:1013D40094F85030012BDED00123002584F85030DE
:1013E4000423A26884F85130B2F5004F6565C4E95E
:1013F4001055E7872368C4F83890A7872563A58626
:10140400E58607D11A6822F040021A601A6822F4AD
:1014140080421A601A6855065EBF1A6842F040029C
:101424001A60E368F3B1E38F9BB2FBB123689A6857
:10143400D2073CD5DA68A36B23F8022BA363E38FAE
:10144400013B9BB2E387EEE723689A68D0071ED579
:101454001B7BA26B1370A36B0133A363E38F013B6C
:101464009BB2E387E38F9BB2002BEDD1424631461A
:101474002046FFF757FD18BB012384F851300023A1
:10148400656D84F85030ED1A18BF012584E7FEF726
:101494000BFFA0EB0800B042E4D3711CE2D001239F
:1014A40084F851300023032584F8503074E7FEF7A4
:1014B400FBFEA0EB0800B042B5D3731CB3D0EEE73B
:1014C40020236365D8E70000BFF34F8F0549064B1F
:1014D400CA6802F4E0621343CB60BFF34F8F00BFCE
:1014E400FDE700BF00ED00E00400FA05FEF7D0BE02
:1014F40008B5FFF7E9FFFEE7FEE7FEE7FEE7704702
:101504007047704708B572B6FFF7DEFF10B596B0A6
:10151400142200210EA800F040FB1422002101A88F
:1015240000F03BFB182200210DEB020000F035FB1C
:1015340002244FF480330122CDE91343CDE90C2377
:101544004FF4E0130CA810921593FEF731FF08B185
:10155400FFF7D8FF0F23CDE901344FF480630390E4
:10156400CDE90430214601A8FFF7E4F80028EFD1C3
:1015740010230B9006A80693FFF778F90028E7D10B
:1015840016B010BD2DE9F04788B0FEF76FFEFFF7E7
:10159400BDFF6420FEF78EFE0023069303F1804313
:1015A40003F504339A69614842F010029A619A691A
:1015B40004A902F010020192019A9A69DFF870817D
:1015C40042F004029A619A6902F004020292029AB9
:1015D4009A6942F020029A619B694FF4004203F039
:1015E40020030393039B0123CDE9042302230793E0
:1015F400FFF7B6F900F00CF910224E480DEB02018A
:1016040000F0EEF9049B43451ED19DF81C30012BDC
:101614001AD1059B013BB3F5703F09D2FFF70CFBD0
:1016240030B90599444800F091F808B3FFF716FB68
:1016340014243E4D6420FEF73DFE4FF4004128463D
:10164400FFF773FA013CF5D13B4C236803F1604387
:10165400B3F5404F55D904F1605404F55044C82003
:10166400FEF728FE4FF400412046FFF75EFAF6E746
:10167400059C314F314EDFF8C890DFF8B0A01CBB99
:10168400FFF7ECFA05992C4800F0A8F8BDF81830DB
:101694008342CDD12B4D4FF480522946254800F08A
:1016A4009FF960B92B68434509D122482C7300F097
:1016B40021FA4FF4805229461E4800F0C3F9322023
:1016C400FEF7F8FDFFF700FFB4F5006F254628BFCD
:1016D4004FF4006549463046AAB200F081F900286B
:1016E400A4D12A464946384600F047F800289DD13F
:1016F4004FF4004150462E442F44641BFFF715FA63
:10170400BDE72768666872B64FF0E02300251D61C7
:10171400FEF7E2FD0C4B9C6087F3088885F3148880
:10172400BFF36F8F62B6B047FEE700BF0010014001
:101734003141544F00F01F000040000800701E00AB
:10174400501000205000002000ED00E07FB54FF065
:10175400FF320023CDE90123012301F2FF71C90AFD
:10176400CDE90330059102A801A9FFF70FFB00386A
:1017740018BF012007B05DF804FB2DE9F8430546C6
:101784000E461746002401F1010822F001094C45D8
:101794000FD1BC421FD2325D0023012042F47F42AC
:1017A4006119FFF78FFA003818BF01204000BDE827
:1017B400F88318F8013C98F80020012043EA02223B
:1017C40061190023FFF77EFA08F1020808B9023410
:1017D400DDE70120EBE70020E9E7000002460144D1
:1017E4004FF6FF7030B5094D8A4200D130BD082450
:1017F40012F8013B584040F300032B4083EA5003A6
:1018040098B2631E13F0FF04F5D1EDE701A0FFFFCA
:1018140008B54FF482730E480E4A4FF40071C0E9C4
:10182400002300231022C0E90233C0E90433C0E9D5
:10183400083383620A23C0E90612C362FFF79CFBE4
:1018440008B1FFF75FFEBDE8084000F09FB800BF95
:10185400501800200030014030B51024054687B0F0
:101864002246002102A800F098F92A68194B9A42EE
:101874002ED103F560439A69032542F480529A619C
:101884009A69154802F480520092009A9A6902A952
:1018940042F004029A619B69A02203F004030193BD
:1018A400019B02230595CDE90223FFF759F8002394
:1018B40040210948CDE9021302A90493FFF750F827
:1018C4000123054802A9029403930595FFF748F8FC
:1018D40007B030BD0030014000080140062337B591
:1018E4000B4D0022284610218DF80730FFF718F918
:1018F40032230DF1070101220648FFF795FB044648
:10190400012228461021FFF70BF9204603B030BD11
:101914000008014050180020F7B50546FEF7C4FC46
:101924000446184E184F05230022102130468DF826
:1019340006308DF80720FFF7F3F8322301220DF16A
:1019440006013846FFF770FB322301220DF107012F
:101954003846FFF715FD304601221021FFF7E0F865
:101964009DF8073013F0010001D103B0F0BDFEF77C
:101974009BFC001BA84203D80120FEF79BFCD2E786
:101984000320F2E7000801405018002037B5012277
:1019940010211148FFF7C4F8FFF7A0FF0446C0B9AF
:1019A4000125024610210C48ADF80450FFF7B8F8A1
:1019B400022201A964230948FFF736FB04462A469C
:1019C40010210548FFF7ACF81CB96420FFF7A4FF09
:1019D4000446204603B030BD0008014050180020E2
:1019E40073B515460E4639B332B303238DF804306C
:1019F400030C40BA00221021ADF806000F488DF800
:101A04000530FFF78DF8042264230D480DEB020125
:101A1400FFF70AFB044638B92A463146084805F15F
:101A24006403FFF7ADFC0446012210210348FFF7CD
:101A340077F8204602B070BD0124FAE7000801409F
:101A4400501800202DE9F74F064693460F4600290B
:101A54004AD0002A48D04FF0020ADFF89080DFF81D
:101A64009090F5B2C5F58075ADB25D4528BF5D4671
:101A7400FFF734FF044640BB330C024610214046B6
:101A84008DF8053073BAADF806308DF804A0FFF771
:101A940047F80422642348460DEB0201FFF7C4FA19
:101AA400044640B905F164032A46394648469BB2C8
:101AB400FFF7BAFA0446012210214046FFF730F836
:101AC4001CB96420FFF728FF04462E442F44ABEBD7
:101AD40005051FFA85FBBBF1000F01D0002CC0D017
:101AE400204603B0BDE8F08F0124F9E70008014067
:101AF4005018002037B50546FFF7F0FE044600BB3A
:101B040020230246102110488DF804302B0C6DBAA6
:101B14008DF80530ADF80650FFF702F8042264236F
:101B24000DEB02010948FFF77FFA04460122102158
:101B34000548FEF7F5FF24B94FF47A60FFF7ECFE91
:101B44000446204603B030BD000801405018002070
:101B5400FEF766FB0B480C490C4A002302E0D458FC
:101B6400C4500433C4188C42F9D3094A094C0023E5
:101B740001E013600432A242FBD300F017F8FFF730
:101B840001FD7047000000200C0000203C1C0008F0
:101B940010000020A8180020FEE7034602449342E8
:101BA40000D1704703F8011BF9E7000070B5002667
:101BB4000C4D0D4C641BA410A64209D100F01AF878
:101BC40000260A4D0A4C641BA410A64205D170BD20
:101BD40055F8043B98470136EEE755F8043B98471F
:101BE4000136F2E7341C0008341C0008341C0008D9
:101BF400381C0008F8B500BFF8BC08BC9E46704706
:0C1C0400F8B500BFF8BC08BC9E46704755
:101C1000000000000000000001020304060708099C
:101C2000010202030405060708090A0B0C0D0E0F3A
:041C30001010000090
:041C34000902000899
:041C3800E5010008BA
:0C1C3C0000127A000100000010000000FF
:0400000508001B557F
:020000040800F2
:1040000000C0002039AC000845AA000847AA0008F3
:1040100049AA00084BAA00084DAA000800000000A9
:10402000000000000000000000000000B19A00083D
:104030004FAA000800000000419B0008F59400080A
:1040400081AC000881AC000881AC000881AC00089C
:1040500081AC000881AC000881AC000881AC00088C
:1040600081AC000881AC000881AC000881AC00087C
:1040700081AC000881AC000881AC000851AA00089E
:1040800081AC000881AC000881AC000881AC00085C
:104090005DAA000881AC000881AC000881AC000872
:1040A00081AC000881AC000881AC000881AC00083C
:1040B00081AC000881AC000869AA000881AC000846
:1040C00081AC000881AC000881AC000881AC00081C
:1040D00081AC000875AA000881AC000881AC00081A
:1040E00081AC000881AC000881AC000881AC0008FC
:1040F00081AC000881AC000881AC000881AC0008EC
:1041000081AC000881AC000881AC000881AC0008DB
:1041100081AC000881AC000881AC000881AC0008CB
:1041200081AC000881AC000881AC000881AC0008BB
:10413000000000000000000000000000000000007F
:10414000000000000000000000000000000000006F
:10415000000000000000000000000000000000005F
:10416000000000000000000000000000000000004F
:10417000000000000000000000000000000000003F
:10418000000000000000000000000000000000002F
:10419000000000000000000000000000000000001F
:1041A000000000000000000000000000000000000F
:1041B00000000000000000000000000000000000FF
:1041C00000000000000000000000000000000000EF
:1041D00000000000000000000000000000000000DF
:0441E0005FF8E0F1B3
:1041F00010B5054C237833B9044B13B10448AFF321
:1042000000800123237010BDEC010020000000009D
:10421000180F010808B5034B1BB103490348AFF35E
:10422000008008BD00000000F0010020180F010808
:10423000002902D0B0FBF1F0704708B14FF0FF3019
:1042400000F008B80029F8D00246B0FBF1F000FBFE
:1042500011217047704700BF034613F8012B002A55
:10426000FBD1181A013870477047704790F83D30FD
:10427000012B28D1022380F83D300368DA6842F030
:104280000102DA60114A934212D002F500629342B1
:104290000ED0B3F1804F0BD0A2F59832934207D0E5
:1042A00002F58062934203D002F58062934204D10A
:1042B0009A6802F00702062A03D01A6842F0010247
:1042C0001A60002070470120704700BF002C014099
:1042D0007047704770477047036870B5DD681E69A6
:1042E0000446B1070DD5AA070BD56FF002021A617B
:1042F000012202779B699B0769D0FFF7EAFF002341
:104300002377710710D56A070ED56FF00402236872
:1043100020461A61022222779B6913F4407F5CD009
:10432000FFF7D7FF0023237733070FD528070DD5D5
:104330006FF00802236820461A6104222277DB69A5
:10434000990750D0FFF7C5FF00232377F20610D559
:10435000EB060ED56FF01002236820461A61082282
:104360002277DB6913F4407F43D0FFF7B2FF0023CD
:104370002377F00708D5E90706D56FF00102236817
:1043800020461A6106F004F8320608D52B0606D539
:104390006FF08002236820461A6100F09CF87006D6
:1043A00008D5690606D56FF04002236820461A61D9
:1043B000FFF791FFB20622D5AB0620D56FF02002A1
:1043C00023682046BDE870401A6100F083B8FFF70B
:1043D0007FFF2046FFF77EFF91E7FFF779FF20463A
:1043E000FFF778FF9EE7FFF773FF2046FFF772FFA6
:1043F000AAE7FFF76DFF2046FFF76CFFB7E770BD38
:104400001D4A0368904212D002F5006290420ED01D
:10441000B0F1804F0BD0A2F59832904207D002F550
:104420008062904203D002F58062904207D14A68D0
:1044300023F070031343CA6823F4407313434A699B
:1044400023F08003134303608B68C3620B688362AD
:10445000094B984203D003F50063984201D10B69E0
:104460000363012343610369DB0742BF036923F050
:1044700001030361704700BF002C014010B50446E2
:1044800030B390F83D3003F0FF021BB980F83C20B8
:10449000FFF7EBFE0223206884F83D30211DFFF773
:1044A000AFFF0123002084F8463084F83E3084F8C2
:1044B0003F3084F8403084F8413084F8423084F84A
:1044C000433084F8443084F8453084F83D3010BDE2
:1044D0000120FCE770477047F8B50446E0B190F85A
:1044E000913203F0FF021BB980F8902205F0FEFB29
:1044F000032384F8913200232546637155F8040B99
:1045000000F09EFE95E80E00206800F089FE01464E
:1045100028B1022384F8913201252846F8BD20688D
:1045200000F098FE0028F4D102460127267904F114
:104530001003C1B28E4203F1280318D800210A46A5
:1045400004F5A873C8B2864203F128031BD895E886
:104550000E00206800F080FE05460028D9D1012316
:104560006073206884F8913201F02CF9D5E743E9B3
:10457000062203F8277C03F8281C03F8252C43F8AF
:10458000102C0130D5E743E9062203F8272C03F865
:10459000280C03F8252C43F8102C0131D2E738B54C
:1045A00090F890320446012B10D0012580F89052EB
:1045B000006800F03CFE2946204605F09EFC20687D
:1045C00001F0FEF8002084F8900238BD0220FCE7DC
:1045D00010B590F890220446012A0AD001224173B6
:1045E00080F89022006801F0E5F8002084F890023D
:1045F00010BD0220FCE700002DE9F04F044685B015
:10460000006801F0E1F810F4004500F04F8428251F
:10461000C64E2068B0F844301F0402D405B0BDE88F
:10462000F08FB0F8443013F00F0799B240F0C0801B
:1046300011F0100126D103889BB2334043F40043AC
:104640000380B0F85030227C9BB203EBC20300EB36
:104650004303B3F80434626AC3F309031A44E36200
:104660002046626205F071FB637B002BD1D0A26A09
:104670002168002ACDD1637B43F08003A1F84C3040
:104680006273C6E70788BBB217F4006721D0B0F8A1
:10469000503094F850219BB203EBC20300EB43036C
:1046A000B3F80C34B4F85621C3F30903C4F86C31E1
:1046B00004F5267101F0D3FA22682046138823F00E
:1046C00070031B051B0D43F08003138005F02EFBC8
:1046D0009FE719049DD5038823F070031B051B0D6C
:1046E00043F080030380B0F8503094F850219BB21F
:1046F00003EBC20300EB4303B3F80C34C3F3090329
:10470000C4F86C318BB1D4F8641171B1B4F856218E
:1047100001F0A5FAD4F86431D4F86C213946134479
:104720002046C4F8643105F007FB21680A8893B27B
:1047300012053FF56EAF03F44053B3F5405F3FF40D
:1047400068AFB1F8502001F20C4092B2835AC3F323
:1047500009038352D4F860313E2B1DD95F09DB0673
:10476000835A08BF07F1FF379BB243EA87236FEAFA
:1047700043436FEA53439BB283520B8823F4804335
:1047800023F070031B041B0C83F4405343F40043D9
:1047900043F080030B803CE70BB9835AE7E75F08DF
:1047A000DB07835A48BF01379BB243EA8723E2E71E
:1047B00030F8273019041FFA83F840F1F68030F8FA
:1047C000273005FB074123F070031B051B0D43F049
:1047D000800320F8273091F85C3100F5806EBBB97A
:1047E000B0F8503091F850219BB2063303EBC2036E
:1047F0003EF81390C9F30909B9F1000F00F0BA802F
:104800004B46B1F85621D1F8641101F028FAB1E015
:1048100091F8533191F85021022B40F08980B0F883
:1048200050904FEAC20B1FFA89F918F4804AD1F868
:104830006831D94408F0400C3CD009F102093EF837
:104840001990C9F30909994513D90023C1F86831B2
:1048500030F8223023F4804323F070031B041B0C38
:1048600083F4005343F4004343F0800320F82230E4
:1048700005E0A3EB0903C1F86831002BE8D0BCF1D7
:10488000000F0DD030F8223023F4E04323F0700302
:104890001B041B0C43F4004343F0C00320F82230F8
:1048A000B9F1000F66D0282101FB07414B46B1F852
:1048B0005821A8E709F106093EF81990C9F309093A
:1048C000994512D9C1F868A130F8223023F4804309
:1048D00023F070031B041B0C83F4005343F40043C8
:1048E00043F0800320F8223005E0A3EB0903C1F870
:1048F0006831002BE8D0BCF1000F0DD130F8223028
:1049000023F4E04323F070031B041B0C43F4004327
:1049100043F0C00320F82230B9F1000F2AD028213B
:1049200001FB07414B46B1F85A216CE70F8FFFFF9F
:1049300030F8223023F4E04323F070031B041B0CF7
:1049400043F4004343F0C00320F8223091F8503183
:1049500030F82320DB0012F4804FB0F8502092B2E0
:1049600054D0023213443EF81390C9F30909B9F147
:10497000000F9BD105FB07F16318D3F86C214A4463
:10498000C3F86C21D3F864214A44C3F86421D3F8F6
:1049900068211AB1D3F86031994541D205FB07432C
:1049A000204693F8501105F0C7F918F0800F2068E1
:1049B0003FF42FAE30F8273005FB07FC9BB23340A5
:1049C00043F4004320F8273004EB0C03DA7C012A7F
:1049D00056D1002107FB0552A1501A7F92B318F05F
:1049E00040085A7C36D012BBB0F850201B7C92B2E3
:1049F0001B0100F2044010441A5AC2F309021A5271
:104A00001A5A92B242F400421A521BE00632134480
:104A10003EF81390C9F30909B9F1000FAAD081E754
:104A200001F5A8712068214400F0E4FEBDE7012AE9
:104A300008D1B0F850201B7C92B200F204401B0158
:104A400010441952282303FB0743197C204605F024
:104A50007CF9DEE53AB9B0F850201B7C92B21B011C
:104A600000F20C40C7E7012AECD1B0F850201B7CC3
:104A700092B200F20C401B01104423F80080E1E7E1
:104A8000197C18F4807E9A6A4FEAC10A00F58069A1
:104A90001BD1B0F85070BFB25744023739F81770C5
:104AA000C7F30907974202D3C3F828E0CEE7D21B29
:104AB0009A625A6A0CF110013A445A62DA6A214445
:104AC0003A44DA6200F096FEA3E5B0F850C018F060
:104AD000400E1FFA8CFCD44408F4804800F0F480A7
:104AE0000CF1020C39F81CC01FFA88F8CCF3090C41
:104AF00094452CBF0022A2EB0C029A62002A5BD1E3
:104B0000282303FB07435B7C002B41D1B0F85020E6
:104B100000F2044C92B20B0194443CF80320C2F31F
:104B200009022CF803203CF803206FEA42426FEAA6
:104B3000524292B22CF80320B0F8502000F20C4000
:104B400092B21044C25AC2F30902C252C25A6FEA68
:104B500042426FEA524292B2C252204605F0F5F844
:104B6000B8F1000F00F0F480282303FB074322680C
:104B7000197C32F8213023F4E04323F070031B0446
:104B80001B0C43F4404343F0800322F82130DFE064
:104B9000012BE2D1B0F850E000F2044C1FFA8EFE77
:104BA000F4440B012CF80320B0F850C000F20C4084
:104BB0001FFA8CFC6044CFE7B8F1000F0DD030F83D
:104BC000212022F4E04222F070021204120C42F47E
:104BD000404242F0800220F821204FF0280808FBD4
:104BE000074898F83420012A40F0B280D8F82420F1
:104BF00002EB0C0EC8F824E0DA6A6244DA62D8F8F4
:104C00003030D8F82020934235D39B1AC8F8303082
:104C1000282303FB074393F811C093B2BCF1000FA4
:104C200045D1B0F8508000F2044C1FFA88F8C44413
:104C300009013CF801803E2AC8F309082CF80180DC
:104C400025D94FEA5218D2063CF8012008BF08F1D6
:104C5000FF3892B242EA88226FEA42426FEA524239
:104C600092B22CF80120282202FB0742128B7146D7
:104C700000F0B0FD6CE01BB9624688F83430C7E73D
:104C8000002288F83420C8F830201A46C0E712B94C
:104C90003CF80120E0E74FEA5208D2073CF8012037
:104CA00048BF08F1010892B242EA8822D8E7BCF175
:104CB000010FD8D1B0F850C000F204421FFA8CFCAA
:104CC000624409015352CEE70CF1060C39F81CC0BE
:104CD0001FFA88F8CCF3090C94458CBF7246A2EBFE
:104CE0000C029A62002A5DD1282303FB07435B7CF8
:104CF000002B43D1B0F8502000F2044C92B20B01CB
:104D000094443CF80320C2F309022CF803203CF839
:104D100003206FEA42426FEA524292B22CF803201B
:104D2000B0F8502000F20C4092B21044C25AC2F3C4
:104D30000902C252C25A6FEA42426FEA524292B22A
:104D4000C252204605F001F8B8F1000F3FF40CAF55
:104D5000282303FB07432268197C32F8213023F40F
:104D6000E04323F040031B041B0C83F0300343F4A7
:104D7000004343F0800322F821304AE4012BE0D1C4
:104D8000B0F850E000F2044C1FFA8EFEF4440B0120
:104D90002CF80320B0F850C000F20C401FFA8CFC35
:104DA0006044CDE7B8F1000F0DD130F8212022F496
:104DB000E04222F070021204120C42F4404242F02F
:104DC000800220F821204FF0280808FB074898F8B7
:104DD0003420012ABCD1D8F8242002EB0C0EC8F8EC
:104DE00024E0DA6A6244DA62D8F83030D8F8202059
:104DF000934232D39B1AC8F83030282303FB074371
:104E000093F811C093B2BCF1000F42D1B0F85080BA
:104E100000F20C4C1FFA88F8C44409013CF80180E8
:104E20003E2AC8F309082CF8018022D94FEA52180B
:104E3000D2063CF8012008BF08F1FF3892B242EADE
:104E400088226FEA42426FEA524292B22CF8012065
:104E5000282202FB0742528B09E71BB9624688F8F9
:104E60003430CAE70022C8F8302088F834201A46C7
:104E7000C3E712B93CF80120E3E74FEA5208D20732
:104E80003CF8012048BF08F1010892B242EA8822AA
:104E9000DBE7BCF1010FDBD1B0F8502000F20C4C85
:104EA00092B294440A012CF80230D1E7460512D59B
:104EB00022682046B2F8443023F480631B041B0CA4
:104EC000A2F8443004F04DFF2946204605B0BDE865
:104ED000F04FFFF77DBB41040AD52268B2F8443099
:104EE00023F480431B041B0CA2F84430FFF796BB4D
:104EF000820405D52268B2F8443023F40053F1E768
:104F0000C30419D522682046B2F8403023F00403C8
:104F10001B041B0CA2F84030B2F8403023F0080309
:104F20001B041B0CA2F8403004F03EFF2268B2F8CC
:104F3000443023F48053D5E7070548D568462368F5
:104F4000064619461A4603F1200532F8047B9542BD
:104F500026F8027BF9D1B3F8402092B242F0010268
:104F6000A3F84020B3F8402022F001021204120CF2
:104F7000A3F84020B3F844205605FBD5B3F84420ED
:104F800022F480621204120CA3F8442030F8022BA1
:104F900021F8042B8D42F9D1B3F84020204692B27B
:104FA00042F00802A3F84020B3F8442022F4006243
:104FB0001204120CA3F84420B3F8402092B242F03D
:104FC0000402A3F8402004F0DFFEFFF727BB8205B0
:104FD0000DD522682046B2F8443023F400731B0438
:104FE0001B0CA2F8443004F0B8FEFFF717BBC30552
:104FF0007FF514AB2268B2F8443023F4807371E774
:1050000070B52824054601F00700444311F0800FD5
:1050100014BF04F1100104F5A87105EB040615BFD7
:1050200001240024747486F8514114BF49194919A8
:10503000022BCB7008BF0023087008BF0B710A61F8
:1050400095F89032012B09D00123286885F8903219
:1050500000F014F9002085F8900270BD0220FCE7F2
:10506000282301F00702534311F0800F10B50446C6
:1050700018BF03F1100118440BBF03F5A8710123F9
:10508000002309190ABF0919437480F851310A70C5
:1050900094F89032012B09D00123206884F89032D3
:1050A00000F04CFA002084F8900210BD0220FCE7CA
:1050B00070B52824002601F007014C43051985F836
:1050C000501104F5A8710144C5E95923C5F86C6174
:1050D00085F85161006800F08DFB304670BD2823D3
:1050E00001F0070103FB0100D0F86C01704770B5B7
:1050F000282501F007014D4344190026C4E909237E
:105100000122217405F11001014484F83420236345
:10511000E6626274006800F06DFB304670BD38B521
:10512000037901F00705AB4204462AD311F0800F42
:105130004FF028031CD001226B4303F110010344FC
:1051400001445A7401230D708B7094F890229A4296
:1051500019D0206884F8903200F0C3FA25B920688D
:1051600004F5267100F034FB002084F8900238BD6D
:1051700000224B4303F5A8710344014483F85121F5
:10518000E0E70120F3E70220F1E738B5027901F00A
:105190000F039A42044626D3282301F00702534303
:1051A00011F0800F14BF03F1100103F5A87118442A
:1051B0004FF0000515BF012300230919091914BF79
:1051C000437480F851318D700A7094F89032012B3D
:1051D0000BD00123206884F8903200F0A2FA284610
:1051E00084F8905238BD0120FCE70220FAE710B5A0
:1051F000282411F0800F1BBF01F0070104FB010000
:1052000004FB0100103008BF00F5A87099B21AB96C
:105210000273C180002010BD012283600273F9E790
:1052200084B004A800E90E00002004B070470346D3
:105230004FF43F420020A3F84400A3F840207047F9
:10524000B0F8403023F47C535B045B0CA0F8403092
:1052500000207047002070471FB5044604A800E9ED
:105260000E0000200123A4F84030A4F84000A4F868
:105270004400A4F8500004B010BD0000F0B50A7856
:10528000CD7830F82240034624F4EC4424F0700436
:105290002404240C032D03D8DFE805F041494745D9
:1052A000012048F28006344323F8224033F822409C
:1052B0009F4FA4B23C401443344323F822400C7B5C
:1052C00003EB021C002C40F08D80CC884E786408E3
:1052D00064007EB3B3F8501089B26144A1F8004471
:1052E00033F82210490609D533F8221089B2394023
:1052F00041F4004141F0C00123F8221033F822109C
:105300008C4C89B2012D01EA040101D081F0200109
:1053100041F4004141F0800123F822104CE028467E
:1053200044F40074BDE744F4C0640020B9E744F4D9
:105330008064FAE7B3F850500969ADB26544A5F846
:105340000844B3F850403E29A4B26444B4F80C5465
:10535000C5F30905A4F80C542FD94D09CE06B4F8AD
:105360000C1408BF05F1FF3589B241EA85216FEAC7
:1053700041416FEA514189B2A4F80C1433F822106C
:105380004F040DD533F8221021F4E04121F07001D3
:105390000904090C41F4404141F0800123F8221036
:1053A000654CC2B91A8892B2224082F4405242F44B
:1053B000004242F080021A80F0BD11B9B4F80C141A
:1053C000D5E74D08C907B4F80C1448BF013589B2B8
:1053D00041EA8521CFE733F8221089B2214081F4D8
:1053E000005195E7022D33F822405BD1A4B23C4036
:1053F00044F4014444F0800423F82240B3F85040C0
:105400000E89A4B2760864447600A4F800644E893C
:10541000B3F850407608A4B264447600A4F8086457
:105420004978002948D133F822104E040DD533F8BD
:10543000221021F4E04121F070010904090C41F42B
:10544000404141F0800123F8221033F822104D062C
:105450000DD533F8221021F4E04121F07001090448
:10546000090C41F4004141F0C00123F8221048F238
:10547000800433F8221021F4804121F070010904E6
:10548000090C81F44051214323F8221033F82210F3
:1054900021F4E04121F040010904090C0C4323F8F8
:1054A000224089E724F4E24424F070042404240C0C
:1054B000264323F82260A1E733F822104C040DD5CF
:1054C00033F8221021F4E04121F070010904090CA5
:1054D00041F4404141F0800123F8221033F82210BA
:1054E00049060DD533F8221021F4E04121F0700176
:1054F0000904090C41F4004141F0C00123F82210D5
:1055000033F822100B4C89B22140012D18BF81F0D5
:10551000200141F4004141F0800123F8221033F8CA
:10552000221021F4804121F070010904090CEFE6FA
:105530008F8FFFFFBF8FFFFF8FBFFFFF4A780B7872
:10554000097BD9BB0AB330F8232051060DD530F8BA
:10555000232022F4E04222F070021204120C42F4E2
:10556000004242F0C00220F8232030F8232022F429
:10557000E04222F040021204120C42F4004242F0D7
:10558000800220F823200020704730F823205204A6
:105590000DD530F8232022F4E04222F070021204EC
:1055A000120C42F4404242F0800220F8232030F8EE
:1055B000232022F4804222F07002DCE7002A4AD144
:1055C00030F8232051040DD530F8232022F4E04296
:1055D00022F070021204120C42F4404242F08002A7
:1055E00020F8232030F8232052060DD530F8232050
:1055F00022F4E04222F070021204120C42F4004243
:1056000042F0C00220F8232048F2800130F8232025
:1056100022F4E04222F070021204120C42F4004222
:1056200042F0C00220F8232030F8232022F48042E8
:1056300022F070021204120C0A4320F8232030F8E2
:10564000232022F4E04222F040021204120C114303
:1056500020F8231097E730F8232051040DD530F8B7
:10566000232022F4E04222F070021204120C42F4D1
:10567000404242F0800220F8232030F823205206D6
:105680000DD530F8232022F4E04222F070021204FB
:10569000120C42F4004242F0C00220F8232048F2EB
:1056A000800130F8232022F4E04222F0700212043C
:1056B000120C42F4404242F0800220F8232030F8DD
:1056C000232022F4E04222F040021204120C0A438A
:1056D00020F8232030F8232022F4804222F07002A8
:1056E000B3E74B780A788BB130F8223023F4E043EB
:1056F00023F040031B041B0C83F0100343F400430E
:1057000043F0800320F822300020704730F8223028
:1057100023F4804323F070031B041B0C83F4805399
:10572000ECE70B7B3BBB4B780A7833B330F8223085
:105730005B060DD530F8223023F4E04323F07003EC
:105740001B041B0C43F4004343F0C00320F8223039
:10575000CB78012B0FD030F8223023F4E04323F034
:1057600040031B041B0C83F0200343F4004343F06D
:10577000800320F822300020704730F822305B048C
:105780000DD530F8223023F4E04323F070031B04DE
:105790001B0C43F4404343F0800320F8223030F8E0
:1057A000223023F4804323F070031B041B0C83F48A
:1057B0004053DAE711B98023A0F84C30002070473D
:1057C0000020704700207047B0F8440080B2704756
:1057D0000020704700EB4200013300F580605B0859
:1057E00000EB8303834200D1704731F8022B20F88D
:1057F000042BF7E72DE9F0474B780446012B0D46C3
:105800000A7B40F01881D1F810908F6949694F45A3
:1058100028BF4F460ABBBFB2EA883B46FFF7DAFF14
:10582000B4F85000297880B204F20442090102441D
:105830008F522A7834F8223023F4E04323F04003D7
:105840001B041B0C83F03003002043F4004343F09F
:10585000800324F82230BDE8F087EB7895F800E06B
:10586000022B2E6A4FEA0E1C40F0D080B14530F872
:105870002E2080F0B48022F4E04222F07002120464
:10588000120C42F4014242F0800220F82E2030F83F
:105890002E80B0F850E0F61B18F040082E6201EBA5
:1058A000070ABBB21FFA8EFE4ED000F20C427244C1
:1058B00022F80C306A89FFF78DFFB14536BFF31B24
:1058C00000233E466A782B62C5F814A0B3B27ABBB7
:1058D000B4F85020287892B204F204410001114437
:1058E000425A3E2EC2F30902425214D9425A770953
:1058F000F60608BF07F1FF3792B242EA87226FEA45
:1059000042426FEA524292B242522A89514620469E
:10591000FFF760FF8DE70EB9425AF0E7F207425AEF
:105920004FEA560748BF013792B242EA8722EAE7B8
:10593000012AEAD1B4F85000297880B204F2044276
:10594000090102448B52E0E700F20442724422F85B
:105950000C302A89FFF73EFFB14536BFF31B4346A3
:105960003E466A782B62C5F814A0B3B25ABBB4F8AD
:105970005020287892B204F20C4100011144425A9E
:105980003E2EC2F30902425210D9425A7709F60656
:1059900008BF07F1FF3792B242EA87226FEA42421C
:1059A0006FEA524292B242526A89AFE70EB9425A46
:1059B000F4E7F207425A4FEA560748BF013792B25E
:1059C00042EA8722EEE7012AEED1B4F850002978A6
:1059D00080B204F20C42090102448B52E4E722F443
:1059E000E24222F070021204120C42F4004242F031
:1059F000800220F82E20B0F8503000F204429BB212
:105A00001A44B3B222F80C302A8981E7F61B30F829
:105A10002E202E62B0F85060BBB25706B6B206D543
:105A200000F20C42324422F80C306A8970E700F22E
:105A300004423244E6E7002A3BD18B690969B0F899
:105A400050008B4284BF5A1A0B462978AA6180B253
:105A500004F20C4209010244885A3E2BC0F30900AB
:105A600088521AD95809DE068B5A08BF00F1FF3058
:105A70009BB243EA80236FEA43436FEA53439BB2EE
:105A80008B522A7834F8223023F4804323F07003B9
:105A90001B041B0C83F44053D6E60BB98B5AEAE780
:105AA0005808DB078B5A48BF01309BB243EA80237A
:105AB000E5E7CA78022A70D1002B38D1B0F850201F
:105AC0000B7892B200F204401B011044C25AC2F398
:105AD0000902C2520A693E2A46D9C15A5609D70656
:105AE00008BF06F1FF3689B241EA86216FEA4141DB
:105AF0006FEA514189B2C152B4F8500004F20C412E
:105B000080B20144C85A3E2AC0F30900C85238D9AD
:105B10005009D706CA5A08BF00F1FF3092B242EAD4
:105B200080226FEA42426FEA524292B2CA52EB6955
:105B3000002BA6D044F240032A7834F8221003EA5E
:105B400001008B4301D000289BD134F8223023F48C
:105B5000E04323F070031B041B0C43F4004343F0A9
:105B6000C00324F822308CE70AB9C15ABEE7D10736
:105B7000C15A4FEA520648BF013689B241EA86212E
:105B8000B8E70AB9CA5ACCE75008D607CA5A48BF7C
:105B9000013092B242EA8022C7E7012A5DD18A69C8
:105BA00009698A4294BF0020501AA86188BF0A463A
:105BB000002B7FF466AFB4F850102B7889B204F252
:105BC00004401B010844C15A3E2AC1F30901C152D5
:105BD0002BD9D106C15A4FEA521608BF06F1FF363B
:105BE00089B241EA86216FEA41416FEA514189B2A7
:105BF000C152B4F8500004F20C4180B20144C85ABA
:105C00003E2AC0F30900C8521BD95009D606CA5A09
:105C100008BF00F1FF3092B242EA80226FEA4242AE
:105C20006FEA524292B2CA522BE70AB9C15ADAE776
:105C3000C15A5608D70748BF013689B241EA8621C2
:105C4000D5E70AB9CA5AE9E75008D207CA5A48BF85
:105C5000013092B242EA8022E4E70120FBE500EB4A
:105C60004200F0B500F580605D080C4607462E4600
:105C7000023436B9DB0744BF30F8253001F815305F
:105C8000F0BD37F8042B013E92B204F8022C120A40
:105C900004F8012CECE70000074A08B5136803205C
:105CA00043F01003136000F01BFE0F2004F01EFFF2
:105CB00004F0E6FE002008BD00200240034A044B29
:105CC00011681B780B441360704700BF0802002066
:105CD00004000020014B1868704700BF0802002034
:105CE00038B50446FFF7F6FF0546631C1EBF044B9C
:105CF0001B78E418FFF7EEFF431BA342FAD338BD2D
:105D0000040000202DE9F341054638B30368DB07A2
:105D100010D42B689F075ED42B68190700F195807B
:105D20002B685A0700F1C180EB69002B40F02C81F1
:105D3000002029E0904C636803F00C03042B07D08B
:105D4000636803F00C03082B0AD16368DE0307D5F0
:105D500023689C03DDD56B68002BDAD1012013E0AA
:105D60006B68B3F5803F12D1236843F4803323601E
:105D7000FFF7B0FF064623689803CAD4FFF7AAFFCF
:105D8000801B6428F7D9032002B0BDE8F0819BB9DD
:105D9000236823F480332360236823F48023236063
:105DA000FFF798FF064623689903B2D5FFF792FFE5
:105DB000801B6428F7D9E6E7B3F5A02F236803D149
:105DC00043F480232360CFE723F4803323602368E8
:105DD00023F48023CBE7684C636813F00C0F07D0E3
:105DE000636803F00C03082B10D16368DA030DD449
:105DF00023689B0702D52B69012BAFD123686A6901
:105E000023F0F80343EAC203236085E72A695B4B6A
:105E10006AB101221A60FFF75DFF064623689F07FB
:105E2000ECD4FFF757FF801B0228F7D9ABE71A60C5
:105E3000FFF750FF0646236898077FF56DAFFFF721
:105E400049FF801B0228F6D99DE7AA694A4E4B4BB1
:105E5000E2B10122C3F88024FFF73CFF0446736AD5
:105E60009B070DD54FF4FA52454B1B68B3FBF2F379
:105E7000019300BF019B5A1E0192002BF9D14FE7FD
:105E8000FFF728FF001B0228E9D97CE7C3F880242C
:105E9000FFF720FF0446736A9F077FF541AFFFF7C6
:105EA00019FF001B0228F6D96DE7334CE369D800CF
:105EB00024D40127E36943F08053E361E36903F0ED
:105EC00080530093009B2F4E3368D90518D5EB689B
:105ED000012B26D1236A43F001032362FFF7FAFE68
:105EE00041F288380646236A9B073FD5002F3FF4CE
:105EF0001BAFE36923F08053E36115E70027E2E776
:105F0000336843F480733360FFF7E4FE8046336800
:105F1000DA05DCD4FFF7DEFEA0EB08006428F6D932
:105F200031E7ABB9236A41F2883823F001032362D9
:105F3000236A23F004032362FFF7CCFE0646236A9C
:105F40009807D3D5FFF7C6FE801B4045F7D91AE75F
:105F5000052B236A03D143F004032362BAE723F03D
:105F600001032362236A23F00403B6E7FFF7B2FEBE
:105F7000801B4045B7D906E70010024000004242AE
:105F800000000020007000402A4C626802F00C0201
:105F9000082A3ED00022022B274B1A662CD1FFF78D
:105FA00099FE06462368990120D42B6AB3F5803FF9
:105FB00005D16268A96822F400320A436260696A06
:105FC00062680B4322F474121343012263601A4B7C
:105FD0001A66FFF77FFE054623689A013FF5A8AED3
:105FE000FFF778FE401B0228F6D9CCE6FFF772FED9
:105FF000801B0228D6D9C6E6FFF76CFE054623684B
:106000009B017FF595AEFFF765FE401B0228F6D990
:10601000B9E6012B3FF4A2AE60682B6A00F480322F
:106020009A427FF49BAE6B6A00F47010C01A18BFDE
:106030000120A9E600100240000042420D4A5368C8
:1060400003F00C01082912D10B48C3F38341DB0391
:10605000405C09D55368094AC3F340435043084A9A
:10606000D35CB0FBF3F07047064B584370470348CE
:10607000704700BF001002406E17010800127A003E
:106080006C17010800093D002DE9F0410D4604465A
:1060900010B90120BDE8F081444A136803F00703FA
:1060A0008B4228D321688E0730D4CA0743D43F4A95
:1060B000136803F00703AB4265D822683C4D12F029
:1060C000040F6CD1130706D56B68226923F4605363
:1060D00043EAC2036B60FFF7B1FF6B68354AC3F355
:1060E0000313D35CD840344B1860344B186804F069
:1060F000FDFC0020CEE7136823F007030B43136079
:10610000136803F007038B42C3D1CBE7284B11F090
:10611000040F1EBF5A6842F4E0625A60080742BF8B
:106120005A6842F460525A605A68A06822F0F0023D
:1061300002435A60B9E762681D4E012A33681AD1DA
:1061400013F4003FA5D0736841F2883823F00303AD
:1061500013437360FFF7BEFD07467368626803F080
:106160000C03B3EB820FA2D0FFF7B4FDC01B404578
:10617000F3D903208EE7022A02D113F0007FE1E772
:1061800013F0020FDEE7136823F007032B431360BD
:10619000136803F00703AB427FF47BAF8DE76B68B6
:1061A000E16823F4E0630B436B608BE7002002405F
:1061B000001002405C1701080000002008000020C9
:1061C000044B054A5B68C3F30223D35C034A10689F
:1061D000D84070470010024054170108000000200A
:1061E000044B054A5B68C3F3C223D35C034A1068BF
:1061F000D8407047001002405417010800000020EA
:106200000F2303600B4B5A6802F0030242605A6886
:1062100002F0F00282605A6802F4E062C2605B68D9
:10622000DB0803F4E0630361034B1B6803F007031F
:106230000B607047001002400020024003682DE907
:10624000F3410546D80721D5364CE369D9002BD454
:106250000126E36943F08053E361E36903F080536F
:106260000193019B304F3B68DA051FD5236A6A68AA
:1062700013F440732ED1236A6A6823F440731343E6
:1062800023621EB1E36923F08053E3612A6891071A
:1062900006D52449A8684B6823F4404303434B6068
:1062A000D30636D4002012E00026DBE73B6843F437
:1062B00080733B60FFF70EFD80463B68DB05D5D45D
:1062C000FFF708FDA0EB08006428F6D9032002B010
:1062D000BDE8F08102F440729A42CCD00120134A0A
:1062E000236AC2F84004002023F44071DF07C2F89B
:1062F00040042162BFD5FFF7EDFC41F28838074624
:10630000236A9807B7D4FFF7E5FCC01B4045F7D9CF
:10631000DCE7044A6969536823F480030B43536044
:10632000C0E700BF00100240007000400000424281
:106330002DE9F74F00244FF00F0E2646DFF89CC1E1
:10634000674B00F104080A6832FA06F502D103B07F
:10635000BDE8F08F012505FA06F702EA070537EADE
:1063600002027ED14A68032A07D8013A022A00F2C3
:106370008C80DFE802F09A9FA500122A00F09D8031
:1063800071D8112A00F09380FF2D94BF8146C14639
:106390004FEA8602D9F8007088BF203A0EFA02FA56
:1063A00027EA0A0704FA02F21743C9F80070D1F885
:1063B000049019F0805F54D0DCF8182026F0030711
:1063C00042F00102CCF81820DCF8182007F18047D1
:1063D00002F00102019207F5803706F0030A019AE4
:1063E0004FEA8A0ABA680EFA0AFB22EA0B0B3D4A08
:1063F000904269D002F58062904267D002F58062D7
:10640000904265D002F58062904263D002F58062CE
:10641000904261D002F58062904214BF06220522AC
:1064200002FA0AF242EA0B02BA609A6819F4801F73
:1064300014BF2A43AA439A60DA6819F4001F14BFF4
:106440002A43AA43DA605A6819F4003F14BF2A436A
:10645000AA435A601A6819F4803F14BF2A43AA431A
:106460001A6001366FE7DFF880904A450DD015D8E5
:10647000A9F580194A4508D009F570294A4504D084
:10648000A9F580194A457FF47FAF8A68D2B1012A05
:106490004FF008040CBF0761476175E7DFF84C90C7
:1064A0004A45F2D009F58039ECE7CC686CE7CC6856
:1064B000043469E7CC68083466E7CC680C3463E7D9
:1064C000002461E704245FE70022A9E70122A7E78F
:1064D0000222A5E70322A3E70422A1E7001002405D
:1064E00000040140000801400000221000003110AB
:1064F0008368194214BF0120002070470AB101616E
:1065000070470904FBE7C36801EA030221EA0301BB
:1065100041EA024101617047034610B580B301684A
:10652000184A1420914224D8174A0A44B2FBF0F2C8
:1065300016489200C3E90F02022283F82120D3E912
:1065400001242243DC68086822431C696FF30D10A4
:1065500022435C6922439C692243DC692243024353
:106560000A6000200122986383F8200083F821202C
:1065700010BD074A0A44B2FBF0F206489200D9E780
:106580000120F5E707040240F8FFFDBF00000240CC
:10659000F8FBFDBF00040240F0B590F82040012C4C
:1065A00034D0012480F8204090F82140012CE5B23D
:1065B0004FF0000428D1022680F82160846304682B
:1065C000266826F001062660D0E90F67BD40756099
:1065D00063604368102BC36A0BBFA260A160E160D7
:1065E000E2604BB1236843F00E0300202360236870
:1065F00043F001032360F0BD236823F0040323600C
:10660000236843F00A03F0E780F820400220F2E715
:1066100090F821200346022A06D00422826301203A
:10662000002283F8202070470268C06B116821F0B7
:106630000E011160116821F00101116001211A6C35
:1066400001FA02F24260002083F82110E8E700001E
:1066500008B590F82130022B03D004238363012076
:1066600008BD03681A6822F00E021A601A6822F048
:1066700001021A60284A934224D902F562729342B9
:1066800019D01432934218D01432934217D01432D6
:10669000934214BF4FF480334FF480531F4A53602A
:1066A000012380F82130002380F82030436B03B1B0
:1066B00098470020D4E70123F0E71023EEE74FF4DA
:1066C0008073EBE716498B4216D014318B4215D0FC
:1066D00014318B4214D014318B4214D014318B42BC
:1066E00014D014318B4214D0934214BF4FF4803332
:1066F0004FF080730B4AD2E70123FBE71023F9E741
:106700004FF48073F6E74FF48053F3E74FF4803390
:10671000F0E74FF48013EDE78000024000040240F0
:10672000080002400000024070B40425C66B026CF1
:106730003468036895402542196855D04D0753D5F4
:106740001A6896065EBF1A6822F004021A60604A50
:1067500093421FD902F56272934214D014329342CD
:1067600013D01432934212D01432934214BF4FF418
:1067700080234FF48043574A5360C36A002B00F0D4
:10678000A58070BC18470423F5E74023F3E74FF4D6
:106790008063F0E750498B4216D014318B4215D0FC
:1067A00014318B4214D014318B4214D014318B42EB
:1067B00014D014318B4214D0934214BF4FF4802371
:1067C0004FF08063454AD7E70423FBE74023F9E70E
:1067D0004FF48063F6E74FF48043F3E74FF48023F0
:1067E000F0E74FF48003EDE702259540254257D0AE
:1067F0008D0755D51A68940606D41A6822F00A0245
:106800001A60012280F82120314A93421ED902F5F4
:106810006272934213D01432934212D014329342D4
:1068200011D01432934214BF4FF400334FF400538D
:10683000284A5360002380F82030836A9EE70223B1
:10684000F6E72023F4E74FF40073F1E722498B4287
:1068500016D014318B4215D014318B4214D0143120
:106860008B4214D014318B4214D014318B4214D08B
:10687000934214BF4FF400334FF00073174AD8E728
:106880000223FBE72023F9E74FF40073F6E74FF408
:106890000053F3E74FF40033F0E74FF40013EDE754
:1068A00008259540254211D009070FD5196821F018
:1068B0000E011960012303FA02F27260836380F80B
:1068C0002130002380F82030036B57E770BC7047FD
:1068D0008000024000040240080002400000024024
:1068E00007490302CA6803F4E06322F4E062120479
:1068F000120C134343F0BF6343F40033CB60704783
:1069000000ED00E0154B30B5DC68C4F30224C4F19F
:106910000703251D042B28BF0423062D4FF0FF3548
:1069200094BF0024033C05FA03F321EA0303A540C6
:1069300022EA0502A340002843EA0203ACBF00F1AB
:106940006040074A4FEA0313DBB2ABBF00F561407A
:1069500000F00F0080F80033135430BD00ED00E06C
:1069600014ED00E0002807DB01234109034A00F091
:106970001F00834042F82130704700BF00E100E073
:106980002DE9F3471F46894690460446FFF7A2F9D2
:106990000A9D3D442D1AFFF79DF98246254B1E683E
:1069A000C6F3CB366E4301962268936839EA030337
:1069B0000CBF01230023434501D100202EE07B1CA6
:1069C000F3D0FFF787F9A0EB0A00A84229D3236888
:1069D0005A6822F0E0025A606268B2F5827F0AD1FA
:1069E000A268B2F5004F02D0B2F5806F03D11A68E9
:1069F00022F040021A60A26AB2F5005F07D11A685D
:106A000022F400521A601A6842F400521A600123FC
:106A100084F851300023032084F8503002B0BDE8E0
:106A2000F087019A019B002A03F1FF3308BF154646
:106A30000193B9E70000002073B50B4600920D46A4
:106A40001646022101220446FFF79AFF024628B1AA
:106A5000636D032043F02003636507E02B4680212C
:106A600020460096FFF78CFF0028F1D102B070BDE0
:106A700037B50B4641680446B1F5827F18D181686D
:106A8000B1F5004F02D0B1F5806F11D12568B1F595
:106A9000806F286820F04000286009D10092012111
:106AA00000222046FFF76CFF30B9002003B030BD54
:106AB000009280210022F4E7636D032043F020035D
:106AC0006365F3E710B50446002851D0436A002BF4
:106AD0004AD14268B2F5827F00D0C3610023A3622D
:106AE00094F8513003F0FF0223B9204684F8502077
:106AF00003F0EAFE0223226884F851301368A0688C
:106B000023F040031360636800F4044003F48273CD
:106B10000343E068A16900F400600343206900F0CA
:106B200002000343606900F00100034301F40070B8
:106B30000343E069090C00F038000343206A01F0C8
:106B4000040100F080000343A06A00F400500343F6
:106B500013605160D369002023F40063D3610123E3
:106B6000606584F8513010BD0023C0E90433B5E7F7
:106B70000120F8E72DE9F74304461F460D469046ED
:106B8000FFF7A8F894F851308146012BD8B240F0B5
:106B90009F80002D74D0B8F1000F71D094F8503060
:106BA000012B00F09580032384F8513000236365A6
:106BB000C4E91033A4F83680A363A387E387A368EE
:106BC0002668B3F5004F84F850002563A4F834809C
:106BD00007D1336823F040033360336843F48043C4
:106BE00033603368E2685B065EBF336843F040039E
:106BF0003360B2F5006F636845D113B1B8F1010F8E
:106C000007D135F8023BF3602563E38E013B9BB26D
:106C1000E386E38E9BB2D3B94A4639462046FFF756
:106C20000BFF002851D1A36833B901932368DA68B8
:106C300001929B680193019B012384F8513000234A
:106C4000606D84F85030C01A18BF012018E0226827
:106C50009368980705D5236B33F8021BD160236333
:106C6000D3E7FFF737F8A0EB0900B842D1D3791C7E
:106C7000CFD0012384F851300023032084F8503012
:106C800003B0BDE8F08313B1B8F1010F08D12B7840
:106C90003373236B01332363E38E013B9BB2E386A3
:106CA000E38E9BB2002BB7D023689A68920703D576
:106CB000226B12781A73ECE7FFF70CF8A0EB0900CF
:106CC000B842EDD37B1CEBD0D3E720236365AAE762
:106CD0000220D5E72DE9F74304460D4691461E46AE
:106CE000DDF82880FEF7F6FF94F851300746012BB7
:106CF0006268D9B20AD0B2F5827F40F0E580A3681D
:106D0000002B40F0E180042940F0DE80002D4BD0C4
:106D1000B9F1000F48D0002E46D094F85030012B26
:106D200000F0D280012384F8503094F85130C4F838
:106D30003890042B1CBF052384F851300023636571
:106D4000C4E910332368E687E6861968A6874906F2
:106D500058BF1968256358BF41F04001A68658BF47
:106D60001960E168B1F5006F55D10AB1012E07D164
:106D700035F8022BDA60E38E2563013B9BB2E38694
:106D80000125E38E9BB28BB9E38F9BB273B93A4670
:106D900041462046FFF750FE002800F08180202366
:106DA0006365002384F85030012031E021688B684E
:106DB0009A070DD5E38E9BB253B145B1236B33F8DF
:106DC000022BCA602363E38E013B9BB2E38600255E
:106DD0008A6812F001020CD0E38F9BB24BB11546CA
:106DE000C968A36B23F8021BA363E38F013B9BB22B
:106DF000E387FEF76FFFC01B4045C2D3B8F1FF3FEA
:106E0000BFD0012384F851300023032084F8503090
:106E100003B0BDE8F0830AB1012E08D12A781A73B5
:106E2000236B01332363E38E013B9BB2E386012591
:106E30002DE0226893689B070ED5E38E9BB25BB171
:106E40004DB1236B1B781373236B01332363E38EE4
:106E5000013B9BB2E38600252268916811F0010195
:106E60000DD0E38F9BB253B10D46D268A36B1A705D
:106E7000A36B0133A363E38F013B9BB2E387FEF770
:106E800029FFC01B404502D3B8F1FF3FB9D1E38EC3
:106E90009BB2002BCDD1E38F9BB2002BC9D176E7FB
:106EA000A36833B901932368DA6801929B68019360
:106EB000019B012384F851300023606D84F8503029
:106EC000C01A18BF0120A3E70220A1E72DE9F7436C
:106ED0001E4690F851300446012B89461746DDB214
:106EE00004D00225284603B0BDE8F0834368B3F51B
:106EF000827F0BD183684BB9042380F8513013464D
:106F000000960A46FFF7E6FE0546EBE7FEF7E2FECF
:106F10008046B9F1000FE5D0002FE3D094F850304F
:106F2000012BDED00123002584F850300423A26811
:106F300084F85130B2F5004F6565C4E91055E78714
:106F40002368C4F83890A7872563A586E58607D10E
:106F50001A6822F040021A601A6822F480421A600D
:106F60001A6855065EBF1A6842F040021A60E3686C
:106F7000F3B1E38F9BB2FBB123689A68D2073CD58B
:106F8000DA68A36B23F8022BA363E38F013B9BB268
:106F9000E387EEE723689A68D0071ED51B7BA26BB8
:106FA0001370A36B0133A363E38F013B9BB2E387B1
:106FB000E38F9BB2002BEDD1424631462046FFF7CE
:106FC00057FD18BB012384F851300023656D84F808
:106FD0005030ED1A18BF012584E7FEF77BFEA0EBC9
:106FE0000800B042E4D3711CE2D0012384F8513090
:106FF0000023032584F8503074E7FEF76BFEA0EB06
:107000000800B042B5D3731CB3D0EEE7202363650C
:10701000D8E7026802F10C0353E8003F23F49073B1
:107020000C3242E8003102680029F2D102F1140367
:1070300053E8003F23F0010302F1140C4CE8003147
:107040000029F3D1036B012B0BD102F10C0353E8A0
:10705000003F23F0100302F10C0C4CE80031002932
:10706000F3D1202380F842300023036370470000EF
:1070700010B504460368C1681A6922F440520A43F5
:107080001A6182680069D9680243606921F4B051CD
:1070900021F00C0102430A43DA605A69A16922F423
:1070A00040720A435A610E4A934215D1FFF798F88D
:1070B00019234343626820689200B3FBF2F3642211
:1070C000B3FBF2F102FB11331B013233B3FBF2F3DA
:1070D00003EB0113836010BDFFF772F8E8E700BF10
:1070E0000038014010B5044648B390F8413003F031
:1070F000FF021BB980F8402003F046FC24232268DD
:1071000084F84130D368204623F40053D360FFF75E
:10711000AFFF236800201A6922F490421A615A696D
:1071200022F02A025A61DA6842F40052DA6020231F
:10713000606484F8413084F84230606310BD0120FF
:10714000FCE790F84130202B10D189B182B1C28484
:1071500082840023212201620168436480F8412077
:10716000CA68184642F08002CA6070470220704721
:10717000012070477047704708B5406A03685A6934
:1071800090F84110212912D1120610D50022C28494
:1071900003F10C0252E8002F22F0C00203F10C0CA4
:1071A0004CE800210029F3D1202280F841205B69BE
:1071B00090F84220222A05D15B0603D50023C3851F
:1071C000FFF727FF436C43F01003436404F004F817
:1071D00008BD08B50023406AC385C38403F0FCFFE3
:1071E00008BD704710B50446226802F10C0353E84D
:1071F000003F23F490730C3242E8003123680029E9
:10720000F2D103F1140252E8002F22F0010203F13F
:10721000140040E800210029F3D1226B012A0BD190
:1072200003F10C0252E8002F22F0100203F10C00CF
:1072300040E800210029F3D15A6912F0400220D021
:1072400003F1140252E8002F22F0400203F114006F
:1072500040E800210029F3D1E06B48B10C4B4363B7
:10726000FFF7F6F910B1E06B436B9847002010BDB3
:107270002023E08584F8423020632046FFF7B1FFE9
:10728000F4E72023E28584F842302263F5E700BF6B
:107290009572000808B520220023406AC38580F853
:1072A00042200363FFF79DFF08BD08B50123406A34
:1072B0004363036B012B04D1818D490803F038FF30
:1072C00008BDFFF758FFFBE708B503461B68406A97
:1072D0001B6813F0200337D1C385026802F10C0349
:1072E00053E8003F23F480730C3242E80031036816
:1072F0000029F2D103F1140252E8002F22F001021A
:1073000003F1140C4CE800210029F3D103F114021D
:1073100052E8002F22F0400203F1140C4CE8002147
:107320000029F3D1202280F84220026B012A0BD1E0
:1073300003F10C0252E8002F22F0100203F10C0CB2
:107340004CE800210029F3D100234363036B012B98
:1073500003D1818D03F0ECFE08BDFFF70BFFFBE7C7
:1073600090F8423007B5222B42D181680268B1F50E
:10737000805F836A3FD1016900293FD15268C2F31F
:10738000080223F8022B8362C38D013B9BB2C385A5
:10739000002B2DD10268D16821F02001D160D16885
:1073A00021F48071D160516921F0010151612022E5
:1073B00080F842204363026B012A026828D10363EC
:1073C00002F10C0353E8003F23F0100302F10C0C10
:1073D0004CE800310029F3D11368DB0605D5019193
:1073E0001368019353680193019B818D03F0A0FE04
:1073F00003B05DF804FB39B9016929B95268D2B20A
:107400001A70836A0133BEE7526802F07F02F7E721
:10741000FFF7B0FEECE70000036873B51A68044696
:107420001607D9685D6908D1960668D58D0666D5B8
:1074300002B0BDE87040FFF793BF05F0010001F412
:10744000907505435BD0D60705D5CD0542BF636C6B
:1074500043F001036364530704D518B1636C43F030
:1074600002036364960704D518B1636C43F0040308
:107470006364150707D501F0200303431EBF636C47
:1074800043F008036364636C002B32D0920604D58A
:107490008B0602D52046FFF763FF266820467369F6
:1074A000626C03F0400302F0080253EA020522D0A6
:1074B000FFF7AFFD73695E0618D5226802F1140369
:1074C00053E8003F23F04003143242E80031002922
:1074D000F3D1E06B50B1744B4363FFF7B9F840B19F
:1074E000E06B436B02B0BDE870401847204603F0E4
:1074F00073FE02B070BD03F06FFE6564F9E7206BA8
:10750000012840F09480D50640F19180C80640F1F2
:107510008E80002201921A6801925A680192019AA3
:107520005A6952064DD5E16B0A68526892B2002A38
:10753000DFD0A08D9042DCD9E2858A69202A36D03E
:1075400003F10C0252E8002F22F4807203F10C00C8
:1075500040E800210029F3D103F1140252E8002F82
:1075600022F0010203F1140040E800210029F3D1C8
:1075700003F1140252E8002F22F0400203F114003C
:1075800040E800210029F3D1202284F84220216321
:1075900003F10C0252E8002F22F0100203F10C005C
:1075A00040E800210029F3D1E06BFFF731F8022316
:1075B0006363E38DA18DC91A89B2204603F0B8FD3B
:1075C00097E7E28DE08DA18D80B292B2002890D035
:1075D000891A89B200298CD003F10C0252E8002FDD
:1075E00022F4907203F10C0545E800200028F3D145
:1075F00003F1140252E8002F22F0010203F11405F6
:1076000045E800200028F3D1202284F8422020639E
:1076100003F10C0252E8002F22F0100203F10C05D6
:1076200045E800200028F3D102236363C5E716066E
:1076300028D50D0626D594F84120212A7FF459AF8C
:10764000A168226AB1F5805F17D12169A9B932F822
:10765000021BC1F3080159602262E28C013A92B226
:10766000E284002A7FF445AFDA6822F08002DA6013
:10767000DA6842F04002DA603BE7511C216212787E
:107680005A60EAE750067FF534AF4A067FF531AF1E
:10769000DA68204622F04002DA60202384F8413084
:1076A00003F082FD25E700BFD371000873B51346D0
:1076B00082850025222204468162456480F84220AA
:1076C000C06B1D4A266882621C4AC2621C4AC0E91D
:1076D0000C250A46311DFEF75FFF236801951A68E5
:1076E00001925A680192019A22695AB103F10C027F
:1076F00052E8002F42F4807203F10C0040E80021B0
:107700000029F3D103F1140252E8002F42F00102E4
:1077100003F1140040E800210029F3D103F1140221
:1077200052E8002F42F0400203F1140141E800202A
:107730000028F3D102B070BDC9720008AB72000816
:107740007971000873B590F842600446202E22D16A
:1077500011B9012002B070BD002AFAD00123002522
:1077600003634563FFF7A2FF236B012BF1D122686E
:1077700001951368019353680193019B02F10C0377
:1077800053E8003F43F0100302F10C0444E80031D9
:107790000029F3D1DEE70220DCE708B580B1D0F89C
:1077A000B43213B10023C0F8B43209B1C0F8B0123A
:1077B0000123027080F89C3202F0FAFA002008BD22
:1077C0000220FCE719B1C0F8B41200207047022073
:1077D000704708B502F02CFB002008BD08B5D0F8B2
:1077E000B43233B11B689847003818BF01204000FD
:1077F00008BD0220FCE708B5D0F8B4325B689847B2
:10780000002008BD38B500F52A750446284600F06A
:1078100007FB012394F8A812C4F89432B4F8AE32EE
:10782000C4F8983201F01F03012B08D0022B0BD0B3
:107830007BB92946204600F0FBF8002038BD2946D8
:10784000204600F03DFAF8E72946204600F05CFAB1
:10785000F3E7204601F0800102F008FBEDE770B588
:107860000446164639BBD0F89422032A1CD1D0E92D
:10787000585295420BD9AD1AAA423146C0F8605110
:107880008CBFAAB292B200F01FFB002070BDD0F8EE
:10789000B4321B6923B190F89C22032A00D1984787
:1078A000204600F019FBF0E7052AEED1C4F8941247
:1078B00002F0DCFAE9E7D0F8B4329B692BB190F81A
:1078C0009C22032A01D19847DFE70220DEE7F8B5C2
:1078D000044613460F46002949D1D0F89422022AC3
:1078E0003AD1D0E90856B54211D9AD1B1946056207
:1078F000AAB200F0D4FA3B461A461946204602F0D6
:10790000EAFA94F8A032012B2DD00020F8BDC3690B
:10791000B3FBF6F506FB153565B99E420AD8D0F8DB
:107920009822934206D22A4600F0B9FA2B46C4F8B0
:107930009852E1E7D4F8B432DB682BB194F89C227A
:10794000032A01D1204698478021204602F08EFA72
:10795000204600F0CCFAD4E732F00403D1D18021E4
:1079600002F084FACDE7002384F8A032CDE7D0F806
:10797000B4325B692BB190F89C22032A01D198475D
:10798000C3E70220C2E7002270B504460125402665
:107990001146402302F055FA33468021002220464A
:1079A000C4F85851C4F8646102F04BFA0021D4F8CD
:1079B000B832A561666284F89C52C4F89412616082
:1079C000C4F8A41223B1D4F8B43220465B689847B7
:1079D000002070BD01740020704790F89C3280F840
:1079E0009D32042380F89C320020704790F89C322E
:1079F000042B04BF90F89D3280F89C320020704721
:107A000008B590F89C22032A04D1D0F8B432DB697F
:107A100003B19847002008BD10B50446802102F04C
:107A200025FA2046BDE81040002102F01FBA0000F0
:107A300037B50B78044603F06003202B0D4606D0C3
:107A4000402B04D063B12046FFF7E6FF05E0D4F8F1
:107A5000B432294620469B689847002003B030BDC9
:107A60004B78092BEFD801A252F823F06F7C000865
:107A7000A57C0008477A0008977C0008477A000830
:107A8000957B0008957A0008477A00083F7C00083B
:107A9000D77B00080023ADF806304B881A0A013A5C
:107AA000062AD0D801A151F822F000BFC97A0008F7
:107AB000ED7A0008077B0008477A0008477A00083B
:107AC0004B7B0008617B0008D0F8B0321B68207C3B
:107AD0000DF106019847BDF80620EB88002A54D026
:107AE000002B49D1204600F0F7F9B6E7027CD0F828
:107AF000B43232B99B6A0DF10600984702234370F5
:107B0000E9E7DB6AF7E7DBB2052B9CD8DFE803F097
:107B100003090D111519D0F8B0325B68002BD6D1CE
:107B200091E7D0F8B0329B68F8E7D0F8B032DB6864
:107B3000F4E7D0F8B0321B69F0E7D0F8B0325B69F7
:107B4000ECE7D0F8B0329B69E8E7037C002B7FF4C8
:107B50007AAFD0F8B4320DF106005B6B9847BAE704
:107B6000037C002B7FF46FAFD0F8B4320DF1060028
:107B70001B6B98470723C2E79A4228BF1A46014663
:107B80002046ADF8062000F07DF9EB88002B7FF44D
:107B900064AFA7E78B88002B7FF455AFCB88002B11
:107BA0007FF451AF4D887F2D3FF64DAF90F89C325A
:107BB000032B3FF448AFEDB2294680F89E5202F005
:107BC00078F9204600F088F91DB1022384F89C3230
:107BD00043E70123FAE78978384D012929703FF6F8
:107BE00032AF90F89C32022B08D0032B15D0FFF750
:107BF00013FF20462978FFF7FEFD2EE700293FF40A
:107C000071AF01210323416080F89C322046FFF7C9
:107C1000E5FD02287FF466AF15E731B90223416024
:107C200080F89C32FFF7E7FD5CE7416801293FF4EB
:107C300059AFC9B2FFF7DFFD29786160E6E7CA886E
:107C4000012A7FF400AF90F89C32022B0AD8002B57
:107C50003FF4F9AE0146002341F8083F204600F00A
:107C600011F9FAE6032B7FF4EEAE011DF6E790F86A
:107C70009C32013B022B3FF6E6AECA88022A7FF413
:107C8000E2AED0F8A4320146002B0CBF012303233F
:107C900041F80C3FE2E74B88012B7FF4DEAEC4F8DD
:107CA000A4321FE790F89C32013B022B3FF6CBAE8B
:107CB0004B88012B7FF4D1AE0023F0E70C020020AB
:107CC00038B50B78044603F060025B060D4601D51B
:107CD000402A15D194F89C32013B022B10D82B7905
:107CE000012B0DD8D4F8B43229469B68204698471A
:107CF000EB881BB910B9204600F0EEF8002038BD23
:107D00002046FFF789FEF9E738B50A78044602F005
:107D10006002202A0B468D8806D0402A04D05AB132
:107D20002046FFF779FE05E0D4F8B4221946204634
:107D300092689047002038BD5A78E9B2012A35D0C0
:107D4000032A21D0002AEBD190F89C32022B44D098
:107D5000032BE5D1142201F00F0315F0800F02FB75
:107D600003034BD09B69002BDAD0142501F07F036D
:107D700003FB0555802905444BD0204602F088F8C6
:107D800000284BD0012345E090F89C22022A1BD00A
:107D9000032AC5D15A882AB94A0603D0DB880BB911
:107DA00002F064F8204600F097F8C3E790F89C22B0
:107DB000022A09D0032AB3D15B88002BBAD14D0621
:107DC000F0D002F05CF8EDE74B06A9D002F04EF8D7
:107DD0008021204602F04AF8ACE74A06A0D12B06E3
:107DE0004FF000034FF002024CBF00F1140100F508
:107DF000AA710B60204600F045F89BE7D3F8583194
:107E0000002B8DD0142505FB010505F5AA75002969
:107E1000B3D100232B6002222946EBE72860FAE762
:107E20000B7803704B7843704B8843808B8883803A
:107E3000CB88C380704710B50446802102F016F845
:107E40002046BDE81040002102F010B870B50D4684
:107E50001646044670B1FCF7FFF9C3B201335B006C
:107E600033802B70032300206B700223013C14F835
:107E7000011F01B970BD5A1CE954D2B20233DBB202
:107E8000A854F4E71346022210B5C0E90733C0F83E
:107E900094220A46002102F015F8002010BD08B512
:107EA00013460A46002102F00DF8002008BD1346D3
:107EB000032210B5C0E95733C0F894220A460021C6
:107EC00002F009F8002010BD08B513460A4600214B
:107ED00002F001F8002008BD08B50423C0F8943270
:107EE00000231A46194601F0EDFF002008BD08B531
:107EF0000523C0F8943200231A46194601F0EBFF1F
:107F0000002008BDD0F8BC3210B56BB1D0F8B84233
:107F100094F80002FF2807D09B68214694F80122BC
:107F20009847FF2384F80032002010BD43230380CC
:107F300000487047500000204323038000487047EA
:107F40009400002043230380004870470C00002069
:107F50000A230380004870471001002038B504460A
:107F6000D0F8B85201F0C0FFD4F8B832C5F80C020E
:107F70004BB1D4F8BC32D5F80402DB6805F50371C7
:107F80009847002038BD0220FCE7F8B5D0F8B86269
:107F9000CEB1142202FB0102D369D0F8C05273B1F2
:107FA000282707FB0154246AB3FBF4F504FB1533BF
:107FB0002BB9D3611A4601F085FF0020F8BD0023DC
:107FC000C6F81432F9E70220F8E70023F7B50F7876
:107FD0008DF80530ADF8063017F0600304460D4605
:107FE000D0F8B86222D0202B3AD1CA884B78BAB1E7
:107FF00039060BD5D0F8BC1218468F683146B84701
:1080000031462046EA88FFF73DFF06E0314686F814
:10801000003286F80122FFF74AFF002003B0F0BDCE
:10802000D0F8BC0284681846A047F6E74B780A2BC4
:108030000AD00B2B10D09BB990F89C32032B0FD198
:1080400002220DF10601DEE790F89C32032B07D1E6
:1080500001220DF10501D6E790F89C32032BDCD00C
:1080600020462946FFF7E7FE0220D7E738B5044649
:108070000025812101F0F1FE01212046E56201F099
:10808000ECFE82212046C4F86C5101F0E6FED4F8E3
:10809000B83225644BB1D4F8BC325B689847D4F849
:1080A000B80201F029FFC4F8B852002038BD70B5FD
:1080B000037C0446A3BB4FF400738121022201F02C
:1080C000C0FE01214FF40073E16201250222204627
:1080D00001F0B7FE0823032282212046C4F86C5128
:1080E00001F0AFFE4FF40770256401F001FF064672
:1080F000C4F8B802F8B1D4F8BC321B689847002322
:10810000C6F81432C6F81832237C93B94FF40073C2
:1081100029462046D6F8042201F0DDFE002070BD7D
:1081200040238121022201F08CFE01214023E162E3
:10813000CBE74023ECE72846F1E719B1C0F8BC12C1
:108140000020704702207047D0F8B8320020C3F8F2
:108150000812C3F810227047D0F8B8320020C3F8D4
:1081600004127047D0F8B82210B582B1D2F8144288
:10817000012374B9C2F81432D2F81032812103639A
:10818000D2F808229BB201F09DFE204610BD0220CD
:10819000FCE71846FAE7D0F8B82208B562B1037CCC
:1081A000D2F8042233B94FF40073012101F093FE99
:1081B000002008BD4023F8E70220FAE74FF0FF3225
:1081C00000F10803C0E90223436003610023036058
:1081D000704700230361704743689A684B608A6068
:1081E000516099600368086101330360704730B5DE
:1081F0000C68631C0AD103695A684A6091608B60FD
:108200005960036808610133036030BD00F1080262
:10821000134652681568A542FAD9EDE70369D0E91B
:1082200001128A6051605968814208BF5A60002279
:1082300002611A68013A1A601868704710B504465E
:1082400001F048FCA46B01F065FCB4FA84F040092D
:1082500010BD70B51646026C0446856B42B90668BF
:108260009EB9806800F06AFFA6600135A56370BD05
:108270006EB9406808F0E1F86368226C1344A268A4
:108280006360934224BF236863600020EDE7C06809
:1082900008F0D3F8226CE36851429B1A2268E3602D
:1082A00093423EBFA3685B18E360022EEDD10DB18F
:1082B000013DEAE72846D8E770B5044601F00AFC1C
:1082C00094F8455004F124066DB2002D01DD636A77
:1082D000B3B9FF2384F8453001F01CFC01F0FAFB30
:1082E00094F8445004F110066DB2002D01DD2369AD
:1082F0007BB9FF2384F84430BDE8704001F00ABC2C
:10830000304600F039FE08B100F0BEFE013D6DB20E
:10831000DBE7304600F030FE08B100F0B5FE013D6D
:108320006DB2E2E738B50D46044640B94FF0500350
:1083300083F31188BFF36F8FBFF34F8FFEE701F018
:10834000C9FBD4E90F314B432268D0185B1AA060F7
:10835000626000201A44FF23A063E26084F8443086
:1083600084F84530A5B9236973B104F1100000F019
:1083700003FE48B14FF0E0234FF08052C3F8042DC4
:10838000BFF34F8FBFF36F8F01F0C4FB012038BDE7
:1083900004F11000FFF712FF04F12400FFF70EFFB5
:1083A000F2E737B50D461C4640B94FF0500383F352
:1083B0001188BFF36F8FBFF34F8FFEE743B94FF0C4
:1083C000500383F31188BFF36F8FBFF34F8FFEE726
:1083D0004AB191B94FF0500383F31188BFF36F8F07
:1083E000BFF34F8FFEE741B14FF0500383F3118885
:1083F000BFF36F8FBFF34F8FFEE750230193019BB5
:10840000502B08D04FF0500383F31188BFF36F8FC8
:10841000BFF34F8FFEE70121002D08BF2246C4E9BC
:108420000F0584F8461020462260019BFFF77AFF73
:1084300020469DF8183084F84C3003B030BD2DE94B
:10844000FF410F461E460446019240B94FF05003CB
:1084500083F31188BFF36F8FBFF34F8FFEE751B9DE
:10846000036C43B14FF0500383F31188BFF36F8F58
:10847000BFF34F8FFEE7022E0BD1E36B012B08D029
:108480004FF0500383F31188BFF36F8FBFF34F8F0B
:10849000FEE700F005FE054620B300254FF000087A
:1084A00001F018FBA26BE36B9A4227D232463946A1
:1084B0002046FFF7CEFE636A1BB104F1240000F0F2
:1084C0005BFD48B14FF0E0234FF08052C3F8042D1C
:1084D000BFF34F8FBFF36F8F01F01CFB012004B07F
:1084E000BDE8F081019B002BD8D04FF0500383F3FF
:1084F0001188BFF36F8FBFF34F8FFEE7022ED5D0E9
:10850000019B1BB901F006FB0020E8E715B902A8A2
:1085100000F072FD01F0FEFA00F084FB01F0DAFADF
:1085200094F84430FF2B08BF84F8448094F8453019
:10853000FF2B08BF84F8458001F0ECFA01A902A8DE
:1085400000F066FD38BB01F0C5FAA26BE36B9A42FE
:108550000ED101F0DFFA019904F1100000F0F2FCF5
:108560002046FFF7A9FE00F003FC48B1012597E77C
:1085700001F0D0FA2046FFF79FFE00F0F9FBF5E787
:108580004FF0E0234FF08052C3F8042DBFF34F8F1C
:10859000BFF36F8FEAE72046FFF78EFE00F0E8FB9F
:1085A000B2E7002213B50B46009011460120FFF7F9
:1085B000F8FE044638B100231A461946836003606A
:1085C000C360FFF73CFF204602B010BD38B504463B
:1085D00040B94FF0500383F31188BFF36F8FBFF39F
:1085E0004F8FFEE7856800F055FD85420BD1E368AB
:1085F000013BE3600BB1012038BD1A461946204605
:10860000FFF71DFFF7E70020F6E770B5064650209C
:1086100001F02EF9044698B10025012180F846505A
:10862000C0E90F150060FFF77DFE2B462A4629465C
:10863000204684F84C60A5602560E560FFF7FFFEEA
:10864000204670BDF0B585B00446019140B94FF0A9
:10865000500383F31188BFF36F8FBFF34F8FFEE793
:10866000056C45B14FF0500383F31188BFF36F8F52
:10867000BFF34F8FFEE700F013FD064620B32E46F2
:10868000002701F027FAA36B53B3013BA3632368D0
:1086900013B900F0E3FDA060236973B104F1100089
:1086A00000F06AFC48B14FF0E0234FF08052C3F86D
:1086B000042DBFF34F8FBFF36F8F01F02BFA012012
:1086C00005B0F0BD3546DBE7019B002BFAD04FF03B
:1086D000500383F31188BFF36F8FBFF34F8FFEE713
:1086E000019B53B9002D66D04FF0500383F31188DE
:1086F000BFF36F8FBFF34F8FFEE716B902A800F0EC
:108700007BFC01F007FA00F08DFA01F0E3F994F830
:108710004430FF2B08BF84F8447094F84530FF2B99
:1087200008BF84F8457001F0F5F901A902A800F02E
:108730006FFC50BB2046FFF781FD00B323683BB9B7
:1087400001F0C8F9A06800F0BBFC054601F0E2F9B1
:10875000019904F1240000F0F5FB2046FFF7ACFD81
:1087600000F006FB48B94FF0E0234FF08052C3F809
:10877000042DBFF34F8FBFF36F8F012681E7204693
:10878000FFF79AFD00F0F4FAF7E72046FFF794FDB3
:1087900000F0EEFA2046FFF751FD0028EDD065B15C
:1087A00001F098F9616A19B1236B1968C1F13801B8
:1087B000A06800F005FD01F0ADF9002080E770B57C
:1087C0000D46044640B94FF0500383F31188BFF3C0
:1087D0006F8FBFF34F8FFEE7866800F05BFC864229
:1087E00004D10120E3680133E36070BD29462046CF
:1087F000FFF728FF0028F8D0E3680133E360F4E7CF
:10880000002330B5064A52F8335002EBC3041DB9B9
:1088100042F83310606030BD0133082BF3D1FAE722
:10882000100200202DE9F041044601F053F9304BCD
:10883000304E1A68304F01321A603568002D4BD126
:1088400034601B68012B1FD1B84640460135FFF745
:10885000B5FC382D08F11408F7D1DFF8A080284DB9
:108860004046FFF7ABFC2846FFF7A8FC2548FFF77A
:10887000A5FC2548FFF7A2FC2448FFF79FFC244BEA
:10888000C3F80080234B1D601420234A1368013372
:108890001360224A63641168E36A8B4200FB037031
:1088A00004F1040188BF1360FFF796FC01F032F970
:1088B0001B4B1B6873B13368DA6AE36A9A4209D2C8
:1088C0004FF0E0234FF08052C3F8042DBFF34F8FD9
:1088D000BFF36F8FBDE8F081114B1A68E36A002A7D
:1088E000D2D13268D26A9A4298BF3460CCE700BFD6
:1088F0007402002048070020E8020020D402002073
:10890000C0020020A4020020900200207802002073
:10891000BC020020B8020020580200206C02002097
:1089200068020020F8B50646144B154D1C682868EF
:108930000F460430FFF772FC731C07D137B129686A
:1089400010480431BDE8F840FFF746BC2B68A41975
:108950005C6007D30C4B18682968BDE8F840043107
:10896000FFF745BC094B186829680431FFF73FFC45
:10897000074B1A68A24288BF1C60F8BD7002002035
:108980004807002078020020B8020020BC02002026
:1089900054020020064A13681968064B19B94FF0B3
:1089A000FF321A6070471268D268D2685268F8E7DE
:1089B000BC0200205402002010B590F85930044643
:1089C0003BB9006B00F0EEFF2046BDE8104000F020
:1089D000E9BF012BF9D0022B08D04FF0500383F3ED
:1089E0001188BFF36F8FBFF34F8FFEE710BD0000FC
:1089F00080B5134C134F144D236873B9134B1B6888
:108A0000012BF8D94FF0E0234FF08052C3F8042D2A
:108A1000BFF34F8FBFF36F8FEDE701F05BF8FB689B
:108A2000DE68301DFFF7FAFB2B68013B2B602368E3
:108A3000013B236001F06EF83046FFF7BDFFDBE736
:108A40008C0200209002002074020020E802002026
:108A50002DE9F0470D46DDE90994960032460746B8
:108A6000A521206B984607F05CFC236B043E1E4456
:108A700026F00706A5B36B1E04F133020F3513F879
:108A8000011F02F8011F09B1AB42F8D1002384F89D
:108A90004330089D4FF0000A372D28BF3725201D91
:108AA000E562E564C4F850A0FFF793FBC5F1380513
:108AB00004F11800FFF78DFBC4F854A04246394674
:108AC00030462461A561646284F858A000F0D8FFA4
:108AD0002060B9F1000F01D0C9F80040BDE8F0876F
:108AE00084F83450D5E770B586B0DDE90B5445B94C
:108AF0004FF0500383F31188BFF36F8FBFF34F8F95
:108B0000FEE744B94FF0500383F31188BFF36F8F32
:108B1000BFF34F8FFEE75C260596059E5C2E08D0BE
:108B20004FF0500383F31188BFF36F8FBFF34F8F64
:108B3000FEE72563022584F8595004AD01950A9D8E
:108B400002940095059EFFF783FF2046FFF76AFE1B
:108B5000049806B070BD2DE9F043074685B090003B
:108B600088461646994600F083FE054620B94FF028
:108B7000FF3005B0BDE8F0835C2000F079FE0446CC
:108B800098B1002380F859300D9B056301930C9B2D
:108B9000324641460290009338464B46FFF758FF55
:108BA0002046FFF73FFE0120E3E7284600F0FAFEEB
:108BB000DDE7000010B5002488B007AA06A905A8C3
:108BC000CDE9054400F022FE059B079A0293069B1F
:108BD0000F49CDE900430F482346FFF784FFA8B1B2
:108BE0004FF0500383F31188BFF36F8FBFF34F8FA4
:108BF0004FF0FF32084B1A600122084B1A60084BF5
:108C00001C6008B0BDE8104000F0E4BF08B010BD23
:108C10007E170108F1890008540200206802002034
:108C200070020020024A136801331360704700BFCE
:108C300050020020014B1868704700BF70020020EE
:108C4000404B2DE9F74F1B68002B73D13E4B1C683E
:108C500001341C60BCB93D4B1A68126842B14FF038
:108C6000500383F31188BFF36F8FBFF34F8FFEE77D
:108C7000374A1968106818601160364A1368013362
:108C80001360FFF787FE344D4FF0000B2B68334E17
:108C90009C42334F12D214213A68D26A4A43B258E6
:108CA000022A304A28BF4FF0010B1268002A18BF71
:108CB0004FF0010B584603B0BDE8F08FDFF88C9001
:108CC000DFF8A4A0D9F8002012681AB94FF0FF32DB
:108CD0002A60E0E7D9F80020D268D2F80C80D8F8F2
:108CE00004108C4201D22960D5E708F1040318462C
:108CF0000193FFF793FAD8F8281019B108F118007A
:108D0000FFF78CFA1423D8F82C00DAF80010884208
:108D100088BFCAF8000008F1040103FB0060FFF7F8
:108D20005BFA3868D8F82C10C26A914228BF4FF01D
:108D3000010BC7E70D4A4FF0000B136801331360B6
:108D4000B8E700BF5002002070020020BC020020E3
:108D5000B80200205C02002054020020E80200203B
:108D600048070020600200206C02002064020020FE
:108D70002DE9F041304C236843B94FF0500383F3A1
:108D80001188BFF36F8FBFF34F8FFEE700F0A2FE95
:108D90002368013B236024682CB1002400F0BAFE54
:108DA0002046BDE8F081254B1B68002BF5D0244DF3
:108DB000244EDFF894801DE0EB68DC68271D04F189
:108DC0001800FFF72BFA3846FFF728FA1420E36A59
:108DD000326800FB03809342394688BF3360FFF757
:108DE000FBF91A4BE26A1B68DB6A9A4202D3012242
:108DF000174B1A602B68002BDED10CB1FFF7CAFDB0
:108E0000144D2C6844B10127114EFFF719FF00B132
:108E10003760013CF9D12C600D4B1B68002BBCD096
:108E20004FF0E0234FF08052C3F8042DBFF34F8F73
:108E3000BFF36F8F0124B1E75002002074020020BD
:108E4000A40200206C020020E80200204807002055
:108E5000600200206402002008B550B94FF0E02302
:108E60004FF08052C3F8042DBFF34F8FBFF36F8FC5
:108E700008BD0A4B196841B14FF0500383F31188C4
:108E8000BFF36F8FBFF34F8FFEE7FFF7CBFEFFF708
:108E900049FDFFF76DFF0028E0D0E9E75002002010
:108EA000F8B5234B1A68234B12B101221A60F8BDA2
:108EB000214C1A6023681B6B1A68B2F1A53F0BD1D5
:108EC0005A68B2F1A53F07D19A68B2F1A53F03D124
:108ED000DB68B3F1A53F04D020682168343101F08C
:108EE000B1FC1427154E1649326807FB02F3CD5822
:108EF000C8188DB1456808336D680B449D4208BFA2
:108F00006B68456008BF4360142303FB02114B6884
:108F1000DB6823603260CAE742B94FF0500383F345
:108F20001188BFF36F8FBFF34F8FFEE7013ADCE785
:108F30005002002060020020480700206C02002040
:108F4000E802002010B50C4640B94FF0500383F3FF
:108F50001188BFF36F8FBFF34F8FFEE7054B196882
:108F60001831FFF744F92046BDE810400121FFF712
:108F7000D9BC00BF4807002038B5C368DC6844B9D5
:108F80004FF0500383F31188BFF36F8FBFF34F8F00
:108F9000FEE704F118052846FFF740F9104B1B685F
:108FA000DBB9251D2846FFF739F90E4A1420116850
:108FB000E36A8B42294688BF13600B4A00FB0320FB
:108FC000FFF70AF9094BE26A1B68DB6A9A4285BF20
:108FD0000120074B0020186038BD29460548EFE7FF
:108FE000500200206C020020E80200204807002008
:108FF00060020020A4020020034B1B680360034BA7
:109000001B684360704700BF5C02002070020020B4
:1090100070B50C46054640B94FF0500383F31188F4
:10902000BFF36F8FBFF34F8FFEE741B94FF050038F
:1090300083F31188BFF36F8FBFF34F8FFEE700F00C
:1090400049FD0F4B196823685A1C10D00D482E6833
:1090500000686A68864201D08A420FD9881A834222
:109060000AD95B1A134428462360FFF7C5FF002482
:1090700000F050FD204670BD002323600124F7E777
:10908000700200205C0200200122014B1A60704730
:1090900060020020014B1868704700BF480700209D
:1090A000054B1B6833B1054B1868B0FA80F04009D6
:1090B00040007047012070476802002050020020E5
:1090C000F8B5044638B31A4DC36A2A68D26A934287
:1090D00026D28269174E002AA1BF2A68D26AC2F13D
:1090E00038028261142202FB036342699A4213D15F
:1090F000071D3846FFF792F814202B680E4ADB6AEA
:10910000116800FB03608B42E362394688BF13603D
:10911000FFF762F80120F8BD2B68DB6AC362F9E74C
:109120002B68C06CDB6A98422CBF00200120F2E75C
:1091300048070020E80200206C02002038B508B97A
:10914000002038BD1B4B1C68844208D04FF05003F0
:1091500083F31188BFF36F8FBFF34F8FFEE7236D4B
:1091600043B94FF0500383F31188BFF36F8FBFF300
:109170004F8FFEE7E16AE26C013B91422365DFD04D
:10918000002BDDD1251D2846FFF748F81420E36C9D
:10919000C3F13802A261084AE36211688B4288BFBA
:1091A0001360064A294600FB0320FFF715F801204B
:1091B000C7E700BF480700206C020020E80200203B
:1091C00070B50446002841D0026D42B94FF05003FB
:1091D00083F31188BFF36F8FBFF34F8FFEE7C36C2C
:1091E000994238BF1946C36A8B422FD0012A2DD12C
:1091F000174A1268824208D14FF0500383F3118856
:10920000BFF36F8FBFF34F8FFEE78269114D002AC6
:109210004FF0140202FB03534269C162A4BFC1F1C3
:10922000380181619A4211D1061D3046FEF7F6FFE2
:109230001420094AE36A116800FB03508B4231464F
:10924000BDE8704088BF1360FEF7C6BF70BD00BFA9
:1092500048070020E80200206C020020044B1A6836
:109260001AB119680A6D01320A651868704700BFA3
:10927000480700202DE9F0411F4C1E4680460F464E
:10928000154600F027FC236893F85830022B16D0BF
:1092900001212268536D23EA08035365236883F88C
:1092A000581066B13046FFF73DFB4FF0E0234FF01A
:1092B0008052C3F8042DBFF34F8FBFF36F8F00F0C0
:1092C00029FC00F007FC15B123685B6D2B60236857
:1092D00093F85830022B03BF22680125536D0025F7
:1092E00004BFBB4353650022236883F8582000F075
:1092F00011FC2846BDE8F08148070020F8B50D466E
:1093000016461F46044640B94FF0500383F31188B8
:10931000BFF36F8FBFF34F8FFEE700F0DBFB0FB1A2
:10932000636D3B60022294F8583084F85820DBB219
:10933000042E2CD8DFE806F0060324292700626DEE
:109340002A436265012B3ED1251D2846FEF766FFA4
:109350001420204AE36A11688B4288BF13601E4ABA
:10936000294600FB0320FEF737FFA36ADBB14FF06D
:10937000500383F31188BFF36F8FBFF34F8FFEE766
:10938000626D0132DDE7022B22D06565DAE7626D9E
:109390000132D7D04FF0500383F31188BFF36F8FA2
:1093A000BFF34F8FFEE70D4BE26A1B68DB6A9A4200
:1093B00009D94FF0E0234FF08052C3F8042DBFF3DA
:1093C0004F8FBFF36F8F012400F0A4FB2046F8BD40
:1093D0000024F9E76C020020E80200204807002082
:1093E0002DE9F843DDF820800D4616461F46044659
:1093F00040B94FF0500383F31188BFF36F8FBFF371
:109400004F8FFEE700F03EFCEFF311894FF0500361
:1094100083F31188BFF36F8FBFF34F8F0FB1636D6D
:109420003B60022294F8583084F85820DBB2042EB6
:109430001BD8DFE806F0060313181600626D2A43F6
:109440006265012B3FD1A36ADBB14FF0500383F378
:109450001188BFF36F8FBFF34F8FFEE7626D01324C
:10946000EEE7022B38D06565EBE7626D0132E8D09C
:109470004FF0500383F31188BFF36F8FBFF34F8F0B
:10948000FEE7164B1B681BBB251D2846FEF7C6FED4
:10949000134A14201168E36A8B42294688BF13607F
:1094A000104A00FB0320FEF797FE0F4BE26A1B6891
:1094B000DB6A9A4207D90123B8F1000F01D0C8F83E
:1094C00000300A4A1360012089F31188BDE8F8834F
:1094D000074804F11801E6E70020F5E750020020F4
:1094E0006C020020E80200204807002060020020F3
:1094F000A402002008B54FF0E0231B69FFF7D0FD60
:10950000012803D0BDE8084000F03CBB08BD0000C6
:10951000EFF305832BB9064B186828B901221A60AE
:1095200070476FF0050070474FF0FF30704700BF85
:10953000A809002010B5EFF305845CB9084B1A6840
:10954000012A0AD1074AD47702221A60FFF732FBB8
:10955000204610BD6FF00500FBE74FF0FF30F8E745
:10956000A809002000ED00E0F0B51446002287B005
:109570000B460592EFF30582FAB9F0B154B3A56931
:1095800025B1691E372902D9002017E01825626825
:10959000D207F9D466699EB1B2082168D4E9027C89
:1095A00087B1BCF15B0F08D9246934B12EB1CDE984
:1095B00001470095FFF797FA0590059807B0F0BDB1
:1095C0008022EAE7BCF1000FF7D12469002CF4D126
:1095D0000C4601E01825802205A9CDE9005192B280
:1095E0002146FFF7B8FA01281CBF00230593E4E7E2
:1095F00030B5044685B008B1002905DA6FF00303E1
:109600000293029805B030BD4FF0FF330293EFF3A1
:109610000585E5B1002503AB012200932B46039598
:10962000FFF7DEFE02AB2A46294620460095FFF7EB
:10963000D7FE039B002BE4D04FF0E0234FF0805285
:10964000C3F8042DBFF34F8FBFF36F8FD9E72B46BD
:109650000122FFF753FE2A462946204602ABFFF7B8
:109660004DFECEE72DE9F34706460F469046EFF351
:109670000584002C3CD100283DDB11F0020F0CBF0B
:1096800082464FF0000AFFF7D5FA4546814607F0BB
:1096900001072B465146002001AAFFF7EBFD0128E8
:1096A0001CD1019B34401C4306EA04033FB19E4297
:1096B00007D0B8F1000F08D16FF0020401E0002BD1
:1096C000F7D0204602B0BDE8F087FFF7B3FAA0EB71
:1096D00009039D4212D34D442D1ADAE7B8F1000F69
:1096E00014BF6FF001046FF002040028D1D1E8E745
:1096F0006FF00504E5E76FF00304E2E70025C8E733
:1097000008B5EFF3058222B908B1FFF7A5FB0020E9
:1097100008BD6FF00500FBE7F8B50546EFF30587D8
:1097200017B100242046F8BD20B346683307F8D4AB
:10973000D0E9021306F0010699B14F2BF1D9BEB161
:109740000420FEF72EFF04460028EAD037462D6895
:1097500029462046FFF754F8002FE3D044F00104D7
:10976000E0E7002BDDD12EB10420FEF74EFFEAE743
:109770000120E6E70120FEF748FF04460028D0D08C
:10978000002DE5D00026E1E738B503460C4620F071
:10979000010003F00102EFF3058595B9012B13D900
:1097A00062B1FFF70CF8012801D1002038BD002C70
:1097B00014BF6FF001006FF00200F7E7FEF742FF01
:1097C000F1E76FF00500F1E76FF00300EEE7024606
:1097D00008B520F0010002F00103EFF3058179B92B
:1097E000012A10D93BB1FEF7F1FE01280CBF002081
:1097F0006FF0020008BD1A461946FEF720FEF4E796
:109800006FF00500F6E76FF00300F3E7034B03602A
:10981000034B0B6080231360704700BF4C0900208E
:109820004C07002010B5104B1A461B688342FBD32F
:1098300054681119884201BF4168104609195160E6
:10984000446801198B420CD1084909688B4203D046
:1098500059682144416019689042016018BF106046
:1098600010BD1946F8E700BFC4090020C009002058
:109870002DE9F0410446FFF7D5F94349434D0B6804
:109880000BBB434A56071FBFD01D20F0070002F54F
:109890000052131A0CBF4FF4005302460020134429
:1098A0003C4E083B23F0070370603260C3E90000C0
:1098B000981AC2E900300B60374B1860374B1860BC
:1098C0004FF000432B602F68274207D0FFF750FA74
:1098D000002600F0BAFF3046BDE8F081002CF5D03C
:1098E00004F1080360071CBF23F007030833002BB3
:1098F000ECD0DFF8A880D8F800509D42E6D3254A86
:1099000014686068984201D22668B6B90968A14215
:10991000DCD0216816681160C21A102A06F1080608
:1099200012D9E01841070BD04FF0500383F3118890
:10993000BFF36F8FBFF34F8FFEE722463446E0E759
:1099400042606360FFF76EFF002362681249AD1A40
:109950001743134A086823601368854203F1010323
:10996000676038BF0D601360C8F80050FFF700FA59
:109970007307B0D04FF0500383F31188BFF36F8F9C
:10998000BFF34F8FFEE700BFC0090020AC090020E5
:10999000CC090020C4090020B8090020BC0900201F
:1099A000B409002010B5044690B31A4A50F8043C9C
:1099B0001268134208D14FF0500383F31188BFF3AC
:1099C0006F8FBFF34F8FFEE750F8081C41B14FF087
:1099D000500383F31188BFF36F8FBFF34F8FFEE700
:1099E00023EA020340F8043CFFF71CF90A4A54F842
:1099F000043C1168A4F108000B441360FFF712FF48
:109A0000BDE81040054A136801331360FFF7B0B991
:109A100010BD00BFAC090020BC090020B009002027
:109A200006480068006880F3088862B661B6BFF334
:109A30004F8FBFF36F8F00DF00BF000008ED00E025
:109A4000002382B001930D4B1B68013308D04FF007
:109A5000500383F31188BFF36F8FBFF34F8FFEE77F
:109A60004FF0500383F31188BFF36F8FBFF34F8F15
:109A7000019B002BFCD002B0704700BF1C010020EE
:109A80004FF0807340F8043C054B21F0010140F891
:109A9000081C40F80C3C40F8202C4038704700BFB0
:109AA000419A0008000000000000000000000000D3
:109AB000074B19680868B0E8F00F80F30988BFF316
:109AC0006F8F4FF0000080F311884EF00D0E70473D
:109AD000480700204FF0500383F31188BFF36F8FC6
:109AE000BFF34F8F0A4A13680133012B13600ED165
:109AF0004FF0E023D3F8043DDBB243B14FF0500305
:109B000083F31188BFF36F8FBFF34F8FFEE770476A
:109B10001C010020084A136843B94FF0500383F337
:109B20001188BFF36F8FBFF34F8FFEE7013B1360C8
:109B30000BB983F3118870471C010020000000005E
:109B4000EFF30980BFF36F8F0D4B1A6820E9F00F18
:109B500010602DE908404FF0500080F31188FFF7A6
:109B60009FF94FF0000080F31188BDE808401968A4
:109B70000868B0E8F00F80F30988BFF36F8F704773
:109B80004807002008B54FF0500383F31188BFF356
:109B90006F8FBFF34F8FFFF753F828B14FF0E023DB
:109BA0004FF08052C3F8042D002383F3118808BDC1
:109BB0004FF0E02200234FF47A7113619361044B5C
:109BC0001B68B3FBF1F3013B53610723136170473B
:109BD0000000002013B5274B1A78D2B20192FF2261
:109BE0001A701B78244ADBB28DF803309DF80330DD
:109BF00003F0500313700723204A13609DF80310ED
:109C0000136809060AD4032B11D04FF0500383F3D5
:109C10001188BFF36F8FBFF34F8FFEE7013B1360D7
:109C20009DF803305B00DBB28DF80330E6E74FF4BC
:109C300040731360019B0F4ADBB213704FF0E023B7
:109C40000024D3F8202D42F47002C3F8202DD3F85D
:109C5000202D42F07042C3F8202DFFF7A9FF084BDA
:109C60001C60FFF7DDFEFFF71BF92046FFF7E8FE5B
:109C700002B010BD00E400E0D0290020CC29002073
:109C80001C010020EFF305830F2B0ED9114A9B5CBA
:109C9000114A12789A4208D94FF0500383F3118881
:109CA000BFF36F8FBFF34F8FFEE74FF0E0230B4AF8
:109CB000D3F80C3D126803F4E063934208D94FF0E7
:109CC000500383F31188BFF36F8FBFF34F8FFEE70D
:109CD000704700BFF0E300E0D0290020CC2900202D
:109CE00018B102280CBF01200220704707B50E4BA7
:109CF00002689A4215D103F5DA33DA69052142F494
:109D00000002DA61DB69002203F4000301931420EE
:109D1000019BFCF7F7FD142003B05DF804EBFCF7A2
:109D200021BE03B05DF804FB005C004000F5267125
:109D3000D0F8D402FDF766BD282303FB0103D0F859
:109D4000D402D3F86421FDF78ABD282303FB010365
:109D5000D0F8D4025A6AFDF7BABDD0F8D402FDF7A4
:109D60004FBE10B583790446022B01D000F04AFBA8
:109D7000D4F8D4020121FDF72DFED4F8D402BDE8B9
:109D80001040FDF700BE000010B50446D0F8D40224
:109D9000FDF723FEA37A23B1024A136943F00603B9
:109DA000136110BD00ED00E0D0F8D402FDF71EBE37
:109DB00010B51D4B04461D480360082303710223A0
:109DC00083710023C0F8D442C4F8C00243810373F6
:109DD000FAF782FB08B100F015FB002218231146A8
:109DE000D4F8C002FBF703FA582300228021D4F8EC
:109DF000C002FBF7FCF9C02300228121D4F8C00285
:109E0000FBF7F5F94FF4887300220121D4F8C00262
:109E1000FBF7EDF94FF4807300228221D4F8C002E1
:109E2000FBF7E5F9002010BD005C0040F42B00209A
:109E300008B5D0F8C002FAF7B2FBBDE80840FFF75A
:109E40004FBF10B51446D0F8C0021A462346FBF7A0
:109E5000D7F8BDE81040FFF743BF08B5D0F8C002FF
:109E6000FBF7FEF8BDE80840FFF73ABF08B5D0F8A9
:109E7000C002FBF754F9BDE80840FFF731BF08B551
:109E8000D0F8C002FBF781F9BDE80840FFF728BF12
:109E9000282211F0800FD0F8C0321BBF01F07F01E3
:109EA00002FB013302FB0133987C08BF93F8520197
:109EB000704708B5D0F8C002FAF78AFBBDE8084041
:109EC000FFF70EBF08B5D0F8C002FBF710F9BDE8E8
:109ED0000840FFF705BF08B5D0F8C002FBF7E8F867
:109EE000BDE80840FFF7FCBED0F8C002FBF7F7B8AA
:109EF00000487047D42900207047704708B50022F9
:109F00000E490F48FDF749FC08B100F07BFA0D49F6
:109F10000B48FDF757FC08B100F074FA0A490848ED
:109F2000FEF70BF908B100F06DFA0548FDF751FC9A
:109F300018B1BDE8084000F065BA08BD5401002022
:109F4000CC2E0020D80000207001002012230148F0
:109F50000B80704740010020042301480B807047AC
:109F60003C010020002370B51E464D1C040FB0F1CB
:109F7000204F34BF3034373401F8134005F81360F4
:109F80000133DCB2A2424FEA0010EFD870BD0000EE
:109F90001A2310B50B800A4BD3F8E807D3F8F02743
:109FA00080180AD0D3F8EC4706490822FFF7DAFFF9
:109FB000042220461031FFF7D5FF034810BD00BF33
:109FC00000F0FF1F220100202001002010B5044CEA
:109FD0000A4604482146FDF739FF204610BD00BF60
:109FE000903100208317010810B5044C0A4604483C
:109FF0002146FDF72BFF204610BD00BF9031002009
:10A000009617010810B5044C0A4604482146FDF78E
:10A010001DFF204610BD00BF90310020AC17010885
:10A0200010B5044C0A4604482146FDF70FFF2046B0
:10A0300010BD00BF90310020B71701080020704705
:10A0400000207047F8B50D46044600F061FE286810
:10A05000431EB3F5407F27D21A4A1B49138809884B
:10A060009BB289B28B4238BF03F540735B1A9BB237
:10A07000C3F53F7303339BB298421ED821464FF479
:10A080004075124F2044138811F8016B9BB2FE54A7
:10A09000138881429BB203F10103B3FBF5F605FB84
:10A0A00016339BB21380EED121460948FEF754F8CF
:10A0B0000748FEF770F80020F8BD0122054B1A7022
:10A0C000F2E700BF94330020923300209633002043
:10A0D000CC2E00209033002010B5064C00222046E4
:10A0E0000549FEF731F820460449FEF735F800200F
:10A0F00010BD00BFCC2E002096360020963A0020DE
:10A1000070B50D4C0546D4F8B8320E46D3F814326B
:10A1100083B900F0FDFD324629462046FEF714F8CB
:10A120002046FEF71FF80128044601D900F0F8FD8B
:10A13000204670BD0124FBE7CC2E00202DE9F34121
:10A14000064668B361B3B1F5806F28BF4FF48061F4
:10A150004FF000080D46134F29463046FFF7D0FF59
:10A160000128044610D038B942F20F720090009BCB
:10A17000934205D900F0D4FD204602B0BDE8F0813D
:10A18000009B01330093F2E7CDF80480019B632B21
:10A1900002D9013FE0D1EFE7019B01330193F5E7DD
:10A1A0000224E9E7A08601002DE9F84F10B900204C
:10A1B000BDE8F88F002AFAD0EFF3108472B6424D52
:10A1C000424B1B882E889BB2B6B284F31088B342F0
:10A1D00038BF03F540739B1B9BB20F2BE7D9C82BED
:10A1E00028BFC82300274FF44078DFF8E4E0013BA4
:10A1F00006EB070CBCFBF8F908FB19CC1EF80C9019
:10A200003C46B9F1AA0F07F1010759D106EB07093E
:10A21000B9FBF8FA08FB1A991EF80990B9F1550F25
:10A220004ED14FF44078A4B2A71CBFB206F1010A88
:10A23000BB42BCDD07EB0609B9FBF8FB08FB1B9929
:10A240001EF80990B9F1550F38D10AEB0709B9FB8F
:10A25000F8FB08FB1B991EF80990B9F1AA0F2DD144
:10A26000C4F102031F44BFB28F42A0D84FF4407123
:10A270001FFA8CF300EB070C604514D1EFF310814B
:10A2800072B64FF440733C44A4B23444B4FBF3F0D0
:10A2900003FB1044A4B22C8081F31088178000F0D7
:10A2A0003FFD012084E71EF80380013300F8018B95
:10A2B000B3FBF1F801FB18339BB2DDE70137B7E7D9
:10A2C0009F4295DB73E700BF923300209433002058
:10A2D0009633002010B596B0142200210EA806F087
:10A2E00020F81422002101A806F01BF818220021F2
:10A2F0000DEB020006F015F802244FF48033012222
:10A30000CDE91343CDE90C234FF4E0130CA81092D0
:10A310001593FBF7F7FC08B172B6FEE70F23CDE902
:10A3200001344FF480630390CDE90430214601A845
:10A33000FBF7AAFE08B172B6FEE710230B9006A841
:10A340000693FBF77BFF08B172B6FEE716B010BDAF
:10A3500008B50D4A0D4B9A60BFF34F8FBFF36F8F57
:10A36000FBF79AFCFFF7B6FF00F04EF800F070FA2A
:10A3700000F086FA00F0EAFAFFF7CAF800F002F9F6
:10A38000FFF7D8F8FEE700BF0040000800ED00E04E
:10A3900038B50568154B04469D4210D1FBF78EFC7D
:10A3A0002368AB420BD1124A124B10681968124C49
:10A3B000884205D012681A60FBF78CFC206038BD1B
:10A3C000FBF788FC2368C01A4EF660239842F6D942
:10A3D000BFF34F8F09490A4BCA6802F4E062134386
:10A3E000CB60BFF34F8F00BFFDE700BF0008004008
:10A3F000BC3E00209C3E0020983E002000ED00E086
:10A400000400FA0572B6FEE72DE9F041354B88B03D
:10A410009A69354D42F010029A619A69002102F062
:10A4200010020092009A9A69012442F020029A6177
:10A430009A69022602F020020192019A9A69DFF8D5
:10A44000AC8042F004029A619A69002702F004028B
:10A450000292029A9A6942F008029A6110229B695C
:10A460000DEB020003F008030393039B05F059FF73
:10A47000002228464FF48071FCF740F84FF48073B7
:10A48000CDE904340323284604A90793FBF750FFC2
:10A490004FF42043404604A9CDE904340796FBF766
:10A4A00047FF00F055FC4FF48043404604A9CDE936
:10A4B0000437CDE90646FBF73BFF4FF4004328463F
:10A4C00004A9CDE90437CDE90646FBF731FF4FF487
:10A4D0007F73074804A90493FBF72AFF08B0BDE87F
:10A4E000F08100BF00100240000801400010014050
:10A4F000000C0140BFF34F8F0549064BCA6802F4B8
:10A50000E0621343CB60BFF34F8F00BFFDE700BF96
:10A5100000ED00E00400FA054FF4804110B50C484E
:10A52000FBF7E6FF0446FBF7D5FB0A490B78A3428D
:10A53000094B02D11860002010BD1A68821A1D2A2A
:10A54000F9D91860B4FA84F00C704009F4E700BF40
:10A550000010014080010020A03E002001214FF0AA
:10A56000FF32084608B5FFF77DF802F071FF02F0F0
:10A5700031FF00F045FE02F009FD0120FFF7C0F8B1
:10A58000F3E7000010B50024124B88B00093124B83
:10A5900068460493CDE90144CDE90544039407944A
:10A5A000FFF7BAF80D4B186004A8FFF7B5F80C4B8D
:10A5B000214618600B4A0C48FEF7D6FF0B4B21468C
:10A5C00018600B4A0B48FEF7CFFF0B4B186008B022
:10A5D00010BD00BFC5170108CB170108B83E002009
:10A5E000B43E0020C8180108BDA60008AC3E0020FB
:10A5F000EC1801085DA50008B03E00202DE9F043ED
:10A6000095B004AA15462B4B03F140061446186872
:10A610005968083303C4B3422246F7D1FF2300240C
:10A620008DF810308DF84F300A2700F071FB224E64
:10A630003C2221460DF1110005F073FE0121022399
:10A640002A46CDE9001306200023029700F09EFF62
:10A65000631C102CDBB222D100F062FB4FF4FA60D5
:10A66000FFF74EF8002400F053FBFBF733FB40F6F6
:10A67000B7398046FBF72EFBA0EB08034B4510D9FA
:10A6800033680133336001F0AFF918B903F016FCF9
:10A690000028CDD000F044FB15B0BDE8F0831C4687
:10A6A000E3E7FFF739FF0028F4D10A20FFF728F885
:10A6B000E0E700BF300F0108BC3E00202DE9F0416B
:10A6C00088B0FFF71BFC4FF47A70FFF719F801F020
:10A6D000A3FB02F0E9FF02F0A5FA01F093FB02F000
:10A6E000F5FA02F019FC524B01211868FEF780FFC1
:10A6F0004FF47A70FFF704F800230DF106028DF88D
:10A7000004308DF805308DF806308DF807300DF1E6
:10A7100005010DF1070301A803F026F89DF80630A6
:10A7200013B90F238DF806309DF804500DB19DF834
:10A7300005509DF8066001F093FB0128074641D1C2
:10A740009DF806308DF808508DF80930FF238DF8FC
:10A750000E3001F085FB8DF80F0001F093FB1623FE
:10A760008DF811304FF481738DF81000ADF8123070
:10A7700001F082FB4FF47A788DF8140001F076FB3B
:10A78000002402AB8DF8150040460693ADF8164044
:10A79000FEF7B6FF03A801F065FD2346214608FB3E
:10A7A00006F6244A566282F8287082F82350947084
:10A7B0000332D1540133202BFBD1012231462846EC
:10A7C00000F024FF1C4D1D4C1D4E2B6801332B60E7
:10A7D00000F07EFFFFF7A0FE38B101F005F920B9C7
:10A7E00003F06CFB08B9FFF709FF03F067FBD8B172
:10A7F00027785FB90123237003F06CFB30B100F0C0
:10A80000BFFE03F061FB00F083FA277003F056FBF4
:10A8100050B1FBF75FFA3368C01AC72804D9FBF7B9
:10A8200059FA306000F084FA0120FEF769FFCCE7A6
:10A83000B03E00205C4A0020BC3E0020A83E002024
:10A84000A43E002008B5FFF755FE08B5FFF752FEFD
:10A850000A4B07B55A69052142F001025A615B694A
:10A86000002203F0010301930F20019BFCF74AF83B
:10A870000F2003B05DF804EBFCF774B80010024041
:10A8800008B54FF482730E480E4A4FF40071C0E9C8
:10A89000002300231022C0E90233C0E90433C0E9D9
:10A8A000083383620A23C0E90612C362FCF70AF97F
:10A8B00008B1FFF7A7FDBDE8084000F079BD00BF73
:10A8C000C03E00200030014030B51024054687B05E
:10A8D0002246002102A805F024FD2A68194B9A425D
:10A8E0002ED103F560439A69032542F480529A61A0
:10A8F0009A69154802F480520092009A9A6902A956
:10A9000042F004029A619B69A02203F004030193C0
:10A91000019B02230595CDE90223FBF709FD0023E6
:10A9200040210948CDE9021302A90493FBF700FD79
:10A930000123054802A9029403930595FBF7F8FC4F
:10A9400007B030BD003001400008014008B54FF4A9
:10A95000E1330B480B4AC0E9002300230C22C0E975
:10A960000233C0E905230361C361FCF7BBFB08B1F7
:10A97000FFF748FD00F01EFBBDE8084000F07CBB7F
:10A980005C3F00200038014070B5064686B01022BA
:10A99000002102A805F0C5FC3268264B9A4247D137
:10A9A00003F558439A69012442F480429A619A69F6
:10A9B000214802F480420092009A9A6902A942F06A
:10A9C00004029A619B694FF4007203F0040301933F
:10A9D000019B0223CDE9022303230025CDE9044393
:10A9E000FBF7A6FC4FF48063134802A9CDE90235BA
:10A9F0000494FBF79DFC114C114B2046C4E9003533
:10AA00008023C4E903354FF48053C4E90555A5609C
:10AA1000E361FBF781FD08B1FFF7F4FC252000227C
:10AA20000521F4636662FBF76DFF2520FBF79AFFB3
:10AA300006B070BD0038014000080140183F0020FA
:10AA400058000240FEE7FEE7FEE7FEE7FEE770473C
:10AA50000148FBF769BE00BF183F00200148F9F725
:10AA6000CBBD00BFF42B00200148F9F735BC00BF77
:10AA7000A43F00200148FCF7CFBC00BF5C3F002092
:10AA8000174B07B59A690F2142F001029A619A6942
:10AA90006FF0010002F001020092009ADA6942F0C0
:10AAA0008052DA61DB69002203F080530193019B3D
:10AAB000FBF728FF0B4A536823F0E06343F0007371
:10AAC0005360536823F0E06343F000735360064A19
:10AAD000536843F44073536003B05DF804FB00BF58
:10AAE0000010024000000140002004E070B5214B3E
:10AAF00088B0DA69054642F00402DA61DB6901A92F
:10AB000003F00403029303A8029BFBF779FB069B67
:10AB10004BBBFBF755FB184E184B336040F2E73345
:10AB2000F360174BB0FBF3F3013B73600023304637
:10AB30003361B360B361F9F7A1FC044680B93046D4
:10AB4000F9F794FB044658B91E20FBF70BFF0F2DB5
:10AB50000DD8224629461E20FBF7D4FE094B1D6066
:10AB6000204608B070BDFBF72BFB4000D3E7012463
:10AB7000F6E700BF00100240A43F0020000800409C
:10AB800040420F00080000200B4A0346116810B530
:10AB900009B90A491160106809490A4C0344091BA4
:10ABA0008B4206D905F01CFC0C2303604FF0FF30EC
:10ABB00010BD1360FCE700BFEC3F00205870002080
:10ABC00000C00020000800000120704708B505F013
:10ABD00007FC162303604FF0FF3008BD08B505F0F1
:10ABE000FFFB16230360FEE770B50D4614460E46C4
:10ABF000731B9C4201DC204670BDAFF3008006F859
:10AC0000010BF5E770B50D4614460E46731B9C42CA
:10AC100001DC204670BD16F8010BAFF30080F5E7AC
:10AC20004FF0FF3070474FF4005300204B607047E7
:10AC30000120704700207047F9F716FB0B480C49BC
:10AC40000C4A002302E0D458C4500433C4188C4288
:10AC5000F9D3094A094C002301E013600432A242EF
:10AC6000FBD305F0C3FBFFF773FB70470000002028
:10AC7000EC0100205C390108EC0100205870002034
:10AC8000FEE7000037B54FF480411E48FBF730FC6B
:10AC9000B0FA80F01C4C1D4B400920709968D3F825
:10ACA0000824C1F3C81192B2D24381F07E41C94356
:10ACB00010B24301C50005F0400503F080034000D9
:10ACC0002B4300F020000343500800F01000034322
:10ACD000D00800F008000343500900F004000343CB
:10ACE000D00900F002000343C2F34022134301F4F1
:10ACF000807119436180206883B26FF30F0018439D
:10AD000003B030BD00100140F03F002000080140BA
:10AD100000224FF400410148FBF7F0BB0010014056
:10AD200001224FF400410148FBF7E8BB001001404D
:10AD30004FF400410148FBF7E6BB00BF00100140A3
:10AD400000224FF400510148FBF7D8BB001001402E
:10AD500008B5FFF7E5FFBDE80840FFF7F1BF0000C9
:10AD600001224FF400510148FBF7C8BB001001401D
:10AD70004FF400510148FBF7C6BB00BF0010014073
:10AD8000F8B5431EB3F5C03F04460E4601D301207B
:10AD9000F8BD002500F6FF773F0B280300F5F31000
:10ADA00000F5805000F0B8FB0028F0D10135AF422B
:10ADB000F3D10122044B1C60044B1E80044B18602D
:10ADC000044B1A70E4E700BFFC3F0020F83F00206E
:10ADD000F43F00200040002038B5054610481446D6
:10ADE0000078012801D0012038BD0029FBD0A2B194
:10ADF0000C4B1B68AB42F6D35B1B9A42F3D805F5AC
:10AE0000F31000F5805000F02FFB0028EBD1064B2B
:10AE10002C441A68A24238BF1C600020E4E700BF3F
:10AE200000400020FC3F0020F43F00202DE9F04FBF
:10AE3000364E85B03378012B09D1DFF8D490354BED
:10AE4000D9F800501B68AB4259D20023337001205F
:10AE500005B0BDE8F08F802DA84628BF4FF08008D0
:10AE60001FFA88FA524638462B4900F0CBFA0028E0
:10AE7000EBD1294A12F8013B5C40082344F300015E
:10AE800001EA0B01013B81EA540113F0FF038CB28C
:10AE9000F4D1013080B28245ECD84744A5EB0805D7
:10AEA000002DD8D11D4B1B88A342CED11C4B1D4871
:10AEB0000093D9F80030ADF8084001930123ADF8B4
:10AEC0000A50039300F028FB0028BED110226946E7
:10AED000144800F0C9FA0028B7D102233220337099
:10AEE000FAF7FEFEBFF34F8F0F49104BCA6802F40A
:10AEF000E0621343CB60BFF34F8F00BFFDE74FF617
:10AF0000FF740B4FDFF82CB0CAE700BF00400020F1
:10AF1000FC3F0020F43F0020604C0020F83F002060
:10AF20003141544F00F01F0000ED00E00400FA052D
:10AF300000701E0001A0FFFF10B1064B1B780370CC
:10AF400011B1054B1B680B6012B1044B1B881380B9
:10AF5000704700BF00400020FC3F0020F83F002069
:10AF6000064882B0036806491A680092009A602277
:10AF70005B680193019B02B0FCF7E4BB5C3F0020DF
:10AF8000A646002013B5094C2046FCF72BF9236890
:10AF900020461A6806490092009A60225B68019375
:10AFA000019B02B0BDE81040FCF7CCBB5C3F002029
:10AFB000A646002000224FF480710148FBF79EBA9C
:10AFC000000801402DE9F0410C460546002847D015
:10AFD0004B1E5F2B44D8234E33686BB90027224B9E
:10AFE00093F84130202B12D0022417B13068FEF7BD
:10AFF000EEFB2046BDE8F081FEF752F80228EDD1C5
:10B000004FF0FF313068FEF7BFFB0127E7E7DFF8BD
:10B010005C80D8F80030E3B922462946144805F090
:10B020000CFA01224FF480711248FBF767FA0120F5
:10B03000FAF756FE22460E490B48FCF782F8044602
:10B040000028D2D000224FF480710A48FBF756FA4C
:10B05000CBE7FAF73FFED8F800309842DCD1C3E7DF
:10B060000124C6E7B43E00205C3F00201C400020C5
:10B07000464600200008014082B0EFF3108272B60D
:10B0800000230A490B800A490B800A490B8082F38E
:10B0900010880948094903681A680092009A6022DA
:10B0A0005B680193019B02B0FCF74CBB244000207D
:10B0B00022400020204000205C3F0020A6460020C7
:10B0C000F0B558B161B3EFF3108572B6154C238813
:10B0D0009BB223B985F3108818460B80F0BD622718
:10B0E000114E124A33889BB207FB0322B2F860303C
:10B0F000602B28BF6023C718B8420CD132880132B8
:10B1000002F00F0232802288013A92B2228085F347
:10B1100010880120E1E712F801CB00F801CBEBE742
:10B120000846DBE720400020224000202640002087
:10B130000268174B70B59A420C4627D1FAF7CAFD40
:10B14000144B1860F4B1144D2B889BB20F2B19D8F7
:10B150006221602C28BF6024104E114B328892B2BD
:10B1600001FB0233224618460E4905F066F9338882
:10B17000A0F86040013303F00F0333802B880133C4
:10B180009BB22B80BDE87040FFF7EABE70BD00BFE8
:10B1900000380140184000202040002024400020BA
:10B1A00026400020A646002008B50268074B9A42B8
:10B1B0000BD1FAF78FFD064B002218604FF4807117
:10B1C000BDE808400348FBF799B908BD00380140C5
:10B1D0001C4000200008014008B50268064B9A4256
:10B1E00009D100224FF480710448FBF787F9BDE8CC
:10B1F0000840FFF7B5BE08BD003801400008014017
:10B20000F8B500F02DFE012866D0344E344F96F884
:10B210003840FAF75FFDE4B20546324944B93B686D
:10B220000C70002B58D03C60BDE8F840FFF788BD9B
:10B2300008782D4A2D4B08B915601D600C70746A92
:10B24000716918680C4449F6404104F51C541668AD
:10B25000103412688C4238BF0C4690423968A5EB16
:10B2600006061DD13B68EBB141F28831204A1368D4
:10B27000EB1A8B4202D91560FFF784FE04F51C44DB
:10B280004034B4421ED2BFF34F8F1A491A4BCA68DA
:10B2900002F4E0621343CB60BFF34F8F00BFFDE7C2
:10B2A0001A6051B9B44217D2114B3D601D60134B67
:10B2B0001D60BDE8F840FFF765BE00233B60FFF767
:10B2C0003FFDCFE70D4A1368EB1AC72B04D9156071
:10B2D000BDE8F840FFF74CBDF8BD00BF08470020AF
:10B2E0001440002008400020184000200C4000209E
:10B2F0001040002000ED00E00400FA0504400020AA
:10B30000062337B50B4D0022284610218DF8073053
:10B31000FBF7F4F832230DF1070101220648FBF791
:10B3200029FC0446012228461021FBF7E7F82046B5
:10B3300003B030BD00080140C03E0020F7B505460F
:10B34000FAF7C8FC0446184E184F052300221021B6
:10B3500030468DF806308DF80720FBF7CFF8322302
:10B3600001220DF106013846FBF704FC32230122CD
:10B370000DF107013846FBF7A9FD304601221021E7
:10B38000FBF7BCF89DF8073013F0010001D103B0C2
:10B39000F0BDFAF79FFC001BA84203D80120FAF782
:10B3A0009FFCD2E70320F2E700080140C03E0020E6
:10B3B00037B5012210211148FBF7A0F8FFF7A0FFD5
:10B3C0000446C0B90125024610210C48ADF80450CE
:10B3D000FBF794F8022201A964230948FBF7CAFB92
:10B3E00004462A4610210548FBF788F81CB964205A
:10B3F000FFF7A4FF0446204603B030BD000801401B
:10B40000C03E002073B515460E4639B332B3032350
:10B410008DF80430030C40BA00221021ADF806006C
:10B420000F488DF80530FBF769F8042264230D48B6
:10B430000DEB0201FBF79EFB044638B92A46314664
:10B44000084805F16403FBF741FD04460122102181
:10B450000348FBF753F8204602B070BD0124FAE719
:10B4600000080140C03E00202DE9F74F06469346F4
:10B470000F4600294AD0002A48D04FF0020ADFF8D0
:10B480009080DFF89090F5B2C5F58075ADB25D455E
:10B4900028BF5D46FFF734FF044640BB330C02462D
:10B4A000102140468DF8053073BAADF806308DF89E
:10B4B00004A0FBF723F80422642348460DEB0201A5
:10B4C000FBF758FB044640B905F164032A463946A8
:10B4D00048469BB2FBF74EFB044601221021404632
:10B4E000FBF70CF81CB96420FFF728FF04462E4434
:10B4F0002F44ABEB05051FFA85FBBBF1000F01D014
:10B50000002CC0D0204603B0BDE8F08F0124F9E73D
:10B5100000080140C03E002037B50546FFF7F0FEA9
:10B52000044600BB20230246102110488DF8043049
:10B530002B0C6DBA8DF80530ADF80650FAF7DEFF2A
:10B54000042264230DEB02010948FBF713FB0446B8
:10B55000012210210548FAF7D1FF24B94FF47A608F
:10B56000FFF7ECFE0446204603B030BD0008014062
:10B57000C03E0020FF22014B1A707047810100205D
:10B580000022014B1A807047464A00202DE9F74FF0
:10B590001B4C1F46237888469DF830B09DF83490A8
:10B5A0009DF838A0009001923BB900F007FC012300
:10B5B000237000F067FC134B187000240126124D15
:10B5C00044450FD1204602F09FFDDDE900214B46A6
:10B5D0002046CDE90DB7CDF830A003B0BDE8F04F5F
:10B5E00002F09EBA2B882341DB0707D4E0B202F0B9
:10B5F0009FFD288806FA04F303432B800134DFE71C
:10B60000444A002081010020464A002013282DE9E9
:10B61000F74F0546894690464BD80123264C84F8BF
:10B62000383002F095F90128064618D1E5702571E9
:10B6300000F016FC40F20113238000236071C4F86F
:10B64000149084F82880A370FAF744FB84F83060E3
:10B65000E062FFF75DFB002003B0BDE8F08F10B99A
:10B66000B8F1000F25D14FF0140B6F1C05F1140336
:10B67000B7FBFBF60BFB1676F6B23046019302F0F1
:10B6800067F901288246019B10D140F20113238003
:10B690000023E5702671C4F8149084F82880A37004
:10B6A000FAF718FB84F830A0E062D2E701379F4236
:10B6B000DED10120D0E700BF084700200020034B67
:10B6C000587083F838001870987070470847002049
:10B6D000F0B58F4C87B001F0C1FB63783BB902F045
:10B6E000EDFB08B9FFF71CFB002007B0F0BDFAF72F
:10B6F000F1FA054602F0E2FB20B92378032B0DD1C5
:10B70000FFF706FB2378013B052BEDD8DFE813F0AC
:10B71000090087009300D700E500EC00FFF700FB6D
:10B72000F0E700237B4A0393531E0193931E02927A
:10B7300000937949D31E2079043A02F0A1F810B1A0
:10B740000623237075E0754E657F3378AB4211D0C8
:10B75000ADF81600724928460DF1160200F09CF96A
:10B7600010B9BDF816300BB902F032FD00226D4B56
:10B7700035701A8000256C4920790DF116028DF87C
:10B78000165002F079F958B384F8215000230A22A8
:10B790005343636200232079644AA37002EBC00123
:10B7A000CB79002B39D012F83030A3774B78E37780
:10B7B0008B7984F820304B88C3EB431203EB820271
:10B7C0008B88D200C3EB431103EB8103DB0092B201
:10B7D0009BB2A381E280FAF77DFA0223A060B0E772
:10B7E0009DF81630257F9D420CBF0123002384F86D
:10B7F0002130CBD103464C49C2B29542C7D90E463F
:10B80000002236F8027B0132BB42D2B238BF3B463F
:10B81000402AF6D101308031EEE71A46D9E7444B91
:10B820001B780BB103238CE7A368E288EB1A9342E1
:10B83000F8D2012059E7A378002BFAD10122A27097
:10B8400094F82120217F002A35D03748394DDAB2CB
:10B85000914220D8374BE27F374D0292A27F01926E
:10B8600094F820200092607F2B4AFFF78FFEFAF7B2
:10B8700031FA4FF0FF31A0612868FDF785FF23788A
:10B88000032B04D12A4B1B78BBB1062323702868F5
:10B89000FDF79DFFCDE72E460746402237F802CB45
:10B8A000013A12F0FF0246F804CBF7D101338030A1
:10B8B00005F58075CBE71346CDE70423E6E7A369DA
:10B8C0006269EB1A9342B4D3A389002B3FF438AFDB
:10B8D000FAF700FA0523206133E7A38922691344AC
:10B8E0009D42BFF42DAFA4E794F82860012E55D1F6
:10B8F000002394F83920238012B184F83930F3E61C
:10B900000B4B1B78D3B1207901F01CFBECE600BF98
:10B910000847002028470020604C002081010020BB
:10B920003D4E0020464A002044490020B44A0020F1
:10B93000484A002044470020B83E0020284D2B787C
:10B94000002B3FF4D1AE274F4FF0FF313868FDF7A1
:10B950001BFFEB78DB0707D4EB7843F00103EB70B8
:10B96000AB780133DBB2AB702279AB7885F823205A
:10B970006A78DBB242B19A4206D3FAF7ABF90123F7
:10B980000026E86285F830303868FDF720FF002E89
:10B990003FF4AAAE052001F0C5F9A5E614262379E7
:10B9A00009250133B3FBF6F206FB1233237120792C
:10B9B00001F0CEFF012801D120703AE70138C0B272
:10B9C000FD2806D923790133B3FBF6F206FB1233C7
:10B9D0002371013D15F0FF05E9D1258084E600BF04
:10B9E0005C4A0020B83E0020014B5878704700BFE9
:10B9F00008470020024601444FF6FF7030B5094D5C
:10BA00008A4200D130BD082412F8013B584040F36F
:10BA100000032B4083EA500398B2631E13F0FF0427
:10BA2000F5D1EDE701A0FFFF0F2873B50E461546CF
:10BA300002D9012002B070BD0029FAD0531E41F690
:10BA4000F7729BB29342F4D800F1C004640320461D
:10BA5000FFF762FD0028ECD104F58050FFF75CFD94
:10BA60000028E6D10B4B294630460093FFF7C2FF72
:10BA70000822ADF8040069462046ADF80650FFF7ED
:10BA8000F3FC0028D5D12A46314604F10800FFF71F
:10BA9000EBFCCFE72154554C0F28F7B50D46164661
:10BAA00003D90124204603B0F0BD0029F9D0002AB3
:10BAB000F7D000F1C0046403082269462046FFF76E
:10BAC000A1FC0028EDD1104B009A9A42E9D141F631
:10BAD000F771BDF80620531E9BB28B42E1D804F1EA
:10BAE00008002946FFF78EFC04460028D9D1BDF88E
:10BAF000067028463946FFF77DFFBDF804308342C3
:10BB0000CFD13780CEE700BF2154554C0F2810B558
:10BB100001D9012010BDC03044032046FFF7FCFCD2
:10BB20000028F6D104F58050FFF7F6FC003818BF66
:10BB30000120EFE7002201210148FAF7DFBC00BF36
:10BB400000080140012202481146FAF7D7BC00BFA5
:10BB50000008014000224FF400410148FAF7CEBC32
:10BB6000000C014001224FF400410148FAF7C6BC25
:10BB7000000C014000224FF480510148FAF7BEBC8E
:10BB8000000C014001224FF480510148FAF7B6BC85
:10BB9000000C014000224FF480610148FAF7AEBC6E
:10BBA000000C014001224FF480610148FAF7A6BC65
:10BBB000000C014000224FF400610148FAF79EBCDE
:10BBC000000C014001224FF400610148FAF796BCD5
:10BBD000000C014000224FF480410148FAF78EBC6E
:10BBE000000C014001224FF480410148FAF786BC65
:10BBF000000C01401FB50023019303934FF4006331
:10BC000000930123694603480293FAF791FB05B0BC
:10BC10005DF804FB000C01401FB54FF0030C00233E
:10BC20004FF4006001218DE80B1069460248FAF7D5
:10BC30007FFB05B05DF804FB000C0140FAF74AB841
:10BC4000094A10B51368044601331360FDF728FA5A
:10BC50000228204603D0BDE81040FAF741B8BDE8FD
:10BC60001040FDF74DBD00BFBC3E00204FF4006109
:10BC70000148FAF73DBC00BF000C01404FF40051F1
:10BC80000148FAF735BC00BF000C0140024618B964
:10BC900002210248FAF732BC704700BF000C014095
:10BCA00020B9012202210248FAF728BC704700BFE0
:10BCB000000C0140034A0A20136801331360FAF7AD
:10BCC0000FB800BFBC3E0020FFF7F4BF2DE9F041E4
:10BCD00086B01022002102A804F023FB344B354C1F
:10BCE0009A69204642F004029A619A694FF4004131
:10BCF00002F004020092009A9A69DFF8BC8042F0D8
:10BD000008029A619B69002203F008030193019BDA
:10BD1000FAF7F4FB204600224FF48041FAF7EEFBDD
:10BD2000204600224FF48051FAF7E8FB40460022FB
:10BD30000121FAF7E3FB204600224FF48061FAF775
:10BD4000DDFB002220464FF40061FAF7D7FB012506
:10BD5000002603274FF48043204602A9CDE902358F
:10BD6000CDE90467FAF7E4FA0223404602A90593F5
:10BD7000CDE902550496FAF7DBFA2A463946204601
:10BD8000FAF7BCFB49F60343204602A9CDE9023588
:10BD9000CDE90467FAF7CCFA4FF40053204602A924
:10BDA000CDE902360495FAF7C3FA06B0BDE8F08192
:10BDB00000100240000C01400008014013B5FFF7DD
:10BDC00085FF0E4801F010FF044698B902F08EF886
:10BDD000044678B9012002F097F901F015FC02F051
:10BDE0009BF900F04FF806490DF10602ADF8064048
:10BDF000FFF752FE204602B010BD00BF1019010827
:10BE00003D4E0020FFF7DABF00231A46C25401332B
:10BE1000202BFBD17047000001220221024B1A7037
:10BE200059709A70704700BF85010020431EDBB235
:10BE3000FD2B9CBF014B1870704700BF850100208F
:10BE400008B1014B987070478501002008B501F0DA
:10BE5000F1FB18B9BDE8084001F0FCBB08BD0000CB
:10BE6000014B1878704700BF85010020014B5878BE
:10BE7000704700BF85010020014B9878704700BFD4
:10BE80008501002001F0E0BB024601444FF6FF703F
:10BE900030B5094D8A4200D130BD082412F8013B6B
:10BEA000584040F300032B4083EA500398B2631ECE
:10BEB00013F0FF04F5D1EDE701A0FFFFF0B5044654
:10BEC000837885B08DF80430C37885798DF8053096
:10BED00003790A218DF8063043798DF808508DF8E2
:10BEE0000730C3798DF80930037A8DF80A30437A28
:10BEF0008DF80B30837A8DF80C30C37A01A88DF859
:10BF00000D30FFF7C1FFE668A6B19DB100220C4FCE
:10BF1000B35C5840082380B240F300013940013B34
:10BF200081EA500013F0FF0380B2F5D1013293B2E1
:10BF30009D42EDD8238A1B1A5842584105B0F0BDE6
:10BF400001A0FFFFF0B50446837885B08DF804307A
:10BF5000C37885798DF8053003790A218DF806308C
:10BF600043798DF808508DF80730C3798DF8093082
:10BF7000037A8DF80A30437A8DF80B30837A8DF886
:10BF80000C30C37A01A88DF80D30FFF77DFFE6680D
:10BF9000A6B19DB100220C4FB35C5840082380B27B
:10BFA00040F300013940013B81EA500013F0FF03E8
:10BFB00080B2F5D1013293B29D42EDD82074000ACF
:10BFC000607405B0F0BD00BF01A0FFFF034610463E
:10BFD000A1F11002422A10B502D96FF0030010BD82
:10BFE0001C7804705A78AA2C427039D1552A37D15E
:10BFF0009A788270DA78C2701A7902715A7942712D
:10C000009A798271DC79422AC4711C7A04725C7A52
:10C0100044729C7A8472DC7AC472DED802F1100415
:10C02000A142DAD103F10C01C16002F10C01595CAB
:10C03000017402F10D01595C417402F10E01595C69
:10C040000F3281749B5C5529C3740CD1AA2B0AD181
:10C05000FFF734FF00280CBF6FF002000020BEE79E
:10C060004FF0FF30BBE76FF00100B8E7F8B555239C
:10C07000AA2704460D46437083740770C77416469A
:10C08000FFF760FFA2792F70637810326B70A3788E
:10C09000AB70E378EB7023792B7163796B71A379C3
:10C0A000AB71E379EB71237A2B72637A6B72A37AAB
:10C0B000AB72E37AEB72E3680BB1A379EBB90C23B3
:10C0C0000AE0E068405C0131E854A77988B200F1E9
:10C0D0000C0387429BB2F4D8217CE954607C591C44
:10C0E00089B26854A07C991C89B26854E17C0333FE
:10C0F0009BB2E95400203280F8BD0021E5E7000042
:10C100002DE9F0471C4603F11008173303F4FC73C4
:10C1100000AFADEB030DAA238DF800305523054683
:10C120008DF80130C3788A468DF80230284B91464D
:10C130001B786E468DF8033001F086FAEB798DF8A6
:10C1400004008DF807302B7A8DF805A08DF80830A3
:10C150006B7A8DF806408DF80930AB7A8DF80A308D
:10C16000EB7A8DF80B303CB1B9F1000F04D02246C8
:10C17000494603A804F061F904F10A01B01CFFF775
:10C1800083FE55233444A373AA23E373AB7820734F
:10C19000FF2B4FEA1020607303D10020BD46BDE89D
:10C1A000F087EB78002BF8D10A4B1B78012B08D1D4
:10C1B00041463046FDF7C2FF0028EED06FF0060082
:10C1C000ECE7002BE9D141463046FEF7FBFEF3E7F2
:10C1D00085010020E14C0020002380211A46FFF752
:10C1E0008FBF07B501238DF807100DF107028121DC
:10C1F000FFF786FF03B05DF804FB10B583790446B2
:10C2000023B90421BDE81040FFF7EBBFC3681A78DB
:10C21000531EDBB2FD2B01D90A21F3E7104601F0D2
:10C22000E3F9034610B106212046EBE702468021E0
:10C230002046BDE81040FFF763BF10B5044601F08B
:10C2400009FA034628B12046BDE810400621FFF751
:10C25000C8BF024680212046BDE81040FFF750BF0E
:10C26000FEF7B0BE00B597B00DF1020201A9FFF7CD
:10C27000FDFE38B9BDF8021001A8FEF7A3FE17B005
:10C280005DF804FB0120FAE700B597B00DF102025A
:10C2900001A9FFF7EBFEBDF8021001A8FDF74EFF64
:10C2A000003818BF012017B05DF804FB2DE9F04FEE
:10C2B00082790446412A89B005D8042109B0BDE835
:10C2C000F04FFFF78EBFC36893F80090B9F1130FDA
:10C2D00001D90A21F2E75E7816F0010617D0442A48
:10C2E0001BD993F8427093F84380022F28BF02278E
:10C2F000B8F10A0F28BF4FF00A0893F844B0384A43
:10C30000A57A5278AA420AD802212046D6E74FF0F1
:10C31000010B4FF00A080227F1E7B346F9E7627A0A
:10C32000013A012A01D90721EFE7DFF8B8A09AF80E
:10C3300000204A4511D0802200212B48059303F0AC
:10C34000F0FF0021294A059B1180617A284A8AF86A
:10C35000009011702179274A117023489A1C00EB34
:10C360008511423352F804CB9A4241F804CBF9D1FB
:10C37000012101FA05F31D4D2A8813431C4A9BB283
:10C3800012782B8026B99140013989B28B4218D19D
:10C39000CDE902B0CDE90078164B48461B78E1792B
:10C3A00001F0FEF9FF238AF8003000232B800346BA
:10C3B00048B91A468021204609B0BDE8F04FFFF782
:10C3C0009FBE3346F5E7062381218DF81F302046B6
:10C3D00001230DF11F02FFF793FE09B0BDE8F08FB6
:10C3E0008501002084010020604C00205E4C00206C
:10C3F0005D4C00205C4C00202DE9F7438379044616
:10C40000412B05D8042103B0BDE8F043FFF7E9BE96
:10C41000D0F80C8098F80050132D01D90A21F2E7CA
:10C42000424B90F80A905B7898F801704B4501D820
:10C430000221E8E7437A013B012B01D90721E2E71A
:10C440003B4E3378AB420ED04FF480720021394816
:10C4500003F067FF0023384A35701380374A138092
:10C46000627A374B1A70334908F10100C7F3400272
:10C4700001EBC91108F1410831F8023B10F801CF76
:10C48000002A39D0DBB243EA0C23804521F8023C74
:10C49000F2D10123DFF8A08003FA09F3B8F8001005
:10C4A0009BB272B3254A11880B431380244BB8F812
:10C4B0000020197801238B40013B9BB29A4207F080
:10C4C000010722D11D4B1B880FB993421FD1194A76
:10C4D000284601F081FAFF2333700023174AA8F899
:10C4E000003013800346A0B91A468021204603B0CD
:10C4F000BDE8F043FFF704BE03F47F4343EA0C03B7
:10C50000C3E70B43A8F80030D0E7002FDFD10023AA
:10C51000EAE7062381218DF80730204601230DF13B
:10C520000702FFF7EDFD03B0BDE8F08385010020B1
:10C53000830100205C4B00205A4B0020584B002008
:10C54000564B002013B5837904462BB9042102B061
:10C55000BDE81040FFF745BEC3681B78132B01D917
:10C560000A21F4E7184601F0C5FA034638B9024635
:10C570008021204602B0BDE81040FFF7C1BD062370
:10C5800081218DF80730204601230DF10702FFF7C6
:10C59000B7FD02B010BD00002DE9F04F82790446CE
:10C5A000042A85B005D8042105B0BDE8F04FFFF797
:10C5B00018BEC3681E780F2E02D90A212046F3E761
:10C5C00041F6F8755888043A92B200EB020AAA457F
:10C5D00003F10401F1D8DFF804815F7898F80030A6
:10C5E000DFF8FC90B34218BF00233E4D48441CBF07
:10C5F0002B8088F8006003F020FF2B889A45C8BF85
:10C60000A5F800A017F001035ED02A88212A4AD994
:10C61000002799F80930BC460F2B28BF0F2330495B
:10C62000019301F10A0E01F1090901F10F0A7B00E2
:10C6300011339A4217D90B7C487C40EA032000F161
:10C6400010039A420FD31EF800B019F800301AF800
:10C65000000043EA0B2303EB4303DB0804334343AB
:10C660009C4538BF9C4601980137FBB2834201F1DB
:10C670000201DCD91C4B1D4919441D4B5B1A9C451A
:10C6800011D9FF2388F8003000232B800A238DF86E
:10C690000F308121012320460DF10F02FFF730FDFD
:10C6A00005B0BDE8F08F30460D49FFF7BDF9FF2317
:10C6B00088F8003000232B80054668B93046FFF724
:10C6C000C5FBFEF757FF2B461A468021204605B0D2
:10C6D000BDE8F04FFFF714BD0623D8E78201002024
:10C6E0003D4E0020544B00200008000058700020F0
:10C6F00000C0002037B5837904462BB9042103B06C
:10C70000BDE83040FFF76DBDC3681B780F2B01D922
:10C710000A21F4E71846FFF7F9F9054650B9FEF784
:10C7200029FF2B462A468021204603B0BDE8304031
:10C73000FFF7E6BC062381218DF807302046012350
:10C740000DF10702FFF7DCFC03B030BD13B58379B0
:10C750000446052B05D8042102B0BDE81040FFF7C0
:10C7600040BDC36899881868FEF70AFB034638B9CC
:10C7700002468021204602B0BDE81040FFF7C0BC51
:10C780000A2381218DF80730204601230DF107028D
:10C79000FFF7B6FC02B010BD13B582790446042A37
:10C7A00005D8042102B0BDE81040FFF71ABDC368E8
:10C7B000053AD3F80100591D92B2FEF70DFB03466E
:10C7C00038B902468021204602B0BDE81040FFF78C
:10C7D00097BC0A2381218DF80730204601230DF1F3
:10C7E0000702FFF78DFC02B010BD13B50446FEF73B
:10C7F0001DFB48B1062381218DF807302046012317
:10C800000DF10702FFF77CFC02B010BD1FB5044616
:10C810000DF1020201A90DF10100FEF78DFB9DF85B
:10C82000013080218DF80830019B20461A0A8DF8CE
:10C8300009308DF80A201A0C1B0E8DF80C30BDF84B
:10C8400002308DF80B208DF80D301B0A8DF80E305C
:10C8500002AA0723FFF754FC04B010BD73B5837917
:10C8600004462BB9042102B0BDE87040FFF7B9BC03
:10C87000C3681E78132E01D90A21F4E7304600F070
:10C8800087FF054658B9304601F034F92B462A4651
:10C890008021204602B0BDE87040FFF731BC06237E
:10C8A00081218DF80730204601230DF10702FFF7A3
:10C8B00027FC02B070BD70B5044601F07FF8054654
:10C8C00028B12046BDE870400621FFF78ABC01F080
:10C8D00019F92B462A462046BDE870408021FFF713
:10C8E0000FBC00002DE9F743837904462BB90421DE
:10C8F00003B0BDE8F043FFF774BCC36893F8008051
:10C90000B8F1130F01D90A21F2E7FEF7D7FE002292
:10C91000274B1A73A379012B18D9E3685D789542E8
:10C9200008BF0F25404601F013F8012807460FD035
:10C930000A238DF805008DF804300223812120465A
:10C9400001AAFFF7DDFB03B0BDE8F0830125E9E7AD
:10C950004FF47A73174E5D433378ABB1DFF85890DC
:10C960004FF0FF31D9F80000FCF70EFF0023F01C58
:10C97000756286F8287086F82380B370FFF744FA52
:10C98000D9F80000FCF723FF012229464046FEF7B4
:10C990003DFE034620B14FF48573ADF80430CCE77B
:10C9A00002468021204603B0BDE8F043FFF7A8BB54
:10C9B000484A00205C4A0020B83E002073B58379C5
:10C9C00004462BB9042102B0BDE87040FFF709BC52
:10C9D000C3681D78132D01D90A21F4E7FEF76EFE16
:10C9E00000221C4B28461A7300F0B2FF01280146B2
:10C9F0000CD00A238DF805008DF804300223812124
:10CA0000204601AAFFF77CFB02B070BD124E86F8EB
:10CA10003900A379012B04D9E3685978002908BFAC
:10CA20000A214FF47A73012259432846FEF7EEFD9E
:10CA3000034638B1002386F839304FF48573ADF8DA
:10CA40000430DBE702468021204602B0BDE870409A
:10CA5000FFF756BB484A00200847002010B504469F
:10CA6000FEF72CFE00210948094B80F8301080F8B1
:10CA70005110817003301973FFF7C6F90B460A464F
:10CA80002046BDE810408021FFF73ABB5C4A0020F9
:10CA9000484A002010B5044600F05CFE28B120464C
:10CAA000BDE810400621FFF79CBB00F0D3FD034614
:10CAB0000028F4D1024680212046BDE81040FFF74F
:10CAC0001FBB000070B5174B174E1B780446012B97
:10CAD0000CBF01230023337002D00A21204602E05C
:10CAE000837923B90421BDE87040FFF77ABBC3689E
:10CAF0001D78FD2DF1D8284600F08CFD08B10621E7
:10CB0000ECE7681CC0B27570FFF79AF900F0A2FD5F
:10CB100003460028F3D1024680212046BDE870403C
:10CB2000FFF7EEBA850100205C4A002070B51E4B6D
:10CB3000A4B01B78834232D19BB3132931D81B4A4E
:10CB400001AB002016461D461178073303F8071C79
:10CB50005178083203F8061C06EBC0014C880130FE
:10CB600003F8054C240A03F8044C8C8812F8021CC4
:10CB700003F8034C14284FEA142403F8024C03F87A
:10CB8000011CE1D14FF48010FEF7C6FC28B98C22BD
:10CB900029464FF48010FEF767FC24B070BD0020DA
:10CBA000FBE70120F9E700BF85010020B44A00201F
:10CBB00037B583790446082B0AD00A2381218DF8E2
:10CBC00007300DF107020123FFF79AFA03B030BDD9
:10CBD000C268C37911781329EFD8104800789842B9
:10CBE00013D155780E4B03F83150957803EBC10300
:10CBF0005D70B2F803505D80B2F805509D80D27927
:10CC00009A710122DA71FFF791FF002380211A4601
:10CC1000204603B0BDE83040FFF772BA850100201E
:10CC2000B44A00202DE9F3470026244C3746A1469C
:10CC3000DFF88C8098F800A0BAF1000F39D0C6EB6D
:10CC4000C6000722694600F58010F500FEF7DAFB02
:10CC500088BB98F80030534514D19DF80030022B62
:10CC600019D823709DF80130BDF80220637009EBDC
:10CC700005035A80BDF804209A809DF80630A37100
:10CC80000123E3710136142E04F10804D2D1384691
:10CC900002B0BDE8F087022323700A23637009EB1A
:10CCA00005039870D870187158710123E071A37151
:10CCB000E8E70127E6E70746E4E700BFB44A0020BB
:10CCC000850100204FF48010FEF726BC10B5134CF0
:10CCD00000215822204603F024FB114B1B785A1EDA
:10CCE00053425341237000F09FFC00216070E01C10
:10CCF000A170FFF789F843F698236362012304F1DA
:10CD0000310084F8231084F82830E16284F8301070
:10CD1000FFF77AF884F85110616510BD5C4A002075
:10CD20008501002038B5064D04462B7833B1012328
:10CD300085F85130F8F7CEFF04446C6538BD00BF6C
:10CD40005C4A00202DE9F0434FF014093E4C4FF0AF
:10CD5000000894F8233087B00133B3FBF9F209FBE4
:10CD6000123707EB0805B5FBF9F309FB1355EDB2D4
:10CD7000284600F0EDFD0128064639D14FF47A72BD
:10CD8000636A324FB3FBF2F38DF801301B0A8DF862
:10CD9000023094F828308DF800508DF80330FF23CE
:10CDA0008DF806303B788DF8073000F04DFC1E23DF
:10CDB0008DF8093004238DF80A303B788DF808008F
:10CDC0008DF80B30637801A801338DF80C307B7837
:10CDD000CDF810D08DF80D300023ADF80E30FFF7F0
:10CDE00041FA022807460BD13046FFF79BFF04E0CB
:10CDF00008F10108B8F1140FB3D107B0BDE8F08312
:10CE00000028FAD1DFF84880FEF758FC3246616A04
:10CE10002846FEF7FBFB4FF0FF31D8F80000FCF787
:10CE2000B3FC0C4884F82350A770FEF7EDFFF8F729
:10CE300051FFE062084884F83060FEF7E5FFD8F85B
:10CE40000000FCF7C4FCD8E75C4A00208501002004
:10CE5000B83E00205F4A00208D4A0020F8B52B4CD8
:10CE600094F8513053B1F8F735FF636DC01A0028BC
:10CE700004DB002384F85130FFF764FF244D4FF0AA
:10CE8000FF312868FCF780FC237813B194F8303028
:10CE900023B92868FCF79BFC0020F8BDFEF7A4FD31
:10CEA00030B1E378D90703D4F8F714FFE062F0E774
:10CEB000F8F710FFE36AC01A44F61F639842E8D9F6
:10CEC000144E00214FF0010C06F12E070FE04B1C11
:10CED000C3F3C400325CD9B203F007031A41D2078E
:10CEE00005D43A5C0CFA03F31343DBB23B5463788A
:10CEF0008B42ECD80026286884F83060FCF767FC89
:10CF00003046FFF70FFF0120C7E700BF5C4A002053
:10CF1000B83E00205F4A002008B5084B12220021CD
:10CF2000184603F0FEF9064A1278013A18BF0122AA
:10CF300000F8022C012200F8012C08BD4A4A00200A
:10CF400085010020F8B50E4D06462B78B3B10D4B88
:10CF50000D4F1C7814234FF0FF313868023C5C43BE
:10CF6000FCF712FC01236E73AB73F8F7B3FE204499
:10CF700028613868BDE8F840FCF729BCF8BD00BF5F
:10CF8000484A002085010020B83E00202DE9F041EC
:10CF9000394C86B02378002B6BD0DFF8E0804FF05F
:10CFA000FF31D8F80000FCF7EFFBA57B002D5AD02D
:10CFB000257B002D5AD1F8F78DFE23690126C01A72
:10CFC000002851DB677BA5732673A570F8F782FEF6
:10CFD0006060F8F77FFEA0603546D8F80000FCF7E7
:10CFE000F6FB2DB3264D62782B788DF800708DF806
:10CFF00001308DF807308DF8062000F025FB18234E
:10D000008DF8093002238DF80A302B788DF808004E
:10D010008DF80B30AB7801A88DF80C306B78CDF81B
:10D0200010D08DF80D300023ADF80E30FFF71AF94F
:10D03000FEB94FF0FF31D8F80000FCF7A5FB257BC7
:10D04000D8F80000FCF7C3FB9DB14FF0FF31D8F8D2
:10D050000000FCF799FBD8F80000267306B0BDE885
:10D06000F041FCF7B4BB2E462F46B6E70026374604
:10D07000B2E706B0BDE8F081484A0020B83E002083
:10D080008501002010B5074C4FF0FF312068FCF7F8
:10D090007BFB0022044B20681A739A70BDE8104095
:10D0A000FCF795BBB83E0020484A0020F8B51E4D5D
:10D0B0002B78A3B18379012B33D9C3681B4F5C78DC
:10D0C0004FF0FF31013C3868E4B21E78FCF75CFB9E
:10D0D000386814B16B78A34203D2FCF778FB0020C8
:10D0E000F8BDE208E91C8B5C04F007042341DB0770
:10D0F000F3D401278B5C07FA04F42343DBB28B548F
:10D10000AB7885F823603B44DBB2AB70AC786E78CB
:10D11000E4B2FCF75CFBA642E1D20520FFF702FE79
:10D12000DDE76FF00500DBE75C4A0020B83E002039
:10D13000F8B5144D2A78FAB18279032A1ED9C3684A
:10D14000114C1E78B3F80170002380211A46FEF7B7
:10D15000D7FF4FF0FF312068FCF716FBFEF7AEFA61
:10D160004FF47A7100230122304679432B73FEF786
:10D170004DFA2068FCF72BFB0020F8BD6FF005008E
:10D18000FBE700BF484A0020B83E00202DE9F041EF
:10D1900004468078431EDBB2FD2B03D8894B1B78F5
:10D1A000834221D16379292B26D8132B06D9864AAD
:10D1B000A3F11401C9B2CA40D2072DD4217A99B182
:10D1C000E2798AB191420FD3627A511E01290BD8BC
:10D1D000A17A914208D2E27A3F2A05D8A279422A5E
:10D1E00002D8FAB1E268EAB90A212046FEF7F9FF4F
:10D1F0006FF00500BDE8F08183F08002052ADDD8DC
:10D20000FF2811D1802B00F0CA807F33DBB2042BC2
:10D2100000F2D1800020EDE7A279422AE4D8FF286D
:10D220000BD001E0FF2803D0664A12788242F1D188
:10D23000292BE7D8002B00F0BE80013B282B00F201
:10D24000BA80DFE803F015B81A1F3DB8B8B8B8B80F
:10D25000B8B8B8B8B8B8B8B824292E333884B842AA
:10D26000474C75897A8EB8B8B8937F989DA2A7006D
:10D270002046BDE8F041FEF7AFBF2046BDE8F041D3
:10D28000FEF7BBBF2046BDE8F041FEF7D6BF204603
:10D29000BDE8F041FFF70AB82046BDE8F041FFF7CE
:10D2A000DDBA2046BDE8F041FFF705BB2046BDE8EA
:10D2B000F041FFF717BB2046BDE8F041FFF7CEBBBA
:10D2C0002046BDE8F041FFF7E5BB2046BDE8F04150
:10D2D000FFF7F8BB2046BDE8F041FFF769BCFFF758
:10D2E000F1FCA0220021394803F01BF80022374B43
:10D2F0004FF0020C1E460A271046012506EBC2011C
:10D300000132142A83F800C05F708870C8700871F9
:10D31000487103F1080303F8025C03F8015CEDD1E6
:10D3200000232046BDE8F0411A468021FEF7E8BE02
:10D330002046BDE8F041FFF741BB2046BDE8F04183
:10D34000FFF75AB82046BDE8F041FFF7FBB820468A
:10D35000BDE8F041FFF7AABE2046BDE8F041FFF767
:10D36000E7BE2046BDE8F041FFF716B92046BDE80C
:10D37000F041FFF7BFB92046BDE8F041FFF7E6B93D
:10D380002046BDE8F041FFF707BA2046BDE8F0416E
:10D39000FFF72BBA2046BDE8F041FFF737BA0C4B38
:10D3A0001A78002A3FF436AF1B7B002B3FF432AFD4
:10D3B000FFF768FE2EE70A212046FEF712FF6FF006
:10D3C000040017E7850100205F143D00B44A0020E7
:10D3D000484A002070B5CAB069460AA8FDF770FE39
:10D3E00068B30022174BBDF800101A700AA805AAEE
:10D3F000FEF7ECFD18BB144E9DF8175033789D4294
:10D400001DD09DF81640FF2C01D0A34202D105A8E3
:10D41000FFF7BCFE0D4B1B788BB19DF91930002B2B
:10D420000DDA64B93378AB4209D00DF1020201A9DB
:10D4300005A8FEF71BFE10B905A8FEF725FF4AB0A8
:10D4400070BD00BFE14C002085010020E04C0020B1
:10D450002DE9F0430A241A4FDFF86880DFF868905E
:10D46000C7B04FF480710DF1020206A8FCF79CFED4
:10D47000A8B10123BDF8026001AA314606A83B709D
:10D4800088F80030FEF7A2FD28B99DF807304BB1AF
:10D4900001A8FFF77BFE013C14F0FF04E1D147B087
:10D4A000BDE8F0839DF8065099F80030AB42EFD00C
:10D4B000314606A8FEF7D4FEFF2DECD1E8E700BF09
:10D4C000E04C0020E14C00208501002070B50023D5
:10D4D00004464FF6FF700B4E1A1F92B2012A0CD968
:10D4E000E25C5040082240F300053540013A85EAED
:10D4F000500012F0FF0280B2F5D101339AB28A4295
:10D50000EAD370BD01A0FFFF30B5ADF20C4D05466A
:10D5100040F20242002001A9FDF774FF044660BBFF
:10D52000019BB3F1A53F2CD19DF81040012C28D1CF
:10D530009DF80A30013BDBB2FD2B1ED89DF812305E
:10D54000132B1AD89DF81330BBB140F2024101A849
:10D55000FFF7BCFFBDF8083083420ED12A4601AB6D
:10D5600005AD1C4603CCAC4210605160234602F16D
:10D570000802F6D123880024138020460DF20C4DBA
:10D5800030BD0124F9E7000070B5ADF5816D40F2C2
:10D590000242FF2101A802F0C4FE124B01AA1D465F
:10D5A00003F11006144618685968083303C4B342DF
:10D5B0002246F7D11B8840F20241238001A8FFF7E1
:10D5C00085FFADF80800A8800020FDF7A5FF38B959
:10D5D00040F2024201A9FDF747FF0DF5816D70BDD4
:10D5E0000120FAE7E24C0020421ED2B2FD2A08B523
:10D5F00005D8044A9071FEF719FC002008BD0120EF
:10D60000FCE700BFE24C0020014B9879704700BF57
:10D61000E24C0020FD289DBF024BD8710020012064
:10D62000704700BFE24C0020014BD879704700BF23
:10D63000E24C00200F289DBF024B587400200120AF
:10D64000704700BFE24C0020014B587C704700BF80
:10D65000E24C0020024A936801339360FFF794BFC5
:10D66000E24C00206FF05A0108B50E4B0022012059
:10D67000197059709970D9700F219871DA711873F7
:10D680001A725A729A72DA725A739A73D9731A7436
:10D690005A741A715A71FEF7C9FBBDE80840FFF7CA
:10D6A00073BF00BFE24C002070B586B001A8FFF741
:10D6B0002BFF274C002833D1224601AB05AE1D4677
:10D6C00003CDB542106051602B4602F10802F6D13D
:10D6D0002B881380FDF7D6FA0346DBB2000C13BB90
:10D6E00070B1FE2828BFFE20C0B2FFF77DFFFFF714
:10D6F000B1FFFDF735FBC820F8F7F2FAFDF720FB84
:10D70000E379A079FD2B84BF0023E371FEF78EFB44
:10D71000E0790130C0B206B0BDE87040FEF790BBC2
:10D72000FFF7A0FFD6E7FD2828BFFD20C0B2FFF716
:10D7300071FFFFF78FFFFDF713FBC820F8F7D0FA52
:10D74000FDF7FEFAC820F8F7CBFAFDF709FBD7E79B
:10D75000E24C002000200F22024B58739873DA73BA
:10D7600018747047E24C002010B510B1074C647B70
:10D77000047011B10548807B087012B10349C97B60
:10D78000117013B1014A127C1A7010BDE24C0020D6
:10D79000132803D802300003FDF7BEBE01207047F6
:10D7A0002DE9F0411328A6B00646884615461F46C7
:10D7B0002F9C60D8531E012B5DD8002C5BD0FDF749
:10D7C000CFFA9422FF2101A802F0ABFD2B4B8DF87C
:10D7D0000A7000939DF8B03000278DF80B309DF84B
:10D7E000B43004978DF80C309DF8B8308DF8066091
:10D7F0008DF80D3001238DF807808DF80E308DF8EF
:10D800000950F8F767FA2346ADF80470059006ACA6
:10D8100003F14007224618685968083303C2BB4227
:10D820001446F7D1022D0AD116AC03F14007224667
:10D8300018685968083303C2BB421446F7D1AD01DA
:10D84000183529466846FFF741FE02363603ADF823
:10D8500004003046FDF760FE044628B1FDF770FA7B
:10D86000204626B0BDE8F0812A4669463046FDF7DD
:10D87000FBFD0446F2E70124F2E700BFC0D0D0C0B0
:10D880002DE9F04F1328A7B00C4690461F46DDF84F
:10D89000C09004D90125284627B0BDE8F08F0029A3
:10D8A000F8D0002AF6D0002BF4D002309822694636
:10D8B0000003FDF7A7FD05460028ECD1234B009A95
:10D8C0009A42E7D19DF809A068464FEA8A1606F108
:10D8D0001801FFF7FBFDBDF804308342DAD106AA38
:10D8E000A3199C421FD19DF80A3088F800A03B7014
:10D8F000B9F1000F03D09DF80B3089F80030319B4F
:10D900001BB19DF80C30319A1370329B1BB19DF8FE
:10D910000D30329A1370339B002BBCD09DF807302A
:10D92000339A1370B7E79646A44602F1400B764649
:10D9300003CE5E45CCF80000CCF80410B6460CF1DE
:10D94000080CF4D140344032CBE700BFC0D0D0C087
:10D9500030B51328ADB003D9FF2528462DB030BD12
:10D9600002300403182269462046FDF74BFD0546A8
:10D970000028F1D1104B009A9A42EED19DF809206F
:10D98000531E012BE8D89DF80E50012DE4D19201D1
:10D990002046183206A9FDF735FD0028DCD19DF898
:10D9A000091006A889011831FFF790FDBDF8043071
:10D9B0008342D2D0D0E700BFC0D0D0C010B54FF462
:10D9C00000542046FDF7A8FD20B904F58054B4F5B5
:10D9D000B03FF6D110BD000070B5132805460C46C7
:10D9E0001646C4B043D84B1E012B40D8002A3ED067
:10D9F000FDF7B6F94FF48872FF21684602F091FCFA
:10DA00001C4B8022009340F20113ADF80830002334
:10DA1000314604A88DF806508DF807400393ADF801
:10DA20000430ADF80A3002F008FD022C04D1802247
:10DA300024A8B11802F001FDE40110342146684623
:10DA4000FFF744FD22352E03ADF804003046FDF704
:10DA500063FD054620B1FDF773F9284644B070BD5B
:10DA6000224669463046FDF7FFFC0546F3E70125EF
:10DA7000F3E700BF45504950F0B513280D46164650
:10DA8000C5B003D90124204645B0F0BD0029F9D026
:10DA9000002AF7D022304FF4887269460003FDF760
:10DAA000B1FC04460028EED1009A114B9A42E9D10C
:10DAB0009DF80930012BE5D19DF807707B1E012BE5
:10DAC000E0D8F90168461031FFF700FDBDF80430D9
:10DAD0008342D7D18022284604A902F0AEFC022F4F
:10DAE00004D1802224A9A81802F0A7FC3770CAE745
:10DAF00045504950132803D822300003FDF70CBDD0
:10DB00000120704710B54FF408342046FDF704FD9E
:10DB100020B904F58054B4F5583FF6D110BD00008B
:10DB20002DE9F3472E4B05461B680E469DF82880CD
:10DB30009DF82C900C9F002B4FD0062A28BF062260
:10DB4000284B03EBC203D3F804A000F077F9044696
:10DB500090BB0A2000F070F9AC42E0B230D1013C39
:10DB6000E4B22146002001F02BFA012000F064F914
:10DB70002146002001F0FCF9012000F05DF900F0E1
:10DB80005DF90546C0B900F0F3F82146284601F0DA
:10DB900029FD642000F050F92146284601F0F5F9EE
:10DBA00000F04CF940B94FF47A7000F045F900F0FC
:10DBB000E9F80A2000F040F9002002B0BDE8F08743
:10DBC00006EB84113FB107EB042300934A4643461A
:10DBD000D0470134C0E73B46F7E76FF00300ECE7BE
:10DBE000384E00206C190108A8B10368B3B143682E
:10DBF000A3B1836893B1C36883B1036973B1436907
:10DC000063B1836953B1C36943B1836C33B1054BCD
:10DC10001860002070474FF0FF3070476FF0010030
:10DC2000704700BF384E0020034B1B6813B19B6C3C
:10DC300003B11847704700BF384E0020054B1B68E2
:10DC400033B11A6D02B110479B6C0BB10A20184713
:10DC5000704700BF384E0020034B1B6813B11B6C8C
:10DC600003B11847704700BF384E0020034B1B68B4
:10DC700013B15B6C03B11847704700BF384E0020EA
:10DC8000034B1B6813B11B6803B11847704700BFF3
:10DC9000384E0020034B1B6813B15B6803B1184773
:10DCA000704700BF384E0020034B1B6813B19B68C0
:10DCB00003B11847704700BF384E0020034B1B6864
:10DCC00013B1DB6803B11847704700BF384E00201E
:10DCD000034B1B6813B11B6903B11847704700BFA2
:10DCE000384E0020034B1B6813B15B6903B1184722
:10DCF000704700BF384E0020034B1B6813B19B696F
:10DD000003B11847704700BF384E0020034B1B6813
:10DD100013B1DB6903B11847704700BF384E0020CC
:10DD2000034B1B6813B11B6A03B11847704700BF50
:10DD3000384E0020034B1B6813B15B6A03B11847D0
:10DD4000704700BF384E0020034B1B6813B19B6A1D
:10DD500003B11847704700BF384E0020034B1B68C3
:10DD600013B1DB6A03B11847704700BF384E00207B
:10DD7000034B1B6813B11B6B03B11847704700BFFF
:10DD8000384E0020034B1B6813B15B6B03B118477F
:10DD9000704700BF384E0020034B1B6813B19B6BCC
:10DDA00003B1184700207047384E002070B5064672
:10DDB0000C460825FFF782FFFFF7D0FF230615D595
:10DDC000FFF786FF00BFFFF797FF00BF013DFFF79A
:10DDD0009DFF640015F0FF05E4B2EFD1FFF782FF6D
:10DDE00000BF3046FFF760FF00BF70BDFFF77AFF4E
:10DDF000E8E770B506460C460825FFF75FFFFFF71A
:10DE0000A3FF230615D5FFF763FF00BFFFF774FFDD
:10DE100000BF013DFFF77AFF640015F0FF05E4B293
:10DE2000EFD1FFF75FFF00BF3046FFF73DFF00BFB8
:10DE300070BDFFF757FFE8E7FFF7F6BE10B541F2F8
:10DE4000883401F088F808B1002007E00120FFF7CE
:10DE5000EBFE013CF5D10120014B187010BD00BF55
:10DE6000F54C002070B50546FFF7E8FF044610BBEF
:10DE70002846FFF723FFFFF767FFFFF7F7FE00BF16
:10DE800008266400E4B200BFFFF736FFFFF784FF07
:10DE900008B144F0010400BFFFF738FF013EF0D1A4
:10DEA000FFF7DAFEFFF71EFF00BF2846FFF7FCFE74
:10DEB00000BF204670BDFF24FBE70000014B18782F
:10DEC000704700BFF54C00200022014B1A707047CC
:10DED000F54C002008B501F02DF80A20FFF7A4FE4C
:10DEE000FFF7ACFFB0FA80F0400908BD38B54B4BE6
:10DEF0001B68002B00F08F8001F01CF80A20FFF750
:10DF000093FE40220021464802F00BFA4FF4807243
:10DF10000021444802F005FA02220E21424B172448
:10DF20001A70424B424A19700F231370414A4248FB
:10DF300013701422027041480125047040480024E7
:10DF4000037040480370404B3220197003233F494F
:10DF50000B703F490B703F490B703F490C703F49B4
:10DF60000C703F490C703F490C703F490C703F49A1
:10DF70000C703F490A703F4908703F490A700A22F5
:10DF80003E490A703E490A7005223E490A703E49E0
:10DF90000A703E4A15703E4A15703E4A15703E4A58
:10DFA00015703E4A15703E4A15703E4A13703E4A3F
:10DFB00013703E4A13703E4A13703E4A13703E4A35
:10DFC00013703E4A13703E4B1C703E4B1D703E4B0F
:10DFD0001D703E4B1D703E4B1D703E4B1D703E4BE9
:10DFE0001D703E4B1C703E4B1C703E4B1C703E4BDC
:10DFF0001C703E4B1C703E4B1C703E4B1C703E4BCD
:10E000001C703E4B1C703E4B1C7000F0CDF820463F
:10E010003C4B1D7038BD6FF00300FBE7384E00200D
:10E02000F84D0020F84C00200A6F0020FC6E002004
:10E03000FB6E0020FA6E0020F96E0020F86E0020C2
:10E04000F76E0020F66E0020F56E0020F46E0020C2
:10E05000F36E0020F26E0020F16E0020F06E0020C2
:10E06000EF6E0020EE6E0020ED6E0020EC6E0020C2
:10E07000036F0020026F0020016F0020006F00205E
:10E08000FF6E0020FE6E0020FD6E0020EB6E002073
:10E09000EA6E0020E96E0020E86E0020E76E0020A6
:10E0A000E66E0020E56E0020E46E0020E36E0020A6
:10E0B000E26E0020E16E0020E06E0020DF6E0020A6
:10E0C000DE6E0020DD6E0020DC6E0020DB6E0020A6
:10E0D000DA6E0020D96E0020D86E0020D76E0020A6
:10E0E000D66E0020D56E0020D46E0020096F00206F
:10E0F000086F0020076F0020066F0020056F0020CA
:10E10000046F0020F44C0020012804BF014B18705C
:10E11000704700BF8C010020014B1870704700BF92
:10E120008B010020014B1878704700BF8B01002045
:10E1300038B51B4B05461B7853B3FFF77FFE0446EB
:10E1400048BB0A20FFF770FD284600F008FF0A20B0
:10E15000FFF76AFD284600F002FF0A20FFF764FD82
:10E16000284600F0FCFE05460A20FFF75DFD022D63
:10E1700005D9033DEDB22F2D9CBF0A4B5C57E0B291
:10E1800000F03AFE50B900F037FE6FF0040038BDE1
:10E190006FF00200FBE76FF00500F8E70020F6E7FC
:10E1A000F44C0020A419010810B5064C23783BB9A3
:10E1B00040F2C4620449054802F03FF9012323708C
:10E1C00010BD00BF3C4E0020700F01083D4E0020E6
:10E1D00040F2C46208B50449044802F02EF9012255
:10E1E000034B1A7008BD00BF700F01083D4E0020A0
:10E1F0003C4E00202DE9F041C0B06F460E4605466A
:10E20000394600234024013C14F0FF0441F8043B4C
:10E210001344F8D106F00F08252E08BF04F00F02B2
:10E22000214604F1010418BF4246284657F8043B32
:10E23000E4B201F003F9402CEED100232846194640
:10E24000252201F0FBF8002325223F21284640B07B
:10E25000BDE8F04101F0F2B8F0B5C1B0054668463E
:10E26000002340240746469E013C14F0FF0440F87A
:10E27000043B1344F8D11048402200EB851002F013
:10E2800036F80E48002E14BF314639464FF48072DE
:10E2900000EB052002F02BF82346214628462522D4
:10E2A00001F0CCF8234625223F21284641B0BDE8A5
:10E2B000F04001F0C3B800BFF84D0020F84C00203A
:10E2C0002DE9F04FADF5117D0D469DF86812904691
:10E2D000019106469946DDF86CA2FFF723FF10AFC7
:10E2E0000446002238464FF0400B01990BF1FF33F2
:10E2F00013F0FF0B40F8042B4244F7D1F9B15C4610
:10E3000094B13F2C2ED02A78E1B2252A0FD10C2CC3
:10E3100001D0342C02D10023372202E03B6801F007
:10E320000F02304601F08AF801340437E8E70C2C7C
:10E33000F1D0342CEFD03B6802F00F02F1E7A64891
:10E340002946A64D402200EB861001F0D0FF05EBD8
:10E350000625BAF1000F15D04FF4807251462846B9
:10E3600001F0C5FF002330461946252201F066F86A
:10E37000002325223F2130460DF5117DBDE8F04FE9
:10E3800001F05CB8B9F10A0F00F2E081DFE819F0A2
:10E3900072009D000B004200C9000D016901DE0101
:10E3A0009201DE01BE01DFF838C202AFBCE80F0007
:10E3B0000FC7BCE80F000FC7BCE80F000FC79CE8F1
:10E3C00003000E23013CB4FBF3F203FB124487E885
:10E3D000030002AB4FF48072824950A853F82440E6
:10E3E00002F02BF81E235C43002350AA01330C2BB0
:10E3F00002F10402FAD0342BF8D03F2B06D14FF4AF
:10E40000807250A9284602F018F8ABE71168214441
:10E410001160EBE7DFF8D0C102AFBCE80F000FC717
:10E42000BCE80F000FC7BCE80F000FC79CE8030053
:10E430000E23013CB4FBF3F203FB124487E8030014
:10E4400002AB4FF48072694950A853F8244001F0A0
:10E45000F4FF1E235C43002350AA01330C2B02F16E
:10E460000402FAD0342BF8D03F2BC8D011682144D5
:10E470001160F2E7DFF878C102AFBCE80F000FC708
:10E48000BCE80F000FC79CE807000E23013CB4FB5B
:10E49000F3F487E8070002AB4FF48072554950A8A7
:10E4A00053F8244001F0C9FF1E235C43002350AA07
:10E4B00001330C2B02F10402FAD0342BF8D03F2B9D
:10E4C0009DD0116821441160F2E7DFF82CC102AF42
:10E4D000BCE80F000FC7BCE80F000FC79CE807009F
:10E4E0000E23013CB4FBF3F487E8070002AB4FF4C2
:10E4F0008072424950A853F8244001F09EFF1E2329
:10E500005C43002350AA01330C2B02F10402FAD021
:10E51000342BF8D03F2B3FF472AF116821441160C7
:10E52000F1E704F1FF3CBCF1290F27D8344F50AC80
:10E530000FCF0FC40FCF0FC497E807000E23BCFB0B
:10E54000F3F384E8070050AA52F8234029494FF416
:10E55000807250A801F071FF1E225443002250A97E
:10E5600001320C2A01F10401FAD0342AF8D03F2AF2
:10E570003FF445AF086820440860F1E77F3C1B2C5E
:10E5800011D8204F50AC0FCF0FC40FCF0FC497E856
:10E5900007000E23BCFBF3FC84E8070050AB53F8E4
:10E5A0002C401649D3E70024FBE704F1FF3CBCF103
:10E5B000290F29D8134F50AC0FCF0FC40FCF0FC462
:10E5C00097E807000E23BCFBF3F384E8070050AA8A
:10E5D00052F8234009492BE0F84D0020F84C002068
:10E5E00034160108D41C01086C160108D41B01085C
:10E5F000A4160108D41A0108D0160108D41901087C
:10E60000FC160108281701087F3C1B2C27D8514F06
:10E6100050AC0FCF0FC40FCF0FC497E807000E23E5
:10E62000BCFBF3FC84E8070050AB53F82C404A498C
:10E630004FF4807250A801F000FF1E2254430022C4
:10E6400050A901320C2A01F10401FAD0342AF8D081
:10E650003F2A3FF4D4AE086820440860F1E7002464
:10E66000B8E7671E292F02D97F3C1B2C1FD80E2329
:10E67000B7FBF3F3394A13F0010B394918BF1146C0
:10E680004FF4807250A801F0D8FE002207EB8707F4
:10E6900050A901320C2A01F10401FAD0342AF8D031
:10E6A0003F2A3FF4ACAE086838440860F1E7002721
:10E6B0002B49E5E7621E292A03D9A4F17F011B2912
:10E6C00021D80E23B2FBF3F212F0010F234A2449A2
:10E6D00008BF1146C4F19A044FF4807250A801F0AB
:10E6E000ACFE002204EB840450A901320C2A01F193
:10E6F0000401FAD0342AF8D03F2A3FF480AE0868EB
:10E7000020440860F1E700241549E5E701F0ACFC7E
:10E71000031E03F00103B8BF5B429BB253B93F2213
:10E7200047F82230013A511C4344F9D14FF480722A
:10E7300010A967E6012BF9D100224023013B13F019
:10E74000FF0347F8042B4244F8D1EFE74FF48072FF
:10E75000394657E6FC160108D41A0108D41B0108F3
:10E76000D41C01081FB54FF0000C8DF80F100121CB
:10E77000CDE9001C0DF10F01FFF7A2FD05B05DF81A
:10E7800004FB13B5049C019400240094FFF798FD4A
:10E7900002B010BD2DE9F04FADF5037D17469DF891
:10E7A000302289469A4601920546DDF834B2FFF7D9
:10E7B000B9FC02AE0446002130464023B046019A1F
:10E7C000013B13F0FF0340F8041B3944F8D1C2B3F6
:10E7D0001C4605F00107E1B2AFB9B4B90134402CD1
:10E7E00006F10406F7D1002328461946252200F039
:10E7F00025FE002325223F2128460DF5037DBDE897
:10E80000F04F00F01BBE3F2CEDD099F80020A1F195
:10E810001003252ADBB20CD1022B03D817B1002339
:10E82000372202E0336801F00F02284600F006FEAE
:10E83000D4E7022B01D8002FF1D1336802F00F0288
:10E84000F3E7BC484022494600EB851001F04FFD3C
:10E85000BBF1000F08D0B8484FF48072594600EB66
:10E86000052001F044FDBEE7BAF10A0F00F25E8117
:10E87000DFE81AF052006F000B003300BC008C0080
:10E88000EC005C0113015C013C010E23013CB4FB74
:10E89000F3F203FB1244A94B05F0010153F82440A5
:10E8A000A74B4FF4807203EB012142A801F0C5FD94
:10E8B0001E235C43002342AA01333F2B08D14FF4AF
:10E8C000807242A99C4800EB052001F0B6FD8AE762
:10E8D00052F8041F21441160EEE70E23013CB4FB03
:10E8E000F3F203FB1244974B05F0010153F8244067
:10E8F000954B4FF4807203EB012142A801F09DFD7E
:10E900001E235C43002342AA01333F2BD7D052F889
:10E91000041F21441160F7E70E23013CB4FBF3F41C
:10E920008A4B05F0010153F82440894B4FF4807263
:10E9300003EB012142A801F080FD1E235C4300236C
:10E9400042AA01333F2BBAD052F8041F2144116070
:10E95000F7E70E23013CB4FBF3F47E4B05F0010115
:10E9600053F824407C4B4FF4807203EB012142A802
:10E9700001F063FD1E235C43002342AA01333F2BB9
:10E980009DD052F8041F21441160F7E7A4F12B0336
:10E99000292B1DD80E23013CB4FBF3F46F4B53F825
:10E9A00024406D4B05F001014FF4807203EB01210F
:10E9B00042A801F042FD1E235C43002342AA01331A
:10E9C0003F2B3FF47CAF52F8041F21441160F6E75F
:10E9D000A4F15503292B3FF606AF0E23013CB4FBEF
:10E9E000F3F45F4B53F82440594BDBE7A4F12B03BE
:10E9F000292B1DD80E23013CB4FBF3F4594B53F8DB
:10EA00002440534B05F001014FF4807203EB0121C8
:10EA100042A801F012FD1E235C43002342AA0133E9
:10EA20003F2B3FF44CAF52F8041F21441160F6E72E
:10EA3000A4F15503292B3FF6D6AE0E23013CB4FBBF
:10EA4000F3F4494B53F82440434BDBE7A4F12B0389
:10EA5000532B1FD80E23013CB4FBF3F33A4A13F0B7
:10EA6000010F374B18BF134605F001014FF48072B8
:10EA700003EB012142A801F0E0FC002304EB840435
:10EA800042AA01333F2B3FF41AAF52F8041F21442E
:10EA90001160F6E700242A4BE6E7A4F12B03532B81
:10EAA00021D80E23C4F19A06013CB4FBF3F4264AA4
:10EAB00014F0010F224B08BF134605F001014FF47B
:10EAC000807203EB012142A801F0B7FC002306EBA2
:10EAD000860642AA01333F2B3FF4F1AE52F8041FE1
:10EAE00031441160F6E70026154BE6E701F0BCFA69
:10EAF000031E03F00103B8BF5B429BB253B93F2230
:10EB000046F82230013A511C3B44F9D14FF480724F
:10EB10004146D7E6012BF9D100224023013B13F0F7
:10EB2000FF0346F8042B3A44F8D1EFE74FF4807224
:10EB30003146C7E6F84D0020F84C0020BC1E010805
:10EB4000F4240108841E0108F4220108581E01085B
:10EB5000F42001082C1E0108F41E0108001E010803
:10EB6000D41D0108D41D0108001E01081FB54FF077
:10EB7000000C8DF80F100121CDE9001C0DF10F01E3
:10EB8000FFF708FE05B05DF804FB13B5049C019483
:10EB900000240094FFF7FEFD02B010BD0300F0B5A5
:10EBA0008F4A8FB08F480191D17AC45CC0184C4015
:10EBB00004940724A4466546117B43784B401C40CF
:10EBC0000594537B84785C400694927BC4785440CF
:10EBD0002540047907956140089141794B40614691
:10EBE0001940837909915A4000230A920293033312
:10EBF000029A04998A4260D10FB0F0BD6146226842
:10EC0000059D114059438D40016801320D43056057
:10EC10002260072A34D9614611400B9161460A42AD
:10EC20002ED1714F019E3968D2084E435A430C963B
:10EC30006E4E316889180C9A891803390D70216855
:10EC40000568CA080C9201993A682D0A51430D9142
:10EC50000C993268594352180D9905605218023ABE
:10EC6000157022683968019DD2085A436943356896
:10EC7000AD1802686D18120A013D2A700B9A0260E5
:10EC8000039A0132D2B20392039A06998A42B5D10D
:10EC90000022574C57480392039A08998A4211D18F
:10ECA0000022534C53480392039A0A998A4250D146
:10ECB000029A0132D2B202929AE700224C4C4D489D
:10ECC0000392E1E761462268079D114059438D4058
:10ECD000016801320D4305602260072A34D961467C
:10ECE00011400B9161460A422ED13F4F019E396877
:10ECF000D2084E435A430C963C4E316889180C9A00
:10ED0000891803390D7021680568CA080C920199A9
:10ED10003A682D0A51430D910C99326859435218A3
:10ED20000D9905605218023A157022683968019DE4
:10ED3000D2085A4369433568AD1802686D18120A43
:10ED4000013D2A700B9A0260039A0132D2B20392FB
:10ED5000A2E761462268099D114059438D40016830
:10ED600001320D4305602260072A34D96146114003
:10ED70000B9161460A422ED11B4F019E3968D20881
:10ED80004E435A430C96194E316889180C9A8918CB
:10ED900003390D7021680568CA080C9201993A6818
:10EDA0002D0A51430D910C993268594352180D990F
:10EDB00005605218023A157022683968019DD20820
:10EDC0005A4369433568AD1802686D18120A013D4F
:10EDD0002A700B9A0260039A0132D2B2039263E75F
:10EDE000A46E00203D4E0020986E0020A06E0020F2
:10EDF000446E0020506E0020F7B5444E444C102263
:10EE000005002100300001F018FB727A131CAA42A1
:10EE100000D92B1CDBB208335B00E25CE3185B78A3
:10EE20003C481202D318E11804003B4D20222B600D
:10EE300001F003FBA27A637A12021A43374B384E71
:10EE40001A6003235343DB0804333360E37B354C00
:10EE5000354F20683B70002801D001F04FF83B7817
:10EE60003068584301F042F82060002808D000279D
:10EE70002B6820332B602C4B1B78BB4201D8012020
:10EE8000FEBD0024294B244D1C602B68284E5A1CC3
:10EE90002A601F4A3460D35C0193019BA3422CDC9F
:10EEA000032033681F4CDB0843431D4D21682A684B
:10EEB000C9187A431D4B186888542A6831687A4308
:10EEC00094462268C908019203225143019A1868A6
:10EED0005218000A6244186050701A683168120AA9
:10EEE0001A60236803242868C908614378435B18C3
:10EEF0001B1801379A70FFB2BDE739002868FFF789
:10EF00004DFE2B68013407332B60C6E7C46E00202A
:10EF10003D4E0020A46E0020486E00209C6E002014
:10EF2000986E0020A06E0020966E0020506E00208B
:10EF3000446E002010B5FEF7A3FE0A20FEF774FE13
:10EF4000FEF7A8FE0A20FEF76FFEFEF799FE0A20E4
:10EF5000FEF76AFE10BD10B5FEF71EFF10BD10B51E
:10EF600004004021FEF722FF2000FEF77BFF10BDCA
:10EF700070B504000D00AC4200D970BD2000042122
:10EF80000134FEF713FFE4B2F5E770B504000D009D
:10EF9000AC4200D970BD20000221FEF707FF20001F
:10EFA00000210134FEF725FFE4B2F1E70300081861
:10EFB000C0B2802903D90F2211405B1AD8B2704722
:10EFC000F7B5040004260191019B9C4200D9F7BDCE
:10EFD000E04FE14BB8791978FFF7E8FFDF4DE04BE0
:10EFE0002870F8781978FFF7E1FFDE4B6870F87940
:10EFF0001978FFF7DBFFDC4BA87038791978FFF739
:10F00000D5FFDA4BE8701978387AFFF7CFFFD84B85
:10F01000287119787879FFF7C9FF002168712000FD
:10F02000FEF7C4FE20000B21FEF7E3FE20000121C5
:10F03000FEF7BCFE20000F21FEF7DBFECD4B2000CB
:10F040001978FEF7D6FE20002978FEF7D2FE2000C0
:10F050006978FEF7CEFE2000A978FEF7CAFE2000F0
:10F06000E978FEF7C6FE20002979FEF7C2FE2000EF
:10F070006979FEF7BEFE20000321FEF797FEBE4B26
:10F0800007251978BD4B89011B7820001B01194306
:10F09000BB4B1B789B001943BA4B1B781943C9B271
:10F0A000FEF7A7FE20000621FEF780FEB64B2000EB
:10F0B00019788901C9B2FEF79CFEB44B200019787B
:10F0C0008901C9B2FEF795FEB14B20001978B14B0A
:10F0D00089011B782B401943C9B2FEF78AFEAE4B5B
:10F0E000200019782940FEF784FEAC4B20001978E7
:10F0F000AB4B49011B782B401943C9B2FEF779FE8F
:10F10000A84B20001978A84B49011B782B401943C4
:10F11000C9B2FEF76EFE2000A421FEF747FEA34D04
:10F120002000A97AFEF765FE2000E97AFEF761FE6D
:10F130002000297BFEF75DFE2000697BFEF759FE6B
:10F140002000FF21FEF732FE2000A521FEF751FE30
:10F150002000EF21FEF72AFE954B20001978FEF7DC
:10F1600048FE944B20001978FEF743FE924B200096
:10F170001978FEF73EFE914B20001978FEF739FE14
:10F180008F4B20001978FEF734FE8E4B2000197843
:10F19000FEF72FFE8C4B20001978FEF72AFE8B4BD2
:10F1A00020001978FEF725FE0F252000DC21FEF750
:10F1B000FDFD20001221FEF71CFE2000DD21FEF7E0
:10F1C000F5FD834B20001978FEF713FE814B2000DC
:10F1D0001978FEF70EFE804B20001978FEF709FE25
:10F1E0007E4B20001978FEF704FE7D4B2000197835
:10F1F000FEF7FFFD7B4B20001978FEF7FAFD7A4BF6
:10F2000020001978FEF7F5FD2000E121FEF7CEFD84
:10F21000764B20001978764B89001B7819432940DA
:10F22000FEF7E7FD2000E221FEF7C0FD714B200054
:10F230001978714B89001B7819432940FEF7D9FDD5
:10F240002000E321FEF7B2FD6C4B200019786C4BD7
:10F2500089001B7819432940FEF7CBFD2000E421EB
:10F26000FEF7A4FD674B0C3D19782000294031437F
:10F27000FEF7BFFD2000E521FEF798FD624B200060
:10F28000197829403143FEF7B4FD2000E621FEF74E
:10F290008DFD5E4B2000197829403143FEF7A9FD12
:10F2A0002000E721FEF782FD594B20001978294004
:10F2B0003143FEF79EFD2000E821FEF777FD554B18
:10F2C0002000197829403143FEF793FD2000E92101
:10F2D000FEF76CFD504B2000197829403143FEF7B2
:10F2E00088FD2000EA21FEF761FD4C4B20001978D3
:10F2F00029403143FEF77DFD2000A821FEF756FD91
:10F30000474B20001978474B89011B785B01194353
:10F31000454B1B781B011943444B1B78AB401943E9
:10F32000434B1B789B001943424B1B785B001943EE
:10F33000414B1B781943C9B2FEF75BFD2000FF214A
:10F34000FEF734FD2000E3210134FEF752FDE4B264
:10F350003AE6C046A46E0020096F0020566E0020D9
:10F36000066F0020086F0020056F0020076F002047
:10F37000046F00200A6F0020D76E0020D66E002098
:10F38000D56E0020D46E0020F46E0020F36E0020B5
:10F39000F26E0020F16E0020F06E0020EF6E002073
:10F3A000EE6E0020ED6E0020EC6E0020C46E00209A
:10F3B000FC6E0020FB6E0020FA6E0020F96E00202B
:10F3C000F86E0020F76E0020F66E0020F56E00202B
:10F3D000036F0020026F0020016F0020006F0020EB
:10F3E000FF6E0020FE6E0020FD6E0020E66E002005
:10F3F000E76E0020E86E0020E96E0020EA6E002033
:10F40000EB6E0020E56E0020E46E0020E36E00202D
:10F41000E26E0020E16E0020E06E0020DF6E002032
:10F42000DC6E0020DA6E0020D86E0020DD6E002039
:10F43000DB6E0020D96E0020DE6E002010B53F2963
:10F4400009D8054C800124186254002B03DB034AC1
:10F4500040188000835010BDF84D0020F84C00206B
:10F46000F7B500230191012102001E001C008C460B
:10F470000F4D104F2B6001998A420AD90133402B5E
:10F4800014D10D490B700D4B1A70002E00D02C605A
:10F49000F7BD9101C9188900C959A14204DC2100B6
:10F4A00001320C00D2B2E6E76646F9E70200E2E775
:10F4B000386E0020F84C00204D6E00204C6E00206D
:10F4C0000300052A04D81341180007231840704789
:10F4D000062A05D18800023A10409B111843F6E72E
:10F4E0000020072AF3D14800013A1040DB11F5E76C
:10F4F000F7B5344B05001E6800917300C45C01939E
:10F50000314B1F78FD2C04D820003900F4F79AFE07
:10F51000CCB27300ED186D78FD2D04D828003900A9
:10F52000F4F790FECDB2BC4241D2284A0099F300D4
:10F5300012685B580F20D21A14D4254B1B689A42CC
:10F5400010D203235343234A991C1068224AC9103E
:10F5500012685443072200191A40DB10415CC05C5A
:10F56000FFF7AEFF1D4B1870BD4225D2009B174A16
:10F57000F6009E19126873680F20D21A14D4144B27
:10F580001B689A4210D203235343124A991C1068F5
:10F59000114AC910146807226C431A400019DB1085
:10F5A000415CC05CFFF78CFF0D4B1870F7BD0F205E
:10F5B000FE2CD7D10020D5E70F20FE2DF4D100205E
:10F5C000F2E7C046406E0020966E00203C6E0020A0
:10F5D0009C6E0020A06E0020986E0020556E0020CA
:10F5E000546E0020F7B504000D00FFF739FF20002E
:10F5F000454E307085420FD20023444A444913607F
:10F60000444A0968126852189A4210D83E4E347023
:10F61000A54200D36BE0F7BD1221FEF7C7FB30789F
:10F620000121FEF7E6FB30780130C0B2E0E7FEF7DB
:10F6300081FB2000384F387085423ED2FEF770FBC8
:10F64000FEF7FCFA314B1B680133D6E7334B01025E
:10F65000C918334B8001C018FFF74AFF314A3248BE
:10F66000127800783368314912010243CA540133D9
:10F670002F4E387833601F2BE8D900222D4B326093
:10F68000997A0091D97A1E7B8C462B495F7B274B58
:10F6900001910199994212D1254E002A01D02023CF
:10F6A00033601021FEF782FB00231B4A3360107881
:10F6B0001F2B15D90130C0B2BCE70023D8E71A7858
:10F6C00000994A4061461A705A784A405A709A78AE
:10F6D00072409A70DA787A40DA7001220433D8E7FF
:10F6E000124AD15CFEF785FB33680133DDE7200069
:10F6F0001221FEF75BFB00213078FEF77AFB3478AD
:10F700000134E4B282E7C0464D6E00203C6E00201A
:10F71000386E00209C6E00204C6E0020F84C0020BB
:10F72000F84D0020546E0020556E0020566E0020CB
:10F73000406E0020C46E0020766E00202DE9F0415E
:10F74000C0B00E4669460546002340240F46013CE2
:10F7500014F0FF0441F8043B1344F8D106F00F08FD
:10F76000252EE1B20DBF57F824300023424601F0A8
:10F770000F0228460134FFF761FE402CF0D1002330
:10F78000284619462522FFF759FE002325223F214E
:10F79000284640B0BDE8F041FFF750BE70B50446C2
:10F7A0001048402200EB8410049D00F0A0FD0E489C
:10F7B0004FF4807200EB042085B1294600F097FDDC
:10F7C0000023204619462522FFF738FE2046BDE8D3
:10F7D0007040002325223F21FFF730BE034900F08F
:10F7E0002CFEEDE7F84D0020F84C0020F42601082F
:10F7F0002DE9F041C0B00E4669460546002340247D
:10F800000F46013C14F0FF0441F8043B1344F8D1C7
:10F8100006F00F08252EE1B20DBF57F82430002363
:10F82000424601F00F0228460134FFF707FE402C44
:10F83000F0D10023284619462522FFF7FFFD0023BB
:10F8400025223F21284640B0BDE8F041FFF7F6BD34
:10F85000F0B5C1B005466846002340240746469EE1
:10F86000013C14F0FF0440F8043B1344F8D1104865
:10F87000402200EB851000F03AFD0E48002E14BF28
:10F88000314639464FF4807200EB052000F02FFD21
:10F890002346214628462522FFF7D0FD2346252270
:10F8A0003F21284641B0BDE8F040FFF7C7BD00BF8B
:10F8B000F84D0020F84C00202DE9F04FADF5037D08
:10F8C00091469DF830220E469B4601920746DDF890
:10F8D00034A2FEF727FC0DF1080805464146002337
:10F8E0004024019A013C14F0FF0441F8043B4B44CE
:10F8F000F8D1E2B17CB13F2C2CD0012CE1B205D083
:10F900003E2C03D0A1F11203052B06D80023372289
:10F910003846FFF793FD0134ECE7327858F824308D
:10F92000252A0CBF01F00F0202F00F02F0E7914808
:10F930003146914E402200EB871000F0D8FC06EBD8
:10F940000726BAF1000F15D04FF4807251463046A9
:10F9500000F0CDFC0023384619462522FFF76EFD46
:10F96000002325223F2138460DF5037DBDE8F04FE9
:10F97000FFF764BDAA46BBF10A0F00F2A581DFE8DC
:10F980001BF038004B000B002200B0006100190191
:10F99000A3014E01A3018301784B4FF48072784993
:10F9A00042A85C5D00F049FD1E235C43002342AA8F
:10F9B000116801332144402B42F8041BF8D14FF465
:10F9C000807242A989E06D4B4FF480726D4942A864
:10F9D0005C5D00F032FD1E23C4F118045C4300237B
:10F9E00042AA116801332144402B42F8041BF8D18C
:10F9F000E5E7654B4FF48072644942A85C5D00F016
:10FA00001CFD1E235C43402342AA1168013B214494
:10FA100042F8041BF9D1D2E75B4B4FF480725C498A
:10FA200042A85C5D00F009FD1E23C4F10C045C4398
:10FA3000002342AA116801332144402B42F8041BE1
:10FA4000F8D1BCE7013D242D2AD8DFE805F0323299
:10FA500032323F3535352C3F3D3737412C3F3D392C
:10FA6000433B412C3F3D1313412C3F2E2E2E2C3077
:10FA70003030300004250224464A52F824104FF456
:10FA8000807242A800F0D9FC1E235D43002342AAE5
:10FA9000116801332944402B42F8041BF8D18EE74A
:10FAA00000253749EBE70C25FBE70825E3E70C25A4
:10FAB000E1E70C250124DFE70825FBE70425F9E74A
:10FAC0000425D9E70425ECE70825D5E70C25D3E77D
:10FAD0000825E6E74FF480722F49304600F0ADFC70
:10FAE00038E76B1E242B62D8DFE803F05E5E5E5EB3
:10FAF000613B3B3B58613733332F5861373E1341ED
:10FB00002F5861375B5B2F5861282828582C2C2CE4
:10FB10002C004FF00C0820494FF4807242A800F0EE
:10FB20008CFC1E2303FB08F8002342AA1168013352
:10FB30004144402B42F8041BF8D140E74FF0040841
:10FB40001349E9E74FF00008FAE74FF004080D49C0
:10FB5000E2E74FF008080D49DEE74FF004080849D6
:10FB6000DAE74FF00408F6E74FF00808F7E74FF040
:10FB70000808ECE7F84D0020F84C00202628010882
:10FB80004C2C01084C2B0108002801084C290108C5
:10FB90004C2A0108F42701084C2801084FF00008FE
:10FBA000D5E74FF00808CBE74FF00008D3E74FF058
:10FBB0000008D4E76B1E242B14D8DFE803F01515DA
:10FBC000151517171717171515151515152A2A2A9C
:10FBD0002A2A2A2A1515151515152D2D2D2D2D1509
:10FBE000151515004FF0000A394902E0C5F10E0A5B
:10FBF00038494FF4807242A800F01FFC402342AA0B
:10FC00000AF11E0A1168013B514442F8041BF9D164
:10FC1000D5E6C5F1260AEBE7C5F13E0AE8E76B1E1B
:10FC2000242B14D8DFE803F0171717172A2A2A2ADB
:10FC30002A1717171717171515151515151517174F
:10FC4000171717172D2D2D2D2D17171717004FF0DC
:10FC5000000A1F4902E01F49C5F1260A4FF48072CD
:10FC600042A800F0EAFB402342AA0AF11E0A1168EA
:10FC7000013B514442F8041BF9D1A0E605F1180AF2
:10FC8000E7E7A5F1180AE4E700F0EEF9031E03F038
:10FC90000103B8BF5B429BB253B93F2248F8223000
:10FCA000013A511C4B44F9D14FF4807202A914E778
:10FCB000012BF9D100224023013B13F0FF0348F848
:10FCC000042B4A44F8D1EFE74FF48072414604E731
:10FCD0004C2C01084C2B01081FB54FF0000C8DF87F
:10FCE0000F100121CDE9001C0DF10F01FFF7E4FD1C
:10FCF00005B05DF804FB13B5049C01940024009446
:10FD0000FFF7DAFD02B010BD2DE9F043ADF5017D3E
:10FD10000F4669461E464024002388460546DDF806
:10FD200024929DF82002013C14F0FF0441F8043BAA
:10FD30001344F8D1B0B13F2C27D0012C10D9032C9B
:10FD40000ED03A78E1B2252A18BF0023284606BF14
:10FD500058F8243001F00F0202F00F02FFF76EFB9B
:10FD60000134E8E74748484C4022394600EB85100B
:10FD700000F0BDFA04EB0524B9F1000F15D04FF4E3
:10FD800080724946204600F0B2FA00232846194600
:10FD90002522FFF753FB002325223F2128460DF59E
:10FDA000017DBDE8F043FFF749BB052E66D8DFE8CB
:10FDB00006F0434E03265E5740AF4FF48072002199
:10FDC000384600F0AEFA0226DFF8C080DFF8C090B7
:10FDD000032E08BF0426FEF7A5F9C20754BF59F841
:10FDE000263058F8263047F8263001363F2EEFD11E
:10FDF0004FF480723946204600F01FFBC5E740AF44
:10FE00004FF480720021384600F08BFA0226DFF8AA
:10FE10008480DFF88490032E08BF0426FEF782F961
:10FE2000C30754BF59F8263058F8263047F8263013
:10FE300001363F2EEFD1DBE7FEF774F94FF4807205
:10FE40001649174B10F0010F08BF1946D3E7FEF70C
:10FE500069F94FF480721349134B10F0010FF3E767
:10FE60004FF480721149124B15F0010FECE74FF47B
:10FE700080721049104B15F0010FE5E74FF48072C6
:10FE80004146B8E7F84D0020F84C00204C370108F7
:10FE90004C3801084C3501084C3601084C33010838
:10FEA0004C3401084C3101084C3201084C2F010838
:10FEB0004C3001084C2D01084C2E01081FB54FF0A5
:10FEC000000C8DF80F100121CDE9001C0DF10F0180
:10FED000FFF71AFF05B05DF804FB13B5049C01940D
:10FEE00000240094FFF710FF02B010BD024B014642
:10FEF000186800F02DB800BF9C010020024B01469D
:10FF0000186800F0C7BA00BF9C01002070B50F4E02
:10FF10000C463168054611B900F040FA30602146C0
:10FF2000284600F03BFA431C03D14FF0FF34204633
:10FF300070BDC41C24F00304A042F8D0211A284646
:10FF400000F02CFA0130F2D1EFE700BF0C6F002077
:10FF50002DE9F843CD1C25F0030508350C2D38BFDD
:10FF60000C25002D064601DBA94204D90C23336081
:10FF70000020BDE8F883DFF8D48000F069F8D8F8F5
:10FF800000301C4644BB29463046FFF7BFFF431CE8
:10FF9000044658D1D8F800402746002F43D1002C02
:10FFA0004BD023683946304604EB030900F0F6F9DC
:10FFB000814542D1216830466D1A2946FFF7A6FFD8
:10FFC00001303AD023682B442360D8F800305A68B7
:10FFD00062BBC8F800700FE02268521B20D40B2AC5
:10FFE00017D96119A342256018BF5960636808BF1B
:10FFF000C8F8001062514B60304600F02FF804F151
:020000040801F1
:100000000B00231D20F00700C21A1CBF1B1AA350AF
:10001000AFE76268A3420CBFC8F800205A60EBE764
:1000200023466468AEE73C467F68B6E71A465B68DD
:10003000A342FBD100235360DEE70C23304633603C
:1000400000F00CF894E70560D6E700BF106F0020C1
:10005000014800F0F0B900BF54700020014800F0E2
:10006000EBB900BF54700020164B10B51C68236B11
:10007000B3B91820FFF73AFF0246206320B9522196
:10008000114B124800F0E8F91149124BC0E9001376
:10009000114B002183600B2383810120C2E90401FD
:1000A000216B0E480B694C6958430D4A02FB040052
:1000B000A3FB0232013340EB0200C1E9043020F01F
:1000C000004010BD9C010020E8170108FF1701083F
:1000D0000E33CDAB34126DE6ECDE05002DF4515835
:1000E0002D7F954C002310B50446C0E90033C0E9CC
:1000F0000433836081814366C2818361194608228B
:100100005C3000F00EF90D4B246263620C4BA3626D
:100110000C4BE3620C4B23630C4B9C4206D003F167
:100120006802944202D0D0339C4205D104F15800B9
:10013000BDE8104000F07EB910BD00BF69020108A3
:100140008B020108C3020108E7020108146F0020B6
:10015000024A0349034800F069B800BF900100203B
:1001600025060108A001002041680C4B10B59942FA
:10017000044601D000F056FAA168094B994202D01A
:10018000204600F04FFAE168064B994204D0204621
:10019000BDE8104000F046BA10BD00BF146F00204B
:1001A0007C6F0020E46F002010B50B4B0B4C0C4A09
:1001B00020461A6004210022FFF794FF04F1680032
:1001C00001220921FFF78EFF04F1D0000222BDE8D1
:1001D00010401221FFF786BF4C700020146F0020E2
:1001E00051010108014800F026B900BF55700020F8
:1001F000014800F021B900BF5570002010B5044639
:10020000FFF7F0FF236A1BB1BDE81040FFF7F0BF16
:10021000044B2362044B1B68002BF5D1FFF7C4FF8E
:10022000F2E700BF690101084C7000202DE9F84396
:100230000746884614460026D4E90195B9F101091C
:1002400005D52468002CF7D13046BDE8F883AB898A
:10025000012B07D9B5F90E30013303D029463846B2
:10026000C04706436835E9E710B50C46B1F90E10F2
:1002700000F082F80028ABBF636DA3891B1823F43C
:100280008053ACBF6365A38110BD2DE9F0411F46CB
:100290008B890546DB050C46164605D50223002250
:1002A000B1F90E1000F056F8A389324623F48053BA
:1002B000A38128463B46B4F90E10BDE8F04100F09A
:1002C0007DB810B50C46B1F90E1000F043F8431C90
:1002D000A38915BF606523F4805343F48053A38141
:1002E00018BFA38110BDB1F90E1000F023B88842E9
:1002F00010B501EB020402D98442234607D8431EFD
:10030000A14208D011F8012B03F8012FF8E70146AC
:1003100002448A4200D110BD13F8014D02F8014D8C
:10032000F7E703460244934200D1704703F8011BEC
:10033000F9E7000038B50023054D044608462B6058
:10034000FAF76EFC431C02D12B6803B1236038BD61
:100350005070002038B50446084611460022054D6D
:100360002A601A46FAF766FC431C02D12B6803B1D7
:10037000236038BD5070002038B504460846114649
:100380000022054D2A601A46FAF72EFC431C02D1C2
:100390002B6803B1236038BD5070002038B50023AE
:1003A000054D044608462B60FAF7EEFB431C02D1CC
:1003B0002B6803B1236038BD5070002038B5044667
:1003C000084611460022054D2A601A46FAF71AFC23
:1003D000431C02D12B6803B1236038BD507000204C
:1003E000014B1868704700BF9C01002070B50026C3
:1003F0000C4D0D4C641BA410A64209D100F08CFDDD
:1004000000260A4D0A4C641BA410A64205D170BDFB
:1004100055F8043B98470136EEE755F8043B9847FA
:100420000136F2E7543901085439010854390108FA
:10043000583901087047704770470A44914200F1EB
:10044000FF3300D1704710B511F8014B914203F80A
:10045000014FF9D110BD00001FB514461A46094BD3
:1004600005461B68D8684CB1074BCDE901340091B3
:100470002B46064900F0FEF800F00EF9044B1C462E
:10048000F3E700BF9C010020571801086418010819
:100490009218010838B50546002940D051F8043CAF
:1004A0000C1F002BB8BFE418FFF7D2FD1C4A1368DD
:1004B00033B9636014602846BDE83840FFF7CEBD0D
:1004C000A34208D9206821188B4201BF19685B68D4
:1004D00009182160EDE71A465B680BB1A342FAD90F
:1004E00011685018A0420BD1206801445018834273
:1004F0001160E0D118685B68084410605360DAE767
:1005000002D90C232B60D6E7206821188B4201BF4B
:1005100019685B680918216063605460CBE738BDD7
:10052000106F0020B1F90C20F8B5160705460C46EF
:1005300054D44B68002B02DC0B6C002B48DDE66AC0
:10054000002E45D0002312F480522F68216A2B60C0
:1005500030D0626DA389590705D56368D21A636BE1
:100560000BB1236CD21A00232846E66A216AB047F1
:10057000431CA38906D129681D292BD8284ACA40C3
:10058000D60727D5002262602269D904226004D5EB
:10059000421C01D12B6803B96065616B2F60B9B152
:1005A00004F14403994202D02846FFF773FF002369
:1005B00063630DE001232846B0470246501CC9D1B1
:1005C0002B68002BC6D01D2B01D0162B1DD12F6000
:1005D000002021E043F040031BB21AE00F69002F16
:1005E000F6D0930718BF00230E6808BF4B69F61BAF
:1005F0000F608B60002EEBDD33463A462846216AB9
:10060000D4F828C0E047002807DCB4F90C3043F0E8
:1006100040034FF0FF30A381F8BD0744361AE9E7E5
:100620000100402038B50B6905460C4613B900257A
:10063000284638BD18B1036A0BB9FFF7DFFDB4F9DE
:100640000C30002BF3D0626ED00704D4990502D48D
:10065000A06DFFF7F0FE28462146FFF763FF636EAB
:100660000546DA07E4D4A3899B05E1D4A06DFFF722
:10067000E3FEDDE70EB403B5014603AB054853F8CE
:10068000042B0068019300F035F802B05DF804EB2C
:1006900003B070479C010020062008B500F08EFBD7
:1006A0000120FAF79BFA936810B4013B002B93608A
:1006B00007DA9469A34201DB0A2902D110BC00F0D9
:1006C000C1BA1368581C10601970084610BC7047F6
:1006D000F8B506460F461446D518AC4201D10020A5
:1006E00007E03A46304614F8011BFFF7DCFF431CD5
:1006F000F3D1F8BD2DE9F04F0D4614469846064655
:100700009DB018B1036A0BB9FFF778FD6B6ED9077E
:1007100005D4AB899A0502D4A86DFFF78CFEAB898E
:100720001B0701D52B699BB92946304600F0C8FA52
:1007300070B16B6EDC0704D54FF0FF301DB0BDE823
:10074000F08FAB899805F7D4A86DFFF775FEF3E736
:100750000023099320238DF8293030234FF001091D
:10076000CDF80C80DFF8A8818DF82A3023469A4610
:1007700013F8012B0AB1252AF9D1BAEB040B0BD0DF
:100780005B46224629463046FFF7A2FF013000F0C3
:10079000A780099A5A4409929AF80030002B00F079
:1007A0009F8000234FF0FF32CDE905230AF1010AB3
:1007B000049307938DF853301A935446052214F886
:1007C000011B534800F016FB049AD8B9D10644BF68
:1007D00020238DF85330130744BF2B238DF853305B
:1007E0009AF800302A2B15D0544600204FF00A0CFE
:1007F000079A214611F8013B303B092B4BD9B0B188
:10080000079214E0A0EB080309FA03F31343A2468E
:100810000493D2E7039B191D1B680391002BBBBFF8
:100820005B4242F0020207930793B8BF0492237819
:100830002E2B0AD163782A2B32D1039B02341A1D46
:100840001B68039243EAE3730593DFF8C8A0032211
:100850005046217800F0CEFA38B14022049BA0EB3C
:100860000A00824013430134049314F8011B06224A
:1008700029488DF8281000F0BDFA00283FD0274BFA
:100880001BBB039B073323F0070308330393099B28
:100890003B4409936AE70C4601200CFB0232A8E7AF
:1008A00000234FF00A0C194601340593204610F836
:1008B000012B303A092A03D9002BC6D00591C4E791
:1008C000044601230CFB0121F0E703AB00932A4609
:1008D0003046134B04A9AFF300800746781CD6D1ED
:1008E0006B6ED90705D4AB899A0502D4A86DFFF7C2
:1008F000A3FDAB895B063FF51FAF09981EE703AB6D
:1009000000932A463046064B04A900F07DF8E4E740
:1009100093180108991801089D18010800000000AB
:10092000D10601082DE9F047164698468A680B69FA
:1009300007469342B8BF1346336091F843200C46F4
:10094000DDF820900AB1013333602368990642BF75
:10095000336802333360256815F0060506D104F1CB
:10096000190AE36832689B1AAB422BDC94F84330D7
:100970002268003B18BF0123920630D44146384616
:1009800004F14302C847013023D02368226903F0F1
:100990000603042B14BF002533684FF0000608BF80
:1009A000E56804F11A0408BFED1A54F8123C08BFB8
:1009B00025EAE5759342C4BF9B1AED18B5421AD1DA
:1009C000002008E00123524641463846C84701301E
:1009D00003D14FF0FF30BDE8F0870135C1E730208B
:1009E000E11881F843005A1C94F845102244023360
:1009F00082F84310C2E70123224641463846C847E1
:100A00000130E6D00136D9E72DE9FF470F7E914648
:100A1000782F80460C469A460C9E01F1430207D877
:100A2000622F0AD8002F00F0D180582F00F0B88034
:100A300004F1420684F842703AE0A7F16303152BF3
:100A4000F6D801A151F823F0A10A0108B50A01085E
:100A5000310A0108310A0108310A0108310A010886
:100A6000B50A0108310A0108310A0108310A0108F2
:100A7000310A0108B30B0108DF0A01086D0B0108F8
:100A8000310A0108310A0108D50B0108310A0108B1
:100A9000DF0A0108310A0108310A0108750B010853
:100AA00033681A1D1B68326004F1420684F8423034
:100AB00001239CE033682068191D3160060601D5CA
:100AC0001D6803E04506FBD5B3F90050002D03DA9D
:100AD0002D236D4284F843300A23584811E02168E1
:100AE0003368080653F8045B02D4490648BFADB228
:100AF0006F2F336014BF0A2308235048002184F865
:100B000043106668002EA66005DB21682E4321F0A5
:100B1000040121604BD01646B5FBF3F103FB1157DE
:100B2000C75D06F8017D2F46BB420D46F4D9082B60
:100B30000BD12368DF0708D5236961689942DEBFBE
:100B4000302306F8013C06F1FF36921B22614B462A
:100B500021464046CDF800A003AAFFF7E3FE01308E
:100B60004AD14FF0FF3004B0BDE8F087236843F06E
:100B7000200323607827324884F845702368316861
:100B80001F0651F8045B02D45F0648BFADB2316066
:100B9000D90744BF43F0200323601DB11023ADE704
:100BA0002648E9E7236823F020032360F6E716468A
:100BB000BDE733682568181D616930602E061B6823
:100BC00001D5196002E06806FBD51980002316469E
:100BD0002361BCE7336800211A1D32601E68626819
:100BE000304600F007F908B1801B6060636823613C
:100BF000002384F84330AAE7324649464046236939
:100C0000D0470130ADD023689B0713D4E068039B25
:100C10009842B8BF1846A6E70123324649464046E7
:100C2000D04701309DD00135E36803995B1AAB4290
:100C3000F2DCEBE7002504F11906F5E7A41801083A
:100C4000B5180108F8B50E461446054618B1036AF2
:100C50000BB9FFF7D3FAA369A360A3891A0701D5DB
:100C6000236943B92146284600F02AF818B14FF00D
:100C7000FF373846F8BD23682269F6B2981A6369CF
:100C80003746834205DC21462846FFF7CBFC002887
:100C9000EDD1A368013BA36023685A1C22601E703B
:100CA0006269431C9A4204D0A389DB07E1D50A2E6E
:100CB000DFD121462846FFF7B5FC0028D9D0D6E77A
:100CC00038B5294B054618680C4618B1036A0BB9AC
:100CD000FFF794FAB4F90C30190722D4DA0607D4D6
:100CE00009222A6043F040034FF0FF30A38133E034
:100CF000580712D5616B41B104F14403994202D007
:100D00002846FFF7C7FB00236363A38923F024036E
:100D1000A3810023636023692360A38943F0080350
:100D2000A38123694BB9A38903F42073B3F5007F32
:100D300003D02146284600F090F8B4F90C3013F0A7
:100D400001020AD00022A26062695242A2612269B5
:100D500042B913F08000C5D138BD990758BF626908
:100D6000A260F4E70020F7E79C0100201F2938B5B6
:100D700005460C4604D9162303604FF0FF3038BDFA
:100D8000C26B12B152F821304BB9284600F030F84E
:100D9000224601462846BDE8384000F017B8012B2E
:100DA0000AD0591C03D1162303600120E7E7002174
:100DB000204642F8241098470020E0E7024B014605
:100DC0001868FFF7D3BF00BF9C01002038B500238F
:100DD000064D0446084611462B60F9F7F7FE431C02
:100DE00002D12B6803B1236038BD00BF50700020D2
:100DF000F9F7EABE034610B5C9B202449342184659
:100E000001D1002003E0047801338C42F6D110BDFB
:100E100070B50C46B1F90E10154600291E4696B065
:100E20000CDAA389002113F0800F14BF40234FF484
:100E30008063002031602B6016B070BD6A4600F000
:100E400049F80028EDDB019901F47041A1F5005348
:100E5000594259414FF48063EBE78B89F7B59D0701
:100E600006460C4607D504F147032360236101239E
:100E7000636103B0F0BD6A4601ABFFF7C9FF009F95
:100E8000054639463046FFF763F848B9B4F90C30E7
:100E90009A05EED423F0030343F00203A381E2E7B3
:100EA000A389C4E9040743F08003A381019B206068
:100EB0005BB13046B4F90E1000F01EF828B1A389DA
:100EC00023F0030343F00103A381A3891D43A581FC
:100ED000CFE7000038B50023064D0446084611460A
:100EE0002B60F9F7A0FE431C02D12B6803B12360ED
:100EF00038BD00BF5070002038B50023054D0446B2
:100F000008462B60F9F794FE431C02D12B6803B10D
:100F1000236038BD50700020F8B500BFF8BC08BC95
:100F20009E467047F8B500BFF8BC08BC9E467047A7
:100F300000000000000000000000000000000000B1
:100F400000000000000000000000000000000000A1
:100F50000000000000000000000000000000000091
:100F60000000000000000000000000000000000081
:100F7000A5260917100953010001C999CC5C0E0F71
:100F8000001232141932382B3204199602C8211576
:100F9000511050444E616D6531534D5030303030FA
:100FA00030310EC9271751591551D2271750231523
:100FB00051C9271F51211551CD271750231551C94C
:100FC000271F51211551CD271750231551C9271F10
:100FD00051211551CB201157251551C9271F5121DA
:100FE0001551CB201157251551C9211151211551EA
:100FF000CC271651241657C427145127165ACA2134
:101000001C512615510FC9217750391551D2271778
:1010100050231551C9201F51211551CD2717502399
:101020001551C9201F51211551CD27175023155196
:10103000C9201F51211551CB201157251551C92702
:101040000151211551C9201157251551CA20115799
:10105000251551C9270A51211551C02016552E15A5
:1010600051CB211F50221551C92117517315510D14
:10107000C9271E514E1551D2271750231551C92784
:101080001F51211551CD271750231551C9271F5125
:10109000211551CD271750231551C9271F5121154F
:1010A00051CB201157251551C9271F51211551CB5F
:1010B000201157251551C2231857221551CA213026
:1010C00057201551C9215D5121155119C9216D5064
:1010D000231551D2271750231551C9201F5121150F
:1010E00051CD271750231551C9201F51211551CD1E
:1010F000271750231551C9201F51211551CB2011FD
:1011000057251551C9201F51211551CB20115725A5
:101110001551C9271D51211551C9211D553515518D
:10112000C9201751211551C9211D55351551C92007
:101130001751211551C9211D55351551C920175178
:10114000211551C9211D55351551C920175121159A
:1011500051C9211D55351551C9201751211551C9A6
:10116000211D55351551C9201751211551C0211187
:1011700055261450CA21155523155B0EC92156500A
:10118000161551D2271750231551C9201F5121156B
:1011900051CD271750231551C9201F51211551CD6D
:1011A000271750231551C9201F51211551CB20114C
:1011B00057251551C9271F51211551CB20115725EE
:1011C0001551D820175123115ACA271F572E1551D0
:1011D000C9271151211551C9211D5127155111C977
:1011E000272751691551D2271750231551C9271F99
:1011F00051211551CD271750231551C9201F5121B9
:101200001551CD271750231551C9271F51211551AD
:10121000CB201157251551C9201F51211551C4202C
:101220001157251551C9211651211551CB2317549A
:10123000291551CB211453251551D82310542215AB
:1012400050C9231C51231055C9231F51211055C9C2
:101250002114542715590EC9270351451551D2277A
:101260001750231551C9271F51211551CD2717504C
:10127000231551C9201F51211551CD271750231572
:1012800051C9271F51211551CB201157251551C97F
:10129000201F51211551C4201157251551CB23175B
:1012A00054291551CB211553251551D823165425F2
:1012B0001555C9231E5425155211C9213F507115CA
:1012C00051D2271750231551C9271F51211551CD30
:1012D000271750231551C9201F51211551CD27170C
:1012E00050231551C9271F51211551CB20115725C6
:1012F0001551C9201F51211551C4201157251551D1
:10130000C9211651211551CB271752291551CB212F
:101310001457251551D8271052221550C9271C5192
:10132000231755C9271F51211755C92114522215BA
:101330005A0EC92128501C1551D227175023155178
:10134000C9271F51211551CD271750231551C927E2
:101350001F51211551CD271750231551C9271F5152
:10136000211551CB201157251551C9271F51211582
:1013700051CB201157251551C9211151211551C0AB
:10138000271351241659C4211451251557C9211169
:10139000512115410DC92718514C1551D22717500D
:1013A000231551C9271F51211551CD27175023153A
:1013B00051C9271F51211551CD271750231551C948
:1013C000271F51211551CB201157251551C9271F12
:1013D00051211551CB201157251551C9215D51219E
:1013E0001551C2231857221550CA213551201551C5
:1013F0000FC92165502B1551D2271750231551C9FC
:10140000201F51211551CD271750231551C9201FD9
:1014100051211551CD271750231551C9201F512196
:101420001551CB201157251551C9271F5121155191
:10143000CB201157251551C9211D51211551D823F4
:10144000175123115AC9211351211551CA211F5176
:101450002E1551C92017512315510DC92749513F48
:101460001551D2271750231551C9271F5121155146
:10147000CD271750231551C9271F51211551CD27AD
:101480001750231551C9271F51211551CB20115732
:10149000251551C9271F51211551CB20115725154D
:1014A00051CC2714532C1551C42714532E1551CA4F
:1014B000211C5128155D0FC921155121132BD2274D
:1014C0001750231551C9201F51211551CD271750F1
:1014D000231551C9201F51211551CD271750231510
:1014E00051C9201F51211551CB201157251551C924
:1014F000271F51211551CB201157251551C9211DE9
:1015000051211551D8231E51231153C921135121A3
:101510001551CA211F512E1551C927145122155199
:101520000CC9271051541551D2271750231551C9F2
:10153000201F51211551CD271750231551C9201FA8
:1015400051211551CD271750231551C9201F512165
:101550001551CB201157251551C9271F5121155160
:10156000CB201157251551D82310552F1551CA23BB
:1015700014512015510CC9217F50311551D2271714
:1015800050231551C9271F51211551CD271750231D
:101590001551C9201F51211551CD27175023155121
:1015A000C9271F51211551CB201157251551C9208D
:1015B0001F51211551CB201157251551D8251850F1
:1015C000221553C9211D552415560FC9276C5120CA
:1015D0001551D2271750231551C9201F51211551DC
:1015E000CD271750231551C9201F51211551CD2743
:1015F0001750231551C9201F51211551CB201157C8
:10160000251551C9271F51211551CB2011572515DB
:1016100051C9211D51211551D825175123175AC9D8
:10162000211351211551CA211F512E1551C92717B8
:1016300051231551000000000100000002000000CD
:101640000300000004000000050000000600000088
:101650000700000008000000090000000A00000068
:101660000B0000000C0000000D0000000D00000049
:101670000C0000000B0000000A0000000900000040
:101680000800000007000000060000000500000040
:101690000400000003000000020000000100000040
:1016A0000000000000000000010000000200000037
:1016B0000300000004000000050000000600000018
:1016C0000700000008000000090000000A000000F8
:1016D0000A000000090000000800000007000000E8
:1016E00006000000050000000400000003000000E8
:1016F00002000000010000000000000000000000E7
:1017000001000000020000000300000004000000CF
:1017100005000000000000000100000002000000C1
:1017200003000000040000000500000004000000A9
:1017300003000000020000000100000000000000A3
:10174000060000000700000008000000090000007B
:101750000A00000000000000010203040000000075
:101760000000000001020304060708090102020349
:101770000405060708090A0B0C0D0E0F101049444A
:101780004C450053544D6963726F656C65637472A8
:101790006F6E6963730053544D333220566972740F
:1017A00075616C20436F6D506F7274004344432029
:1017B000436F6E6669670043444320496E746572E7
:1017C0006661636500636F6F726400756172743186
:1017D00074780064656661756C745461736B006342
:1017E0006F6D6D5461736B005245454E54206D61B1
:1017F0006C6C6F6320737563636565646564002F4B
:101800006275696C642F676E752D746F6F6C732DC4
:10181000666F722D73746D33325F31332E332E72D7
:10182000656C312E32303234303932362D31373129
:10183000352F7372632F6E65776C69622F6E6577D3
:101840006C69622F6C6962632F7374646C69622FB8
:1018500072616E642E63002C2066756E6374696F0E
:101860006E3A2000617373657274696F6E20222571
:101870007322206661696C65643A2066696C652034
:10188000222573222C206C696E6520256425732522
:10189000730A00232D302B2000686C4C00656667AE
:1018A00045464700303132333435363738394142D6
:1018B00043444546003031323334353637383961A8
:1018C0006263646566000000D31701080000000031
:1018D0000000000000000000000000000008000000
:1018E000180000000000000000000000DF170108E1
:1018F00000000000000000000000000000000000E8
:1019000000100000200000000000000000000000A7
:10191000E5BB0008D5BB0008A1BC00088DBC0008D1
:10192000C5BB0008B5BB0008A5BB000895BB0008F7
:1019300085BB000875BB000865BB000855BB0008E7
:1019400045BB000835BB00087DBC00086DBC000825
:1019500019BC0008F5BB000841BC00083DBC0008EC
:10196000B5BC0008C9BC0008000000006DEB000811
:101970008BEB0008D9FC0008F7FC00083DF70008D5
:101980009DF70008F5E1000859E2000865E7000846
:1019900083E70008BDFE0008DBFE0008F1F7000841
:1019A00051F80008010101020202020303030404CA
:1019B00004050505050606060606060707070707C8
:1019C000080808080809090909090A0A0A0A0A0B85
:1019D0000B0B0B0B000000000500000001000000D5
:1019E00001000000010000000100000001000000F3
:1019F00001000000010000000100000001000000E3
:101A000001000000000000000500000005000000CB
:101A100005000000050000000500000005000000B2
:101A20000500000005000000050000000A0000009D
:101A30000A0000000A0000000A0000000A0000007E
:101A40000A0000000A0000000A0000000A0000006E
:101A50000A0000000F0000000F0000000F0000004F
:101A60000F0000000F0000000F0000000F0000003A
:101A70000F0000000F0000000F0000001400000025
:101A80001400000014000000140000001400000006
:101A900014000000140000001400000014000000F6
:101AA00014000000000000001900000019000000F0
:101AB00019000000190000001900000019000000C2
:101AC00019000000190000001900000019000000B2
:101AD00000000000000000001400000019000000D9
:101AE0001900000019000000190000001900000092
:101AF0001900000019000000190000001900000082
:101B00001900000000000000140000001400000094
:101B10001400000014000000140000001400000075
:101B20001400000014000000140000000F0000006A
:101B30000F0000000F0000000F0000000F00000069
:101B40000F0000000F0000000F0000000F00000059
:101B50000F0000000A0000000A0000000A00000058
:101B60000A0000000A0000000A0000000A0000004D
:101B70000A0000000A0000000A0000000500000042
:101B80000500000005000000050000000500000041
:101B90000500000005000000050000000500000031
:101BA000050000000000000001000000010000002E
:101BB0000100000001000000010000000100000021
:101BC0000100000001000000010000000100000011
:101BD00000000000000000002D0000002D000000AB
:101BE00028000000230000001E0000001900000073
:101BF000140000000F0000000A00000005000000B3
:101C00000100000000000000280000002300000088
:101C10001E00000019000000140000000F0000006A
:101C20000A00000005000000010000002D00000077
:101C300028000000230000001E0000001900000022
:101C4000140000000F0000000A0000000500000062
:101C50000100000001000000050000000A00000073
:101C60000F00000014000000190000001E0000001A
:101C700023000000280000002D00000001000000EB
:101C8000050000000A0000000F0000001400000022
:101C9000190000001E0000002300000028000000C2
:101CA0002D00000000000000010000000500000001
:101CB0000A0000000F0000001400000019000000DE
:101CC0001E00000023000000280000002D0000007E
:101CD0000000000000000000010000000100000002
:101CE000050000000A0000000F00000014000000C2
:101CF000190000001E000000230000002800000062
:101D00002D00000000000000050000000A00000097
:101D10000F00000014000000190000001E00000069
:101D200023000000280000002D000000010000003A
:101D3000050000000A0000000F0000001400000071
:101D4000190000001E000000230000002800000011
:101D50002D0000002D0000002800000023000000DE
:101D60001E00000019000000140000000F00000019
:101D70000A00000005000000010000002D00000026
:101D800028000000230000001E00000019000000D1
:101D9000140000000F0000000A0000000500000011
:101DA00001000000000000002D00000028000000DD
:101DB000230000001E0000001900000014000000B5
:101DC0000F0000000A0000000500000001000000F4
:101DD0000000000000000000010000000200000000
:101DE00003000000040000000500000000000000E7
:101DF00001000000020000000300000004000000D9
:101E000005000000040000000300000002000000C4
:101E100001000000000000000600000007000000B4
:101E200008000000090000000A0000000A0000008D
:101E30000900000008000000070000000600000084
:101E40000500000004000000030000000200000084
:101E50000100000000000000000000000100000080
:101E60000200000003000000040000000500000064
:101E70000600000007000000080000000900000044
:101E80000A0000000D0000000C0000000B00000024
:101E90000A00000009000000080000000700000020
:101EA0000600000005000000040000000300000020
:101EB000020000000100000000000000000000001F
:101EC0000100000002000000030000000400000008
:101ED00005000000060000000700000008000000E8
:101EE000090000000A0000000B0000000C000000C8
:101EF0000D00000000000000320000002D00000076
:101F000028000000230000001E000000190000004F
:101F1000140000000F0000000A000000050000008F
:101F20000100000001000000050000000A000000A0
:101F30000F00000014000000190000001E00000047
:101F400023000000280000002D00000032000000E7
:101F5000320000002D0000002800000023000000D7
:101F60001E00000019000000140000000F00000017
:101F70000A00000005000000010000000100000050
:101F8000050000000A0000000F000000140000001F
:101F9000190000001E0000002300000028000000BF
:101FA0002D00000032000000320000002D00000073
:101FB00028000000230000001E000000190000009F
:101FC000140000000F0000000A00000005000000DF
:101FD0000100000001000000050000000A000000F0
:101FE0000F00000014000000190000001E00000097
:101FF0000000000000000000320000002D00000082
:10200000280000002300000001000000050000007F
:102010000A0000000F00000014000000190000007A
:102020001E00000023000000280000002D0000001A
:1020300032000000320000003200000032000000D8
:10204000320000002D0000002800000023000000E6
:102050001E00000019000000140000000F00000026
:102060000A0000000500000001000000010000005F
:10207000050000000A0000000F000000140000002E
:10208000190000001E0000002300000028000000CE
:102090002D00000032000000320000002D00000082
:1020A00028000000230000001E00000019000000AE
:1020B000140000000F0000000A00000005000000EE
:1020C0000100000001000000050000000A000000FF
:1020D0000F00000014000000190000001E000000A6
:1020E00023000000280000002D0000003200000046
:1020F00000000000000000000100000005000000DA
:102100000A0000000F000000140000001900000089
:102110001E00000023000000280000002D00000029
:1021200032000000320000002D00000028000000F6
:10213000230000001E000000190000001400000031
:102140000F0000000A000000050000000100000070
:1021500001000000050000000A0000000F00000060
:1021600014000000190000001E0000002300000001
:10217000280000002D0000003200000032000000A6
:102180002D00000028000000230000001E000000B9
:1021900019000000140000000F0000000A000000F9
:1021A0000500000001000000010000000500000023
:1021B0000A0000000F0000001400000019000000D9
:1021C0001E00000023000000280000002D00000079
:1021D00032000000320000002D0000002800000046
:1021E000230000001E000000190000001400000081
:1021F00000000000000000000100000005000000D9
:102200000A0000000F000000320000002D00000056
:1022100028000000230000001E000000190000003C
:10222000140000000F0000000A000000050000007C
:102230000100000032000000320000003200000007
:1022400001000000050000000A0000000F0000006F
:1022500014000000190000001E0000002300000010
:10226000280000002D0000003200000032000000B5
:102270002D00000028000000230000001E000000C8
:1022800019000000140000000F0000000A00000008
:102290000500000001000000010000000500000032
:1022A0000A0000000F0000001400000019000000E8
:1022B0001E00000023000000280000002D00000088
:1022C00032000000320000002D0000002800000055
:1022D000230000001E000000190000001400000090
:1022E0000F0000000A0000000500000001000000CF
:1022F000000000000000000032000000320000007A
:102300003200000032000000320000003200000005
:1023100032000000320000003200000032000000F5
:10232000320000002D0000002D0000002D000000F4
:102330002D0000002D0000002D0000002D000000E9
:102340002D0000002D0000002D0000002D000000D9
:1023500028000000280000002800000028000000DD
:1023600028000000280000002800000028000000CD
:1023700028000000280000002800000023000000C2
:1023800023000000230000002300000023000000C1
:1023900023000000230000002300000023000000B1
:1023A00023000000230000001E0000001E000000AB
:1023B0001E0000001E0000001E0000001E000000A5
:1023C0001E0000001E0000001E0000001E00000095
:1023D0001E00000019000000190000001900000094
:1023E0001900000019000000190000001900000089
:1023F00000000000000000001900000019000000AB
:102400001900000019000000140000001400000072
:10241000140000001400000014000000140000006C
:10242000140000001400000014000000140000005C
:1024300014000000320000003200000032000000F2
:102440000F0000000F0000000F0000000F00000050
:102450000F0000000F0000000F0000000F00000040
:102460000F0000000F0000000F0000000A00000035
:102470000A0000000A0000000A0000000A00000034
:102480000A0000000A0000000A0000000A00000024
:102490000A0000000A00000005000000050000001E
:1024A0000500000005000000050000000500000018
:1024B0000500000005000000050000000500000008
:1024C0000500000001000000010000000100000004
:1024D00001000000010000000100000001000000F8
:1024E00001000000010000000100000001000000E8
:1024F00000000000000000000100000001000000DA
:1025000001000000010000000100000001000000C7
:1025100001000000010000000100000001000000B7
:10252000010000000500000005000000050000009B
:102530000500000005000000050000000500000087
:102540000500000005000000050000000500000077
:102550000A0000000A0000000A0000000A00000053
:102560000A0000000A0000000A0000000A00000043
:102570000A0000000A0000000A0000000F0000002E
:102580000F0000000F0000000F0000000F0000000F
:102590000F0000000F0000000F0000000F000000FF
:1025A0000F0000000F0000001400000014000000E5
:1025B00014000000140000001400000014000000CB
:1025C00014000000140000001400000014000000BB
:1025D000140000001900000019000000190000009C
:1025E0001900000019000000190000001900000087
:1025F00000000000000000001900000019000000A9
:1026000019000000190000001E0000001E0000005C
:102610001E0000001E0000001E0000001E00000042
:102620001E0000001E0000001E0000001E00000032
:102630001E000000320000003200000032000000E6
:1026400023000000230000002300000023000000FE
:1026500023000000230000002300000023000000EE
:1026600023000000230000002300000028000000D9
:1026700028000000280000002800000028000000BA
:1026800028000000280000002800000028000000AA
:1026900028000000280000002D0000002D00000090
:1026A0002D0000002D0000002D0000002D00000076
:1026B0002D0000002D0000002D0000002D00000066
:1026C0002D00000032000000320000003200000047
:1026D0003200000032000000320000003200000032
:1026E0003200000032000000320000003200000022
:1026F00000000000000000000000000000000000DA
:1027000000000000000000000000000000000000C9
:1027100000000000000000000000000000000000B9
:1027200000000000000000000000000000000000A9
:102730000000000000000000000000000100000098
:1027400064000000C80000002C010000900100009F
:102750004C040000E8030000C8000000580200001C
:1027600001000000BC020000640000002C01000019
:102770002003000090010000F40100001405000097
:1027800084030000B004000008070000E803000014
:102790008403000020030000BC0200005802000077
:1027A000F401000000000000000000000000000034
:1027B0000000000000000000000000000000000019
:1027C0000000000000000000000000000000000009
:1027D00000000000000000000000000000000000F9
:1027E00000000000000000000000000000000000E9
:1027F000000000004C2B01084C2A01084C2901085C
:1028000000000000000202020202040404040404A6
:10281000060606060606060808080808080A0A0A40
:102820000A0A0C0C0C0C00060A0E1204080C1014F8
:1028300002060A0E12160004080C10141802060AEA
:102840000E121604080C1014060A0E1200000000E6
:102850000000000000000000000000000000000078
:102860000000000000000000000000000000000068
:102870000000000000000000000000000000000058
:102880000000000000000000000000000000000048
:102890000000000000000000000000000000000038
:1028A0000000000000000000000000000000000028
:1028B0000000000000000000000000000000000018
:1028C0000000000000000000000000000000000008
:1028D00000000000000000000000000000000000F8
:1028E00000000000000000000000000000000000E8
:1028F00000000000000000000000000000000000D8
:1029000000000000000000000000000000000000C7
:1029100000000000000000000000000000000000B7
:1029200000000000000000000000000000000000A7
:102930000000000000000000000000000000000097
:102940000000000000000000000000000000000087
:102950000000000005000000050000000500000068
:102960000100000001000000010000000100000063
:10297000010000000100000005000000050000004B
:1029800005000000050000000A0000000A00000029
:102990000A0000000000000000000000000000002D
:1029A0000000000000000000000000000500000022
:1029B0000500000005000000050000000A000000FE
:1029C0000A0000000A0000000A0000000F000000DA
:1029D0000F000000050000000A0000000A000000CF
:1029E0000A0000000A0000000F0000000F000000B5
:1029F0000F0000000F0000000A0000000F000000A0
:102A00000F0000000F0000000F0000001400000085
:102A1000140000000F00000014000000140000006B
:102A2000140000001400000019000000190000004C
:102A30001400000014000000140000001400000046
:102A40000F00000000000000000000000000000077
:102A5000000000000F00000014000000140000003F
:102A6000140000001400000019000000190000000C
:102A70001400000014000000140000001400000006
:102A80000F0000000F0000000F0000000F0000000A
:102A90000A0000000000000000000000000000002C
:102AA0000000000000000000000000001400000012
:102AB000140000000F0000000F0000000F000000D5
:102AC0000F0000000A0000000A0000000A000000D9
:102AD0000A0000000F0000000F0000000F000000BF
:102AE0000A0000000A0000000A0000000A000000BE
:102AF00005000000050000000A0000000A000000B8
:102B00000A000000050000000500000005000000AC
:102B100005000000050000000500000005000000A1
:102B200001000000010000000100000001000000A1
:102B30000100000001000000050000000500000089
:102B40000500000000000000000000000000000080
:102B5000000000000100000001000000050000006E
:102B6000050000000A0000000A0000000F0000003D
:102B7000140000000F0000000F0000000A00000019
:102B80000A00000005000000050000000100000030
:102B90000100000000000000000000000000000034
:102BA000000000000000000000000000190000000C
:102BB00014000000140000000F0000000F000000CF
:102BC0000A0000000A0000000500000005000000E7
:102BD00001000000190000001900000014000000AE
:102BE000140000000F0000000F0000000A000000A9
:102BF0000A00000005000000190000001900000094
:102C000014000000140000000F0000000F0000007E
:102C10000A00000019000000190000001400000064
:102C2000140000000F0000000F0000000A00000068
:102C30000A0000000500000005000000010000007F
:102C40000100000000000000000000000000000083
:102C5000000000001900000019000000140000002E
:102C6000140000000F0000000F0000000A00000028
:102C7000050000000A0000000A0000000F0000002C
:102C80000F000000140000001400000019000000F4
:102C9000190000000000000000000000000000001B
:102CA0000000000000000000000000000100000023
:102CB00005000000050000000A0000000A000000F6
:102CC0000F0000000F0000001400000014000000BE
:102CD00019000000010000000100000005000000D4
:102CE000050000000A0000000A0000000F000000BC
:102CF0000F000000140000000100000001000000AF
:102D000005000000050000000A0000000A000000A5
:102D10000F0000000100000001000000050000009D
:102D2000050000000A0000000A0000000F0000007B
:102D30000F00000014000000140000001900000043
:102D4000190000000000000000000000000000006A
:102D50001E00000019000000140000000F00000019
:102D60001400000014000000140000001400000013
:102D70001400000014000000140000000F00000008
:102D80000A00000005000000010000000F00000024
:102D90000F0000000F0000000F0000000F000000F7
:102DA0000F0000000F0000000F0000000A000000EC
:102DB00005000000010000000A0000000A000000F9
:102DC0000A0000000A0000000A0000000A000000DB
:102DD0000A0000000A0000000A00000005000000D0
:102DE00001000000050000000500000005000000D3
:102DF00005000000050000000500000005000000BF
:102E000005000000050000000500000001000000B2
:102E100001000000010000000100000001000000AE
:102E2000010000000100000001000000010000009E
:102E3000010000000100000001000000010000008E
:102E40000100000001000000000000000000000080
:102E5000010000000100000001000000010000006E
:102E6000010000000100000001000000010000005E
:102E7000010000000100000001000000050000004A
:102E8000050000000500000005000000050000002E
:102E9000050000000500000005000000050000001E
:102EA00005000000010000000A0000000A00000008
:102EB0000A0000000A0000000A0000000A000000EA
:102EC0000A0000000A0000000A00000005000000DF
:102ED000010000000F0000000F0000000F000000C4
:102EE0000F0000000F0000000F0000000F000000A6
:102EF0000F0000000A0000000500000001000000B3
:102F00001400000014000000140000001400000071
:102F10001400000014000000140000000F00000066
:102F20000A00000005000000010000001900000078
:102F3000190000001900000019000000190000002D
:102F40001E0000001900000000000000000000004A
:102F50001E00000019000000140000000F00000017
:102F60000A0000000A0000000A0000000A00000039
:102F70000A0000000A0000000A0000000F00000024
:102F800014000000190000001E0000000F000000E7
:102F90000F0000000F0000000F0000000F000000F5
:102FA0000F0000000F0000000F00000014000000E0
:102FB000190000001E0000001400000014000000B2
:102FC00014000000140000001400000014000000B1
:102FD000140000001400000014000000190000009C
:102FE0001E00000019000000190000001900000078
:102FF000190000001900000019000000190000006D
:103000001900000019000000190000001E00000057
:103010001E0000001E0000001E0000001E00000038
:103020001E0000001E0000001E0000001E00000028
:103030001E0000001E0000001E0000001E00000018
:103040001E0000001E000000000000000000000044
:103050001E0000001E0000001E0000001E000000F8
:103060001E0000001E0000001E0000001E000000E8
:103070001E0000001E0000001E00000019000000DD
:1030800019000000190000001900000019000000DC
:1030900019000000190000001900000019000000CC
:1030A000190000001E0000001400000014000000C1
:1030B00014000000140000001400000014000000C0
:1030C00014000000140000001400000019000000AB
:1030D0001E0000000F0000000F0000000F000000A5
:1030E0000F0000000F0000000F0000000F000000A4
:1030F0000F00000014000000190000001E00000076
:103100000A0000000A0000000A0000000A00000097
:103110000A0000000A0000000A0000000F00000082
:1031200014000000190000001E000000050000004F
:10313000050000000500000005000000050000007B
:103140000100000005000000000000000000000079
:103150000000000016000000000000001300000046
:103160001000000010000000130000001600000016
:103170001000000019000000130000001C000000F7
:103180001C000000190000001600000016000000DE
:1031900019000000130000001C00000010000000D7
:1031A000100000001C0000001300000019000000C7
:1031B0001600000019000000160000001C000000AE
:1031C0001C000000130000001900000010000000A7
:1031D0001000000010000000130000001C000000A0
:1031E0001600000019000000190000001C0000007B
:1031F000160000001C000000130000001900000071
:10320000160000001600000013000000100000006F
:103210001300000010000000100000001300000068
:103220001000000016000000160000001900000049
:103230001C000000130000001C000000190000002A
:10324000190000001C000000000000000000000049
:103250000000000007000000000000000A0000005D
:103260000D0000000D0000000A0000000700000033
:103270000D000000040000000A0000000100000032
:10328000010000000400000007000000070000002B
:10329000040000000A000000010000000D00000012
:1032A0000D000000010000000A0000000400000002
:1032B00007000000040000000700000001000000FB
:1032C000010000000A000000040000000D000000E2
:1032D0000D0000000D0000000A00000001000000C9
:1032E00007000000040000000400000001000000CE
:1032F00007000000010000000A00000004000000B8
:1033000007000000070000000A0000000D00000098
:103310000A0000000D0000000D0000000A0000007F
:103320000D0000000700000007000000040000007E
:10333000010000000A00000001000000040000007D
:103340000400000001000000000000000000000078
:103350000000000007000000000000000A0000005C
:103360000D0000000D0000000A0000000700000032
:103370000D000000040000000A0000000100000031
:10338000010000000400000007000000070000002A
:10339000040000000A000000010000000D00000011
:1033A0000D000000010000000A0000000400000001
:1033B00007000000040000000700000001000000FA
:1033C000010000000A000000040000000D000000E1
:1033D0000D0000000D0000000A00000001000000C8
:1033E00007000000040000000400000001000000CD
:1033F00007000000010000000A00000004000000B7
:1034000007000000070000000A0000000D00000097
:103410000A0000000D0000000D0000000A0000007E
:103420000D0000000700000007000000040000007D
:10343000010000000A00000001000000040000007C
:103440000400000001000000000000000000000077
:103450000000000016000000000000001300000043
:103460001000000010000000130000001600000013
:103470001000000019000000130000001C000000F4
:103480001C000000190000001600000016000000DB
:1034900019000000130000001C00000010000000D4
:1034A000100000001C0000001300000019000000C4
:1034B0001600000019000000160000001C000000AB
:1034C0001C000000130000001900000010000000A4
:1034D0001000000010000000130000001C0000009D
:1034E0001600000019000000190000001C00000078
:1034F000160000001C00000013000000190000006E
:10350000160000001600000013000000100000006C
:103510001300000010000000100000001300000065
:103520001000000016000000160000001900000046
:103530001C000000130000001C0000001900000027
:10354000190000001C000000000000000000000046
:103550000000000019000000000000001900000039
:1035600022000000190000002200000022000000DC
:1035700016000000220000001600000022000000DB
:103580001F0000001F000000160000001F000000C8
:10359000160000001F000000160000001F000000C1
:1035A0001C000000130000001C00000013000000BD
:1035B0001C0000001C000000130000001C000000A4
:1035C00019000000130000001900000010000000A6
:1035D0000D000000130000000D00000010000000AE
:1035E0000D000000100000000D0000000D000000A4
:1035F000100000000A000000100000000A00000097
:103600000A000000040000000A0000000A00000098
:103610000400000007000000040000000700000094
:10362000010000000700000001000000070000008A
:10363000070000000100000004000000010000007D
:103640000400000001000000000000000000000075
:10365000000000000A000000000000000A00000056
:10366000020000000A00000001000000010000004C
:103670000D000000010000000D000000010000002E
:1036800004000000040000000D0000000400000021
:103690000D000000040000000D0000000400000008
:1036A00007000000100000000700000010000000EC
:1036B00007000000070000001000000007000000E5
:1036C0000A000000100000000A00000013000000C3
:1036D000160000001000000016000000130000009B
:1036E0001600000013000000160000001600000085
:1036F0001300000019000000130000001900000072
:10370000190000001F00000019000000190000004F
:103710001F0000001C0000001F0000001C00000033
:10372000220000001C000000220000001C0000001D
:103730001C000000220000001F000000220000000A
:103740001F00000022000000000000000000000038
:10375000000000000A000000000000000A00000055
:10376000010000000A00000001000000010000004C
:103770000D000000010000000D000000010000002D
:1037800004000000040000000D0000000400000020
:103790000D000000040000000D0000000400000007
:1037A00007000000100000000700000010000000EB
:1037B00007000000070000001000000007000000E4
:1037C0000A000000100000000A00000013000000C2
:1037D000160000001000000016000000130000009A
:1037E0001600000013000000160000001600000084
:1037F0001300000019000000130000001900000071
:10380000190000001F00000019000000190000004E
:103810001F0000001C0000001F0000001C00000032
:10382000220000001C000000220000001C0000001C
:103830001C000000220000001F0000002200000009
:103840001F00000022000000000000000000000037
:103850000000000019000000000000001900000036
:1038600022000000190000002200000022000000D9
:1038700016000000220000001600000022000000D8
:103880001F0000001F000000160000001F000000C5
:10389000160000001F000000160000001F000000BE
:1038A0001C000000130000001C00000013000000BA
:1038B0001C0000001C000000130000001C000000A1
:1038C00019000000130000001900000010000000A3
:1038D0000D000000130000000D00000010000000AB
:1038E0000D000000100000000D0000000D000000A1
:1038F000100000000A000000100000000A00000094
:103900000A000000040000000A0000000A00000095
:103910000400000007000000040000000700000091
:103920000200000007000000020000000700000085
:103930000700000002000000040000000200000078
:0C39400004000000020000000000000075
:08394C000C09FF7F01000000DF
:043954001542000810
:04395800F141000831
:10395C0000127A000100000010000000090743006B
:10396C00020104C032090400000102020100052416
:10397C0000100105240100010424020205240600A4
:10398C00010705820308001009040100020A000067
:10399C0000070501024000000705810240000000FD
:1039AC0009024300020100C03209040000010202B6
:1039BC000100052400100105240100010424020269
:1039CC000524060001070582030800100904010004
:1039DC00020A0000000705010240000007058102F1
:1039EC004000000009024300020100C0320904003B
:1039FC000001020201000524001001052401000150
:103A0C0004240202052406000107058203080010A5
:103A1C0009040100020A000000070501020002006F
:103A2C000705810200020000AF8000086D800008CD
:103A3C00CB7F000800000000057F00088B7F00088A
:103A4C005D7F000800000000000000000000000086
:103A5C00397F00082D7F0008457F0008517F000842
:103A6C000A0600020000004001000000AAAAAAAA4F
:103A7C001A0300000000000000000000000000001D
:103A8C000000000000000000000000000403090416
:103A9C00120100020202004083044057000201029E
:103AAC00030100004D9F0008599F0008CD9F00089E
:103ABC00E99F0008919F000805A0000821A00008BC
:103ACC00D9A000083DA0000841A0000845A00008AE
:103ADC0001FFFFFFFF0102000105000101000000D2
:103AEC000000000003000000146F0020A001002063
:103AFC0000000000146F00207C6F0020E46F002099
:103B0C0000000000000000000000000000000000A9
:103B1C000000000000000000000000000000000099
:103B2C000000000000000000000000000000000089
:0C3B3C000000000000000000000000007D
:040000050800AC390A
:00000001FF
