:020000040800F2
:1040000000C0002039AC000845AA000847AA0008F3
:1040100049AA00084BAA00084DAA000800000000A9
:10402000000000000000000000000000B19A00083D
:104030004FAA000800000000419B0008F59400080A
:1040400081AC000881AC000881AC000881AC00089C
:1040500081AC000881AC000881AC000881AC00088C
:1040600081AC000881AC000881AC000881AC00087C
:1040700081AC000881AC000881AC000851AA00089E
:1040800081AC000881AC000881AC000881AC00085C
:104090005DAA000881AC000881AC000881AC000872
:1040A00081AC000881AC000881AC000881AC00083C
:1040B00081AC000881AC000869AA000881AC000846
:1040C00081AC000881AC000881AC000881AC00081C
:1040D00081AC000875AA000881AC000881AC00081A
:1040E00081AC000881AC000881AC000881AC0008FC
:1040F00081AC000881AC000881AC000881AC0008EC
:1041000081AC000881AC000881AC000881AC0008DB
:1041100081AC000881AC000881AC000881AC0008CB
:1041200081AC000881AC000881AC000881AC0008BB
:10413000000000000000000000000000000000007F
:10414000000000000000000000000000000000006F
:10415000000000000000000000000000000000005F
:10416000000000000000000000000000000000004F
:10417000000000000000000000000000000000003F
:10418000000000000000000000000000000000002F
:10419000000000000000000000000000000000001F
:1041A000000000000000000000000000000000000F
:1041B00000000000000000000000000000000000FF
:1041C00000000000000000000000000000000000EF
:1041D00000000000000000000000000000000000DF
:0441E0005FF8E0F1B3
:1041F00010B5054C237833B9044B13B10448AFF321
:1042000000800123237010BDEC010020000000009D
:104210008C0E010808B5034B1BB103490348AFF3EB
:10422000008008BD00000000F00100208C0E010895
:10423000002902D0B0FBF1F0704708B14FF0FF3019
:1042400000F008B80029F8D00246B0FBF1F000FBFE
:1042500011217047704700BF034613F8012B002A55
:10426000FBD1181A013870477047704790F83D30FD
:10427000012B28D1022380F83D300368DA6842F030
:104280000102DA60114A934212D002F500629342B1
:104290000ED0B3F1804F0BD0A2F59832934207D0E5
:1042A00002F58062934203D002F58062934204D10A
:1042B0009A6802F00702062A03D01A6842F0010247
:1042C0001A60002070470120704700BF002C014099
:1042D0007047704770477047036870B5DD681E69A6
:1042E0000446B1070DD5AA070BD56FF002021A617B
:1042F000012202779B699B0769D0FFF7EAFF002341
:104300002377710710D56A070ED56FF00402236872
:1043100020461A61022222779B6913F4407F5CD009
:10432000FFF7D7FF0023237733070FD528070DD5D5
:104330006FF00802236820461A6104222277DB69A5
:10434000990750D0FFF7C5FF00232377F20610D559
:10435000EB060ED56FF01002236820461A61082282
:104360002277DB6913F4407F43D0FFF7B2FF0023CD
:104370002377F00708D5E90706D56FF00102236817
:1043800020461A6106F004F8320608D52B0606D539
:104390006FF08002236820461A6100F09CF87006D6
:1043A00008D5690606D56FF04002236820461A61D9
:1043B000FFF791FFB20622D5AB0620D56FF02002A1
:1043C00023682046BDE870401A6100F083B8FFF70B
:1043D0007FFF2046FFF77EFF91E7FFF779FF20463A
:1043E000FFF778FF9EE7FFF773FF2046FFF772FFA6
:1043F000AAE7FFF76DFF2046FFF76CFFB7E770BD38
:104400001D4A0368904212D002F5006290420ED01D
:10441000B0F1804F0BD0A2F59832904207D002F550
:104420008062904203D002F58062904207D14A68D0
:1044300023F070031343CA6823F4407313434A699B
:1044400023F08003134303608B68C3620B688362AD
:10445000094B984203D003F50063984201D10B69E0
:104460000363012343610369DB0742BF036923F050
:1044700001030361704700BF002C014010B50446E2
:1044800030B390F83D3003F0FF021BB980F83C20B8
:10449000FFF7EBFE0223206884F83D30211DFFF773
:1044A000AFFF0123002084F8463084F83E3084F8C2
:1044B0003F3084F8403084F8413084F8423084F84A
:1044C000433084F8443084F8453084F83D3010BDE2
:1044D0000120FCE770477047F8B50446E0B190F85A
:1044E000913203F0FF021BB980F8902205F0FEFB29
:1044F000032384F8913200232546637155F8040B99
:1045000000F09EFE95E80E00206800F089FE01464E
:1045100028B1022384F8913201252846F8BD20688D
:1045200000F098FE0028F4D102460127267904F114
:104530001003C1B28E4203F1280318D800210A46A5
:1045400004F5A873C8B2864203F128031BD895E886
:104550000E00206800F080FE05460028D9D1012316
:104560006073206884F8913201F02CF9D5E743E9B3
:10457000062203F8277C03F8281C03F8252C43F8AF
:10458000102C0130D5E743E9062203F8272C03F865
:10459000280C03F8252C43F8102C0131D2E738B54C
:1045A00090F890320446012B10D0012580F89052EB
:1045B000006800F03CFE2946204605F09EFC20687D
:1045C00001F0FEF8002084F8900238BD0220FCE7DC
:1045D00010B590F890220446012A0AD001224173B6
:1045E00080F89022006801F0E5F8002084F890023D
:1045F00010BD0220FCE700002DE9F04F044685B015
:10460000006801F0E1F810F4004500F04F8428251F
:10461000C64E2068B0F844301F0402D405B0BDE88F
:10462000F08FB0F8443013F00F0799B240F0C0801B
:1046300011F0100126D103889BB2334043F40043AC
:104640000380B0F85030227C9BB203EBC20300EB36
:104650004303B3F80434626AC3F309031A44E36200
:104660002046626205F071FB637B002BD1D0A26A09
:104670002168002ACDD1637B43F08003A1F84C3040
:104680006273C6E70788BBB217F4006721D0B0F8A1
:10469000503094F850219BB203EBC20300EB43036C
:1046A000B3F80C34B4F85621C3F30903C4F86C31E1
:1046B00004F5267101F0D3FA22682046138823F00E
:1046C00070031B051B0D43F08003138005F02EFBC8
:1046D0009FE719049DD5038823F070031B051B0D6C
:1046E00043F080030380B0F8503094F850219BB21F
:1046F00003EBC20300EB4303B3F80C34C3F3090329
:10470000C4F86C318BB1D4F8641171B1B4F856218E
:1047100001F0A5FAD4F86431D4F86C213946134479
:104720002046C4F8643105F007FB21680A8893B27B
:1047300012053FF56EAF03F44053B3F5405F3FF40D
:1047400068AFB1F8502001F20C4092B2835AC3F323
:1047500009038352D4F860313E2B1DD95F09DB0673
:10476000835A08BF07F1FF379BB243EA87236FEAFA
:1047700043436FEA53439BB283520B8823F4804335
:1047800023F070031B041B0C83F4405343F40043D9
:1047900043F080030B803CE70BB9835AE7E75F08DF
:1047A000DB07835A48BF01379BB243EA8723E2E71E
:1047B00030F8273019041FFA83F840F1F68030F8FA
:1047C000273005FB074123F070031B051B0D43F049
:1047D000800320F8273091F85C3100F5806EBBB97A
:1047E000B0F8503091F850219BB2063303EBC2036E
:1047F0003EF81390C9F30909B9F1000F00F0BA802F
:104800004B46B1F85621D1F8641101F028FAB1E015
:1048100091F8533191F85021022B40F08980B0F883
:1048200050904FEAC20B1FFA89F918F4804AD1F868
:104830006831D94408F0400C3CD009F102093EF837
:104840001990C9F30909994513D90023C1F86831B2
:1048500030F8223023F4804323F070031B041B0C38
:1048600083F4005343F4004343F0800320F82230E4
:1048700005E0A3EB0903C1F86831002BE8D0BCF1D7
:10488000000F0DD030F8223023F4E04323F0700302
:104890001B041B0C43F4004343F0C00320F82230F8
:1048A000B9F1000F66D0282101FB07414B46B1F852
:1048B0005821A8E709F106093EF81990C9F309093A
:1048C000994512D9C1F868A130F8223023F4804309
:1048D00023F070031B041B0C83F4005343F40043C8
:1048E00043F0800320F8223005E0A3EB0903C1F870
:1048F0006831002BE8D0BCF1000F0DD130F8223028
:1049000023F4E04323F070031B041B0C43F4004327
:1049100043F0C00320F82230B9F1000F2AD028213B
:1049200001FB07414B46B1F85A216CE70F8FFFFF9F
:1049300030F8223023F4E04323F070031B041B0CF7
:1049400043F4004343F0C00320F8223091F8503183
:1049500030F82320DB0012F4804FB0F8502092B2E0
:1049600054D0023213443EF81390C9F30909B9F147
:10497000000F9BD105FB07F16318D3F86C214A4463
:10498000C3F86C21D3F864214A44C3F86421D3F8F6
:1049900068211AB1D3F86031994541D205FB07432C
:1049A000204693F8501105F0C7F918F0800F2068E1
:1049B0003FF42FAE30F8273005FB07FC9BB23340A5
:1049C00043F4004320F8273004EB0C03DA7C012A7F
:1049D00056D1002107FB0552A1501A7F92B318F05F
:1049E00040085A7C36D012BBB0F850201B7C92B2E3
:1049F0001B0100F2044010441A5AC2F309021A5271
:104A00001A5A92B242F400421A521BE00632134480
:104A10003EF81390C9F30909B9F1000FAAD081E754
:104A200001F5A8712068214400F0E4FEBDE7012AE9
:104A300008D1B0F850201B7C92B200F204401B0158
:104A400010441952282303FB0743197C204605F024
:104A50007CF9DEE53AB9B0F850201B7C92B21B011C
:104A600000F20C40C7E7012AECD1B0F850201B7CC3
:104A700092B200F20C401B01104423F80080E1E7E1
:104A8000197C18F4807E9A6A4FEAC10A00F58069A1
:104A90001BD1B0F85070BFB25744023739F81770C5
:104AA000C7F30907974202D3C3F828E0CEE7D21B29
:104AB0009A625A6A0CF110013A445A62DA6A214445
:104AC0003A44DA6200F096FEA3E5B0F850C018F060
:104AD000400E1FFA8CFCD44408F4804800F0F480A7
:104AE0000CF1020C39F81CC01FFA88F8CCF3090C41
:104AF00094452CBF0022A2EB0C029A62002A5BD1E3
:104B0000282303FB07435B7C002B41D1B0F85020E6
:104B100000F2044C92B20B0194443CF80320C2F31F
:104B200009022CF803203CF803206FEA42426FEAA6
:104B3000524292B22CF80320B0F8502000F20C4000
:104B400092B21044C25AC2F30902C252C25A6FEA68
:104B500042426FEA524292B2C252204605F0F5F844
:104B6000B8F1000F00F0F480282303FB074322680C
:104B7000197C32F8213023F4E04323F070031B0446
:104B80001B0C43F4404343F0800322F82130DFE064
:104B9000012BE2D1B0F850E000F2044C1FFA8EFE77
:104BA000F4440B012CF80320B0F850C000F20C4084
:104BB0001FFA8CFC6044CFE7B8F1000F0DD030F83D
:104BC000212022F4E04222F070021204120C42F47E
:104BD000404242F0800220F821204FF0280808FBD4
:104BE000074898F83420012A40F0B280D8F82420F1
:104BF00002EB0C0EC8F824E0DA6A6244DA62D8F8F4
:104C00003030D8F82020934235D39B1AC8F8303082
:104C1000282303FB074393F811C093B2BCF1000FA4
:104C200045D1B0F8508000F2044C1FFA88F8C44413
:104C300009013CF801803E2AC8F309082CF80180DC
:104C400025D94FEA5218D2063CF8012008BF08F1D6
:104C5000FF3892B242EA88226FEA42426FEA524239
:104C600092B22CF80120282202FB0742128B7146D7
:104C700000F0B0FD6CE01BB9624688F83430C7E73D
:104C8000002288F83420C8F830201A46C0E712B94C
:104C90003CF80120E0E74FEA5208D2073CF8012037
:104CA00048BF08F1010892B242EA8822D8E7BCF175
:104CB000010FD8D1B0F850C000F204421FFA8CFCAA
:104CC000624409015352CEE70CF1060C39F81CC0BE
:104CD0001FFA88F8CCF3090C94458CBF7246A2EBFE
:104CE0000C029A62002A5DD1282303FB07435B7CF8
:104CF000002B43D1B0F8502000F2044C92B20B01CB
:104D000094443CF80320C2F309022CF803203CF839
:104D100003206FEA42426FEA524292B22CF803201B
:104D2000B0F8502000F20C4092B21044C25AC2F3C4
:104D30000902C252C25A6FEA42426FEA524292B22A
:104D4000C252204605F001F8B8F1000F3FF40CAF55
:104D5000282303FB07432268197C32F8213023F40F
:104D6000E04323F040031B041B0C83F0300343F4A7
:104D7000004343F0800322F821304AE4012BE0D1C4
:104D8000B0F850E000F2044C1FFA8EFEF4440B0120
:104D90002CF80320B0F850C000F20C401FFA8CFC35
:104DA0006044CDE7B8F1000F0DD130F8212022F496
:104DB000E04222F070021204120C42F4404242F02F
:104DC000800220F821204FF0280808FB074898F8B7
:104DD0003420012ABCD1D8F8242002EB0C0EC8F8EC
:104DE00024E0DA6A6244DA62D8F83030D8F8202059
:104DF000934232D39B1AC8F83030282303FB074371
:104E000093F811C093B2BCF1000F42D1B0F85080BA
:104E100000F20C4C1FFA88F8C44409013CF80180E8
:104E20003E2AC8F309082CF8018022D94FEA52180B
:104E3000D2063CF8012008BF08F1FF3892B242EADE
:104E400088226FEA42426FEA524292B22CF8012065
:104E5000282202FB0742528B09E71BB9624688F8F9
:104E60003430CAE70022C8F8302088F834201A46C7
:104E7000C3E712B93CF80120E3E74FEA5208D20732
:104E80003CF8012048BF08F1010892B242EA8822AA
:104E9000DBE7BCF1010FDBD1B0F8502000F20C4C85
:104EA00092B294440A012CF80230D1E7460512D59B
:104EB00022682046B2F8443023F480631B041B0CA4
:104EC000A2F8443004F04DFF2946204605B0BDE865
:104ED000F04FFFF77DBB41040AD52268B2F8443099
:104EE00023F480431B041B0CA2F84430FFF796BB4D
:104EF000820405D52268B2F8443023F40053F1E768
:104F0000C30419D522682046B2F8403023F00403C8
:104F10001B041B0CA2F84030B2F8403023F0080309
:104F20001B041B0CA2F8403004F03EFF2268B2F8CC
:104F3000443023F48053D5E7070548D568462368F5
:104F4000064619461A4603F1200532F8047B9542BD
:104F500026F8027BF9D1B3F8402092B242F0010268
:104F6000A3F84020B3F8402022F001021204120CF2
:104F7000A3F84020B3F844205605FBD5B3F84420ED
:104F800022F480621204120CA3F8442030F8022BA1
:104F900021F8042B8D42F9D1B3F84020204692B27B
:104FA00042F00802A3F84020B3F8442022F4006243
:104FB0001204120CA3F84420B3F8402092B242F03D
:104FC0000402A3F8402004F0DFFEFFF727BB8205B0
:104FD0000DD522682046B2F8443023F400731B0438
:104FE0001B0CA2F8443004F0B8FEFFF717BBC30552
:104FF0007FF514AB2268B2F8443023F4807371E774
:1050000070B52824054601F00700444311F0800FD5
:1050100014BF04F1100104F5A87105EB040615BFD7
:1050200001240024747486F8514114BF49194919A8
:10503000022BCB7008BF0023087008BF0B710A61F8
:1050400095F89032012B09D00123286885F8903219
:1050500000F014F9002085F8900270BD0220FCE7F2
:10506000282301F00702534311F0800F10B50446C6
:1050700018BF03F1100118440BBF03F5A8710123F9
:10508000002309190ABF0919437480F851310A70C5
:1050900094F89032012B09D00123206884F89032D3
:1050A00000F04CFA002084F8900210BD0220FCE7CA
:1050B00070B52824002601F007014C43051985F836
:1050C000501104F5A8710144C5E95923C5F86C6174
:1050D00085F85161006800F08DFB304670BD2823D3
:1050E00001F0070103FB0100D0F86C01704770B5B7
:1050F000282501F007014D4344190026C4E909237E
:105100000122217405F11001014484F83420236345
:10511000E6626274006800F06DFB304670BD38B521
:10512000037901F00705AB4204462AD311F0800F42
:105130004FF028031CD001226B4303F110010344FC
:1051400001445A7401230D708B7094F890229A4296
:1051500019D0206884F8903200F0C3FA25B920688D
:1051600004F5267100F034FB002084F8900238BD6D
:1051700000224B4303F5A8710344014483F85121F5
:10518000E0E70120F3E70220F1E738B5027901F00A
:105190000F039A42044626D3282301F00702534303
:1051A00011F0800F14BF03F1100103F5A87118442A
:1051B0004FF0000515BF012300230919091914BF79
:1051C000437480F851318D700A7094F89032012B3D
:1051D0000BD00123206884F8903200F0A2FA284610
:1051E00084F8905238BD0120FCE70220FAE710B5A0
:1051F000282411F0800F1BBF01F0070104FB010000
:1052000004FB0100103008BF00F5A87099B21AB96C
:105210000273C180002010BD012283600273F9E790
:1052200084B004A800E90E00002004B070470346D3
:105230004FF43F420020A3F84400A3F840207047F9
:10524000B0F8403023F47C535B045B0CA0F8403092
:1052500000207047002070471FB5044604A800E9ED
:105260000E0000200123A4F84030A4F84000A4F868
:105270004400A4F8500004B010BD0000F0B50A7856
:10528000CD7830F82240034624F4EC4424F0700436
:105290002404240C032D03D8DFE805F041494745D9
:1052A000012048F28006344323F8224033F822409C
:1052B0009F4FA4B23C401443344323F822400C7B5C
:1052C00003EB021C002C40F08D80CC884E786408E3
:1052D00064007EB3B3F8501089B26144A1F8004471
:1052E00033F82210490609D533F8221089B2394023
:1052F00041F4004141F0C00123F8221033F822109C
:105300008C4C89B2012D01EA040101D081F0200109
:1053100041F4004141F0800123F822104CE028467E
:1053200044F40074BDE744F4C0640020B9E744F4D9
:105330008064FAE7B3F850500969ADB26544A5F846
:105340000844B3F850403E29A4B26444B4F80C5465
:10535000C5F30905A4F80C542FD94D09CE06B4F8AD
:105360000C1408BF05F1FF3589B241EA85216FEAC7
:1053700041416FEA514189B2A4F80C1433F822106C
:105380004F040DD533F8221021F4E04121F07001D3
:105390000904090C41F4404141F0800123F8221036
:1053A000654CC2B91A8892B2224082F4405242F44B
:1053B000004242F080021A80F0BD11B9B4F80C141A
:1053C000D5E74D08C907B4F80C1448BF013589B2B8
:1053D00041EA8521CFE733F8221089B2214081F4D8
:1053E000005195E7022D33F822405BD1A4B23C4036
:1053F00044F4014444F0800423F82240B3F85040C0
:105400000E89A4B2760864447600A4F800644E893C
:10541000B3F850407608A4B264447600A4F8086457
:105420004978002948D133F822104E040DD533F8BD
:10543000221021F4E04121F070010904090C41F42B
:10544000404141F0800123F8221033F822104D062C
:105450000DD533F8221021F4E04121F07001090448
:10546000090C41F4004141F0C00123F8221048F238
:10547000800433F8221021F4804121F070010904E6
:10548000090C81F44051214323F8221033F82210F3
:1054900021F4E04121F040010904090C0C4323F8F8
:1054A000224089E724F4E24424F070042404240C0C
:1054B000264323F82260A1E733F822104C040DD5CF
:1054C00033F8221021F4E04121F070010904090CA5
:1054D00041F4404141F0800123F8221033F82210BA
:1054E00049060DD533F8221021F4E04121F0700176
:1054F0000904090C41F4004141F0C00123F82210D5
:1055000033F822100B4C89B22140012D18BF81F0D5
:10551000200141F4004141F0800123F8221033F8CA
:10552000221021F4804121F070010904090CEFE6FA
:105530008F8FFFFFBF8FFFFF8FBFFFFF4A780B7872
:10554000097BD9BB0AB330F8232051060DD530F8BA
:10555000232022F4E04222F070021204120C42F4E2
:10556000004242F0C00220F8232030F8232022F429
:10557000E04222F040021204120C42F4004242F0D7
:10558000800220F823200020704730F823205204A6
:105590000DD530F8232022F4E04222F070021204EC
:1055A000120C42F4404242F0800220F8232030F8EE
:1055B000232022F4804222F07002DCE7002A4AD144
:1055C00030F8232051040DD530F8232022F4E04296
:1055D00022F070021204120C42F4404242F08002A7
:1055E00020F8232030F8232052060DD530F8232050
:1055F00022F4E04222F070021204120C42F4004243
:1056000042F0C00220F8232048F2800130F8232025
:1056100022F4E04222F070021204120C42F4004222
:1056200042F0C00220F8232030F8232022F48042E8
:1056300022F070021204120C0A4320F8232030F8E2
:10564000232022F4E04222F040021204120C114303
:1056500020F8231097E730F8232051040DD530F8B7
:10566000232022F4E04222F070021204120C42F4D1
:10567000404242F0800220F8232030F823205206D6
:105680000DD530F8232022F4E04222F070021204FB
:10569000120C42F4004242F0C00220F8232048F2EB
:1056A000800130F8232022F4E04222F0700212043C
:1056B000120C42F4404242F0800220F8232030F8DD
:1056C000232022F4E04222F040021204120C0A438A
:1056D00020F8232030F8232022F4804222F07002A8
:1056E000B3E74B780A788BB130F8223023F4E043EB
:1056F00023F040031B041B0C83F0100343F400430E
:1057000043F0800320F822300020704730F8223028
:1057100023F4804323F070031B041B0C83F4805399
:10572000ECE70B7B3BBB4B780A7833B330F8223085
:105730005B060DD530F8223023F4E04323F07003EC
:105740001B041B0C43F4004343F0C00320F8223039
:10575000CB78012B0FD030F8223023F4E04323F034
:1057600040031B041B0C83F0200343F4004343F06D
:10577000800320F822300020704730F822305B048C
:105780000DD530F8223023F4E04323F070031B04DE
:105790001B0C43F4404343F0800320F8223030F8E0
:1057A000223023F4804323F070031B041B0C83F48A
:1057B0004053DAE711B98023A0F84C30002070473D
:1057C0000020704700207047B0F8440080B2704756
:1057D0000020704700EB4200013300F580605B0859
:1057E00000EB8303834200D1704731F8022B20F88D
:1057F000042BF7E72DE9F0474B780446012B0D46C3
:105800000A7B40F01881D1F810908F6949694F45A3
:1058100028BF4F460ABBBFB2EA883B46FFF7DAFF14
:10582000B4F85000297880B204F20442090102441D
:105830008F522A7834F8223023F4E04323F04003D7
:105840001B041B0C83F03003002043F4004343F09F
:10585000800324F82230BDE8F087EB7895F800E06B
:10586000022B2E6A4FEA0E1C40F0D080B14530F872
:105870002E2080F0B48022F4E04222F07002120464
:10588000120C42F4014242F0800220F82E2030F83F
:105890002E80B0F850E0F61B18F040082E6201EBA5
:1058A000070ABBB21FFA8EFE4ED000F20C427244C1
:1058B00022F80C306A89FFF78DFFB14536BFF31B24
:1058C00000233E466A782B62C5F814A0B3B27ABBB7
:1058D000B4F85020287892B204F204410001114437
:1058E000425A3E2EC2F30902425214D9425A770953
:1058F000F60608BF07F1FF3792B242EA87226FEA45
:1059000042426FEA524292B242522A89514620469E
:10591000FFF760FF8DE70EB9425AF0E7F207425AEF
:105920004FEA560748BF013792B242EA8722EAE7B8
:10593000012AEAD1B4F85000297880B204F2044276
:10594000090102448B52E0E700F20442724422F85B
:105950000C302A89FFF73EFFB14536BFF31B4346A3
:105960003E466A782B62C5F814A0B3B25ABBB4F8AD
:105970005020287892B204F20C4100011144425A9E
:105980003E2EC2F30902425210D9425A7709F60656
:1059900008BF07F1FF3792B242EA87226FEA42421C
:1059A0006FEA524292B242526A89AFE70EB9425A46
:1059B000F4E7F207425A4FEA560748BF013792B25E
:1059C00042EA8722EEE7012AEED1B4F850002978A6
:1059D00080B204F20C42090102448B52E4E722F443
:1059E000E24222F070021204120C42F4004242F031
:1059F000800220F82E20B0F8503000F204429BB212
:105A00001A44B3B222F80C302A8981E7F61B30F829
:105A10002E202E62B0F85060BBB25706B6B206D543
:105A200000F20C42324422F80C306A8970E700F22E
:105A300004423244E6E7002A3BD18B690969B0F899
:105A400050008B4284BF5A1A0B462978AA6180B253
:105A500004F20C4209010244885A3E2BC0F30900AB
:105A600088521AD95809DE068B5A08BF00F1FF3058
:105A70009BB243EA80236FEA43436FEA53439BB2EE
:105A80008B522A7834F8223023F4804323F07003B9
:105A90001B041B0C83F44053D6E60BB98B5AEAE780
:105AA0005808DB078B5A48BF01309BB243EA80237A
:105AB000E5E7CA78022A70D1002B38D1B0F850201F
:105AC0000B7892B200F204401B011044C25AC2F398
:105AD0000902C2520A693E2A46D9C15A5609D70656
:105AE00008BF06F1FF3689B241EA86216FEA4141DB
:105AF0006FEA514189B2C152B4F8500004F20C412E
:105B000080B20144C85A3E2AC0F30900C85238D9AD
:105B10005009D706CA5A08BF00F1FF3092B242EAD4
:105B200080226FEA42426FEA524292B2CA52EB6955
:105B3000002BA6D044F240032A7834F8221003EA5E
:105B400001008B4301D000289BD134F8223023F48C
:105B5000E04323F070031B041B0C43F4004343F0A9
:105B6000C00324F822308CE70AB9C15ABEE7D10736
:105B7000C15A4FEA520648BF013689B241EA86212E
:105B8000B8E70AB9CA5ACCE75008D607CA5A48BF7C
:105B9000013092B242EA8022C7E7012A5DD18A69C8
:105BA00009698A4294BF0020501AA86188BF0A463A
:105BB000002B7FF466AFB4F850102B7889B204F252
:105BC00004401B010844C15A3E2AC1F30901C152D5
:105BD0002BD9D106C15A4FEA521608BF06F1FF363B
:105BE00089B241EA86216FEA41416FEA514189B2A7
:105BF000C152B4F8500004F20C4180B20144C85ABA
:105C00003E2AC0F30900C8521BD95009D606CA5A09
:105C100008BF00F1FF3092B242EA80226FEA4242AE
:105C20006FEA524292B2CA522BE70AB9C15ADAE776
:105C3000C15A5608D70748BF013689B241EA8621C2
:105C4000D5E70AB9CA5AE9E75008D207CA5A48BF85
:105C5000013092B242EA8022E4E70120FBE500EB4A
:105C60004200F0B500F580605D080C4607462E4600
:105C7000023436B9DB0744BF30F8253001F815305F
:105C8000F0BD37F8042B013E92B204F8022C120A40
:105C900004F8012CECE70000074A08B5136803205C
:105CA00043F01003136000F01BFE0F2004F01EFFF2
:105CB00004F0E6FE002008BD00200240034A044B29
:105CC00011681B780B441360704700BF0802002066
:105CD00004000020014B1868704700BF0802002034
:105CE00038B50446FFF7F6FF0546631C1EBF044B9C
:105CF0001B78E418FFF7EEFF431BA342FAD338BD2D
:105D0000040000202DE9F341054638B30368DB07A2
:105D100010D42B689F075ED42B68190700F195807B
:105D20002B685A0700F1C180EB69002B40F02C81F1
:105D3000002029E0904C636803F00C03042B07D08B
:105D4000636803F00C03082B0AD16368DE0307D5F0
:105D500023689C03DDD56B68002BDAD1012013E0AA
:105D60006B68B3F5803F12D1236843F4803323601E
:105D7000FFF7B0FF064623689803CAD4FFF7AAFFCF
:105D8000801B6428F7D9032002B0BDE8F0819BB9DD
:105D9000236823F480332360236823F48023236063
:105DA000FFF798FF064623689903B2D5FFF792FFE5
:105DB000801B6428F7D9E6E7B3F5A02F236803D149
:105DC00043F480232360CFE723F4803323602368E8
:105DD00023F48023CBE7684C636813F00C0F07D0E3
:105DE000636803F00C03082B10D16368DA030DD449
:105DF00023689B0702D52B69012BAFD123686A6901
:105E000023F0F80343EAC203236085E72A695B4B6A
:105E10006AB101221A60FFF75DFF064623689F07FB
:105E2000ECD4FFF757FF801B0228F7D9ABE71A60C5
:105E3000FFF750FF0646236898077FF56DAFFFF721
:105E400049FF801B0228F6D99DE7AA694A4E4B4BB1
:105E5000E2B10122C3F88024FFF73CFF0446736AD5
:105E60009B070DD54FF4FA52454B1B68B3FBF2F379
:105E7000019300BF019B5A1E0192002BF9D14FE7FD
:105E8000FFF728FF001B0228E9D97CE7C3F880242C
:105E9000FFF720FF0446736A9F077FF541AFFFF7C6
:105EA00019FF001B0228F6D96DE7334CE369D800CF
:105EB00024D40127E36943F08053E361E36903F0ED
:105EC00080530093009B2F4E3368D90518D5EB689B
:105ED000012B26D1236A43F001032362FFF7FAFE68
:105EE00041F288380646236A9B073FD5002F3FF4CE
:105EF0001BAFE36923F08053E36115E70027E2E776
:105F0000336843F480733360FFF7E4FE8046336800
:105F1000DA05DCD4FFF7DEFEA0EB08006428F6D932
:105F200031E7ABB9236A41F2883823F001032362D9
:105F3000236A23F004032362FFF7CCFE0646236A9C
:105F40009807D3D5FFF7C6FE801B4045F7D91AE75F
:105F5000052B236A03D143F004032362BAE723F03D
:105F600001032362236A23F00403B6E7FFF7B2FEBE
:105F7000801B4045B7D906E70010024000004242AE
:105F800000000020007000402A4C626802F00C0201
:105F9000082A3ED00022022B274B1A662CD1FFF78D
:105FA00099FE06462368990120D42B6AB3F5803FF9
:105FB00005D16268A96822F400320A436260696A06
:105FC00062680B4322F474121343012263601A4B7C
:105FD0001A66FFF77FFE054623689A013FF5A8AED3
:105FE000FFF778FE401B0228F6D9CCE6FFF772FED9
:105FF000801B0228D6D9C6E6FFF76CFE054623684B
:106000009B017FF595AEFFF765FE401B0228F6D990
:10601000B9E6012B3FF4A2AE60682B6A00F480322F
:106020009A427FF49BAE6B6A00F47010C01A18BFDE
:106030000120A9E600100240000042420D4A5368C8
:1060400003F00C01082912D10B48C3F38341DB0391
:10605000405C09D55368094AC3F340435043084A9A
:10606000D35CB0FBF3F07047064B584370470348CE
:10607000704700BF00100240E216010800127A00CB
:10608000E016010800093D002DE9F0410D460446E7
:1060900010B90120BDE8F081444A136803F00703FA
:1060A0008B4228D321688E0730D4CA0743D43F4A95
:1060B000136803F00703AB4265D822683C4D12F029
:1060C000040F6CD1130706D56B68226923F4605363
:1060D00043EAC2036B60FFF7B1FF6B68354AC3F355
:1060E0000313D35CD840344B1860344B186804F069
:1060F000FDFC0020CEE7136823F007030B43136079
:10610000136803F007038B42C3D1CBE7284B11F090
:10611000040F1EBF5A6842F4E0625A60080742BF8B
:106120005A6842F460525A605A68A06822F0F0023D
:1061300002435A60B9E762681D4E012A33681AD1DA
:1061400013F4003FA5D0736841F2883823F00303AD
:1061500013437360FFF7BEFD07467368626803F080
:106160000C03B3EB820FA2D0FFF7B4FDC01B404578
:10617000F3D903208EE7022A02D113F0007FE1E772
:1061800013F0020FDEE7136823F007032B431360BD
:10619000136803F00703AB427FF47BAF8DE76B68B6
:1061A000E16823F4E0630B436B608BE7002002405F
:1061B00000100240D0160108000000200800002056
:1061C000044B054A5B68C3F30223D35C034A10689F
:1061D000D840704700100240C81601080000002097
:1061E000044B054A5B68C3F3C223D35C034A1068BF
:1061F000D840704700100240C81601080000002077
:106200000F2303600B4B5A6802F0030242605A6886
:1062100002F0F00282605A6802F4E062C2605B68D9
:10622000DB0803F4E0630361034B1B6803F007031F
:106230000B607047001002400020024003682DE907
:10624000F3410546D80721D5364CE369D9002BD454
:106250000126E36943F08053E361E36903F080536F
:106260000193019B304F3B68DA051FD5236A6A68AA
:1062700013F440732ED1236A6A6823F440731343E6
:1062800023621EB1E36923F08053E3612A6891071A
:1062900006D52449A8684B6823F4404303434B6068
:1062A000D30636D4002012E00026DBE73B6843F437
:1062B00080733B60FFF70EFD80463B68DB05D5D45D
:1062C000FFF708FDA0EB08006428F6D9032002B010
:1062D000BDE8F08102F440729A42CCD00120134A0A
:1062E000236AC2F84004002023F44071DF07C2F89B
:1062F00040042162BFD5FFF7EDFC41F28838074624
:10630000236A9807B7D4FFF7E5FCC01B4045F7D9CF
:10631000DCE7044A6969536823F480030B43536044
:10632000C0E700BF00100240007000400000424281
:106330002DE9F74F00244FF00F0E2646DFF89CC1E1
:10634000674B00F104080A6832FA06F502D103B07F
:10635000BDE8F08F012505FA06F702EA070537EADE
:1063600002027ED14A68032A07D8013A022A00F2C3
:106370008C80DFE802F09A9FA500122A00F09D8031
:1063800071D8112A00F09380FF2D94BF8146C14639
:106390004FEA8602D9F8007088BF203A0EFA02FA56
:1063A00027EA0A0704FA02F21743C9F80070D1F885
:1063B000049019F0805F54D0DCF8182026F0030711
:1063C00042F00102CCF81820DCF8182007F18047D1
:1063D00002F00102019207F5803706F0030A019AE4
:1063E0004FEA8A0ABA680EFA0AFB22EA0B0B3D4A08
:1063F000904269D002F58062904267D002F58062D7
:10640000904265D002F58062904263D002F58062CE
:10641000904261D002F58062904214BF06220522AC
:1064200002FA0AF242EA0B02BA609A6819F4801F73
:1064300014BF2A43AA439A60DA6819F4001F14BFF4
:106440002A43AA43DA605A6819F4003F14BF2A436A
:10645000AA435A601A6819F4803F14BF2A43AA431A
:106460001A6001366FE7DFF880904A450DD015D8E5
:10647000A9F580194A4508D009F570294A4504D084
:10648000A9F580194A457FF47FAF8A68D2B1012A05
:106490004FF008040CBF0761476175E7DFF84C90C7
:1064A0004A45F2D009F58039ECE7CC686CE7CC6856
:1064B000043469E7CC68083466E7CC680C3463E7D9
:1064C000002461E704245FE70022A9E70122A7E78F
:1064D0000222A5E70322A3E70422A1E7001002405D
:1064E00000040140000801400000221000003110AB
:1064F0008368194214BF0120002070470AB101616E
:1065000070470904FBE7C36801EA030221EA0301BB
:1065100041EA024101617047034610B580B301684A
:10652000184A1420914224D8174A0A44B2FBF0F2C8
:1065300016489200C3E90F02022283F82120D3E912
:1065400001242243DC68086822431C696FF30D10A4
:1065500022435C6922439C692243DC692243024353
:106560000A6000200122986383F8200083F821202C
:1065700010BD074A0A44B2FBF0F206489200D9E780
:106580000120F5E707040240F8FFFDBF00000240CC
:10659000F8FBFDBF00040240F0B590F82040012C4C
:1065A00034D0012480F8204090F82140012CE5B23D
:1065B0004FF0000428D1022680F82160846304682B
:1065C000266826F001062660D0E90F67BD40756099
:1065D00063604368102BC36A0BBFA260A160E160D7
:1065E000E2604BB1236843F00E0300202360236870
:1065F00043F001032360F0BD236823F0040323600C
:10660000236843F00A03F0E780F820400220F2E715
:1066100090F821200346022A06D00422826301203A
:10662000002283F8202070470268C06B116821F0B7
:106630000E011160116821F00101116001211A6C35
:1066400001FA02F24260002083F82110E8E700001E
:1066500008B590F82130022B03D004238363012076
:1066600008BD03681A6822F00E021A601A6822F048
:1066700001021A60284A934224D902F562729342B9
:1066800019D01432934218D01432934217D01432D6
:10669000934214BF4FF480334FF480531F4A53602A
:1066A000012380F82130002380F82030436B03B1B0
:1066B00098470020D4E70123F0E71023EEE74FF4DA
:1066C0008073EBE716498B4216D014318B4215D0FC
:1066D00014318B4214D014318B4214D014318B42BC
:1066E00014D014318B4214D0934214BF4FF4803332
:1066F0004FF080730B4AD2E70123FBE71023F9E741
:106700004FF48073F6E74FF48053F3E74FF4803390
:10671000F0E74FF48013EDE78000024000040240F0
:10672000080002400000024070B40425C66B026CF1
:106730003468036895402542196855D04D0753D5F4
:106740001A6896065EBF1A6822F004021A60604A50
:1067500093421FD902F56272934214D014329342CD
:1067600013D01432934212D01432934214BF4FF418
:1067700080234FF48043574A5360C36A002B00F0D4
:10678000A58070BC18470423F5E74023F3E74FF4D6
:106790008063F0E750498B4216D014318B4215D0FC
:1067A00014318B4214D014318B4214D014318B42EB
:1067B00014D014318B4214D0934214BF4FF4802371
:1067C0004FF08063454AD7E70423FBE74023F9E70E
:1067D0004FF48063F6E74FF48043F3E74FF48023F0
:1067E000F0E74FF48003EDE702259540254257D0AE
:1067F0008D0755D51A68940606D41A6822F00A0245
:106800001A60012280F82120314A93421ED902F5F4
:106810006272934213D01432934212D014329342D4
:1068200011D01432934214BF4FF400334FF400538D
:10683000284A5360002380F82030836A9EE70223B1
:10684000F6E72023F4E74FF40073F1E722498B4287
:1068500016D014318B4215D014318B4214D0143120
:106860008B4214D014318B4214D014318B4214D08B
:10687000934214BF4FF400334FF00073174AD8E728
:106880000223FBE72023F9E74FF40073F6E74FF408
:106890000053F3E74FF40033F0E74FF40013EDE754
:1068A00008259540254211D009070FD5196821F018
:1068B0000E011960012303FA02F27260836380F80B
:1068C0002130002380F82030036B57E770BC7047FD
:1068D0008000024000040240080002400000024024
:1068E00007490302CA6803F4E06322F4E062120479
:1068F000120C134343F0BF6343F40033CB60704783
:1069000000ED00E0154B30B5DC68C4F30224C4F19F
:106910000703251D042B28BF0423062D4FF0FF3548
:1069200094BF0024033C05FA03F321EA0303A540C6
:1069300022EA0502A340002843EA0203ACBF00F1AB
:106940006040074A4FEA0313DBB2ABBF00F561407A
:1069500000F00F0080F80033135430BD00ED00E06C
:1069600014ED00E0002807DB01234109034A00F091
:106970001F00834042F82130704700BF00E100E073
:106980002DE9F3471F46894690460446FFF7A2F9D2
:106990000A9D3D442D1AFFF79DF98246254B1E683E
:1069A000C6F3CB366E4301962268936839EA030337
:1069B0000CBF01230023434501D100202EE07B1CA6
:1069C000F3D0FFF787F9A0EB0A00A84229D3236888
:1069D0005A6822F0E0025A606268B2F5827F0AD1FA
:1069E000A268B2F5004F02D0B2F5806F03D11A68E9
:1069F00022F040021A60A26AB2F5005F07D11A685D
:106A000022F400521A601A6842F400521A600123FC
:106A100084F851300023032084F8503002B0BDE8E0
:106A2000F087019A019B002A03F1FF3308BF154646
:106A30000193B9E70000002073B50B4600920D46A4
:106A40001646022101220446FFF79AFF024628B1AA
:106A5000636D032043F02003636507E02B4680212C
:106A600020460096FFF78CFF0028F1D102B070BDE0
:106A700037B50B4641680446B1F5827F18D181686D
:106A8000B1F5004F02D0B1F5806F11D12568B1F595
:106A9000806F286820F04000286009D10092012111
:106AA00000222046FFF76CFF30B9002003B030BD54
:106AB000009280210022F4E7636D032043F020035D
:106AC0006365F3E710B50446002851D0436A002BF4
:106AD0004AD14268B2F5827F00D0C3610023A3622D
:106AE00094F8513003F0FF0223B9204684F8502077
:106AF00003F0EAFE0223226884F851301368A0688C
:106B000023F040031360636800F4044003F48273CD
:106B10000343E068A16900F400600343206900F0CA
:106B200002000343606900F00100034301F40070B8
:106B30000343E069090C00F038000343206A01F0C8
:106B4000040100F080000343A06A00F400500343F6
:106B500013605160D369002023F40063D3610123E3
:106B6000606584F8513010BD0023C0E90433B5E7F7
:106B70000120F8E72DE9F74304461F460D469046ED
:106B8000FFF7A8F894F851308146012BD8B240F0B5
:106B90009F80002D74D0B8F1000F71D094F8503060
:106BA000012B00F09580032384F8513000236365A6
:106BB000C4E91033A4F83680A363A387E387A368EE
:106BC0002668B3F5004F84F850002563A4F834809C
:106BD00007D1336823F040033360336843F48043C4
:106BE00033603368E2685B065EBF336843F040039E
:106BF0003360B2F5006F636845D113B1B8F1010F8E
:106C000007D135F8023BF3602563E38E013B9BB26D
:106C1000E386E38E9BB2D3B94A4639462046FFF756
:106C20000BFF002851D1A36833B901932368DA68B8
:106C300001929B680193019B012384F8513000234A
:106C4000606D84F85030C01A18BF012018E0226827
:106C50009368980705D5236B33F8021BD160236333
:106C6000D3E7FFF737F8A0EB0900B842D1D3791C7E
:106C7000CFD0012384F851300023032084F8503012
:106C800003B0BDE8F08313B1B8F1010F08D12B7840
:106C90003373236B01332363E38E013B9BB2E386A3
:106CA000E38E9BB2002BB7D023689A68920703D576
:106CB000226B12781A73ECE7FFF70CF8A0EB0900CF
:106CC000B842EDD37B1CEBD0D3E720236365AAE762
:106CD0000220D5E72DE9F74304460D4691461E46AE
:106CE000DDF82880FEF7F6FF94F851300746012BB7
:106CF0006268D9B20AD0B2F5827F40F0E580A3681D
:106D0000002B40F0E180042940F0DE80002D4BD0C4
:106D1000B9F1000F48D0002E46D094F85030012B26
:106D200000F0D280012384F8503094F85130C4F838
:106D30003890042B1CBF052384F851300023636571
:106D4000C4E910332368E687E6861968A6874906F2
:106D500058BF1968256358BF41F04001A68658BF47
:106D60001960E168B1F5006F55D10AB1012E07D164
:106D700035F8022BDA60E38E2563013B9BB2E38694
:106D80000125E38E9BB28BB9E38F9BB273B93A4670
:106D900041462046FFF750FE002800F08180202366
:106DA0006365002384F85030012031E021688B684E
:106DB0009A070DD5E38E9BB253B145B1236B33F8DF
:106DC000022BCA602363E38E013B9BB2E38600255E
:106DD0008A6812F001020CD0E38F9BB24BB11546CA
:106DE000C968A36B23F8021BA363E38F013B9BB22B
:106DF000E387FEF76FFFC01B4045C2D3B8F1FF3FEA
:106E0000BFD0012384F851300023032084F8503090
:106E100003B0BDE8F0830AB1012E08D12A781A73B5
:106E2000236B01332363E38E013B9BB2E386012591
:106E30002DE0226893689B070ED5E38E9BB25BB171
:106E40004DB1236B1B781373236B01332363E38EE4
:106E5000013B9BB2E38600252268916811F0010195
:106E60000DD0E38F9BB253B10D46D268A36B1A705D
:106E7000A36B0133A363E38F013B9BB2E387FEF770
:106E800029FFC01B404502D3B8F1FF3FB9D1E38EC3
:106E90009BB2002BCDD1E38F9BB2002BC9D176E7FB
:106EA000A36833B901932368DA6801929B68019360
:106EB000019B012384F851300023606D84F8503029
:106EC000C01A18BF0120A3E70220A1E72DE9F7436C
:106ED0001E4690F851300446012B89461746DDB214
:106EE00004D00225284603B0BDE8F0834368B3F51B
:106EF000827F0BD183684BB9042380F8513013464D
:106F000000960A46FFF7E6FE0546EBE7FEF7E2FECF
:106F10008046B9F1000FE5D0002FE3D094F850304F
:106F2000012BDED00123002584F850300423A26811
:106F300084F85130B2F5004F6565C4E91055E78714
:106F40002368C4F83890A7872563A586E58607D10E
:106F50001A6822F040021A601A6822F480421A600D
:106F60001A6855065EBF1A6842F040021A60E3686C
:106F7000F3B1E38F9BB2FBB123689A68D2073CD58B
:106F8000DA68A36B23F8022BA363E38F013B9BB268
:106F9000E387EEE723689A68D0071ED51B7BA26BB8
:106FA0001370A36B0133A363E38F013B9BB2E387B1
:106FB000E38F9BB2002BEDD1424631462046FFF7CE
:106FC00057FD18BB012384F851300023656D84F808
:106FD0005030ED1A18BF012584E7FEF77BFEA0EBC9
:106FE0000800B042E4D3711CE2D0012384F8513090
:106FF0000023032584F8503074E7FEF76BFEA0EB06
:107000000800B042B5D3731CB3D0EEE7202363650C
:10701000D8E7026802F10C0353E8003F23F49073B1
:107020000C3242E8003102680029F2D102F1140367
:1070300053E8003F23F0010302F1140C4CE8003147
:107040000029F3D1036B012B0BD102F10C0353E8A0
:10705000003F23F0100302F10C0C4CE80031002932
:10706000F3D1202380F842300023036370470000EF
:1070700010B504460368C1681A6922F440520A43F5
:107080001A6182680069D9680243606921F4B051CD
:1070900021F00C0102430A43DA605A69A16922F423
:1070A00040720A435A610E4A934215D1FFF798F88D
:1070B00019234343626820689200B3FBF2F3642211
:1070C000B3FBF2F102FB11331B013233B3FBF2F3DA
:1070D00003EB0113836010BDFFF772F8E8E700BF10
:1070E0000038014010B5044648B390F8413003F031
:1070F000FF021BB980F8402003F046FC24232268DD
:1071000084F84130D368204623F40053D360FFF75E
:10711000AFFF236800201A6922F490421A615A696D
:1071200022F02A025A61DA6842F40052DA6020231F
:10713000606484F8413084F84230606310BD0120FF
:10714000FCE790F84130202B10D189B182B1C28484
:1071500082840023212201620168436480F8412077
:10716000CA68184642F08002CA6070470220704721
:10717000012070477047704708B5406A03685A6934
:1071800090F84110212912D1120610D50022C28494
:1071900003F10C0252E8002F22F0C00203F10C0CA4
:1071A0004CE800210029F3D1202280F841205B69BE
:1071B00090F84220222A05D15B0603D50023C3851F
:1071C000FFF727FF436C43F01003436404F004F817
:1071D00008BD08B50023406AC385C38403F0FCFFE3
:1071E00008BD704710B50446226802F10C0353E84D
:1071F000003F23F490730C3242E8003123680029E9
:10720000F2D103F1140252E8002F22F0010203F13F
:10721000140040E800210029F3D1226B012A0BD190
:1072200003F10C0252E8002F22F0100203F10C00CF
:1072300040E800210029F3D15A6912F0400220D021
:1072400003F1140252E8002F22F0400203F114006F
:1072500040E800210029F3D1E06B48B10C4B4363B7
:10726000FFF7F6F910B1E06B436B9847002010BDB3
:107270002023E08584F8423020632046FFF7B1FFE9
:10728000F4E72023E28584F842302263F5E700BF6B
:107290009572000808B520220023406AC38580F853
:1072A00042200363FFF79DFF08BD08B50123406A34
:1072B0004363036B012B04D1818D490803F038FF30
:1072C00008BDFFF758FFFBE708B503461B68406A97
:1072D0001B6813F0200337D1C385026802F10C0349
:1072E00053E8003F23F480730C3242E80031036816
:1072F0000029F2D103F1140252E8002F22F001021A
:1073000003F1140C4CE800210029F3D103F114021D
:1073100052E8002F22F0400203F1140C4CE8002147
:107320000029F3D1202280F84220026B012A0BD1E0
:1073300003F10C0252E8002F22F0100203F10C0CB2
:107340004CE800210029F3D100234363036B012B98
:1073500003D1818D03F0ECFE08BDFFF70BFFFBE7C7
:1073600090F8423007B5222B42D181680268B1F50E
:10737000805F836A3FD1016900293FD15268C2F31F
:10738000080223F8022B8362C38D013B9BB2C385A5
:10739000002B2DD10268D16821F02001D160D16885
:1073A00021F48071D160516921F0010151612022E5
:1073B00080F842204363026B012A026828D10363EC
:1073C00002F10C0353E8003F23F0100302F10C0C10
:1073D0004CE800310029F3D11368DB0605D5019193
:1073E0001368019353680193019B818D03F0A0FE04
:1073F00003B05DF804FB39B9016929B95268D2B20A
:107400001A70836A0133BEE7526802F07F02F7E721
:10741000FFF7B0FEECE70000036873B51A68044696
:107420001607D9685D6908D1960668D58D0666D5B8
:1074300002B0BDE87040FFF793BF05F0010001F412
:10744000907505435BD0D60705D5CD0542BF636C6B
:1074500043F001036364530704D518B1636C43F030
:1074600002036364960704D518B1636C43F0040308
:107470006364150707D501F0200303431EBF636C47
:1074800043F008036364636C002B32D0920604D58A
:107490008B0602D52046FFF763FF266820467369F6
:1074A000626C03F0400302F0080253EA020522D0A6
:1074B000FFF7AFFD73695E0618D5226802F1140369
:1074C00053E8003F23F04003143242E80031002922
:1074D000F3D1E06B50B1744B4363FFF7B9F840B19F
:1074E000E06B436B02B0BDE870401847204603F0E4
:1074F00073FE02B070BD03F06FFE6564F9E7206BA8
:10750000012840F09480D50640F19180C80640F1F2
:107510008E80002201921A6801925A680192019AA3
:107520005A6952064DD5E16B0A68526892B2002A38
:10753000DFD0A08D9042DCD9E2858A69202A36D03E
:1075400003F10C0252E8002F22F4807203F10C00C8
:1075500040E800210029F3D103F1140252E8002F82
:1075600022F0010203F1140040E800210029F3D1C8
:1075700003F1140252E8002F22F0400203F114003C
:1075800040E800210029F3D1202284F84220216321
:1075900003F10C0252E8002F22F0100203F10C005C
:1075A00040E800210029F3D1E06BFFF731F8022316
:1075B0006363E38DA18DC91A89B2204603F0B8FD3B
:1075C00097E7E28DE08DA18D80B292B2002890D035
:1075D000891A89B200298CD003F10C0252E8002FDD
:1075E00022F4907203F10C0545E800200028F3D145
:1075F00003F1140252E8002F22F0010203F11405F6
:1076000045E800200028F3D1202284F8422020639E
:1076100003F10C0252E8002F22F0100203F10C05D6
:1076200045E800200028F3D102236363C5E716066E
:1076300028D50D0626D594F84120212A7FF459AF8C
:10764000A168226AB1F5805F17D12169A9B932F822
:10765000021BC1F3080159602262E28C013A92B226
:10766000E284002A7FF445AFDA6822F08002DA6013
:10767000DA6842F04002DA603BE7511C216212787E
:107680005A60EAE750067FF534AF4A067FF531AF1E
:10769000DA68204622F04002DA60202384F8413084
:1076A00003F082FD25E700BFD371000873B51346D0
:1076B00082850025222204468162456480F84220AA
:1076C000C06B1D4A266882621C4AC2621C4AC0E91D
:1076D0000C250A46311DFEF75FFF236801951A68E5
:1076E00001925A680192019A22695AB103F10C027F
:1076F00052E8002F42F4807203F10C0040E80021B0
:107700000029F3D103F1140252E8002F42F00102E4
:1077100003F1140040E800210029F3D103F1140221
:1077200052E8002F42F0400203F1140141E800202A
:107730000028F3D102B070BDC9720008AB72000816
:107740007971000873B590F842600446202E22D16A
:1077500011B9012002B070BD002AFAD00123002522
:1077600003634563FFF7A2FF236B012BF1D122686E
:1077700001951368019353680193019B02F10C0377
:1077800053E8003F43F0100302F10C0444E80031D9
:107790000029F3D1DEE70220DCE708B580B1D0F89C
:1077A000B43213B10023C0F8B43209B1C0F8B0123A
:1077B0000123027080F89C3202F0FAFA002008BD22
:1077C0000220FCE719B1C0F8B41200207047022073
:1077D000704708B502F02CFB002008BD08B5D0F8B2
:1077E000B43233B11B689847003818BF01204000FD
:1077F00008BD0220FCE708B5D0F8B4325B689847B2
:10780000002008BD38B500F52A750446284600F06A
:1078100007FB012394F8A812C4F89432B4F8AE32EE
:10782000C4F8983201F01F03012B08D0022B0BD0B3
:107830007BB92946204600F0FBF8002038BD2946D8
:10784000204600F03DFAF8E72946204600F05CFAB1
:10785000F3E7204601F0800102F008FBEDE770B588
:107860000446164639BBD0F89422032A1CD1D0E92D
:10787000585295420BD9AD1AAA423146C0F8605110
:107880008CBFAAB292B200F01FFB002070BDD0F8EE
:10789000B4321B6923B190F89C22032A00D1984787
:1078A000204600F019FBF0E7052AEED1C4F8941247
:1078B00002F0DCFAE9E7D0F8B4329B692BB190F81A
:1078C0009C22032A01D19847DFE70220DEE7F8B5C2
:1078D000044613460F46002949D1D0F89422022AC3
:1078E0003AD1D0E90856B54211D9AD1B1946056207
:1078F000AAB200F0D4FA3B461A461946204602F0D6
:10790000EAFA94F8A032012B2DD00020F8BDC3690B
:10791000B3FBF6F506FB153565B99E420AD8D0F8DB
:107920009822934206D22A4600F0B9FA2B46C4F8B0
:107930009852E1E7D4F8B432DB682BB194F89C227A
:10794000032A01D1204698478021204602F08EFA72
:10795000204600F0CCFAD4E732F00403D1D18021E4
:1079600002F084FACDE7002384F8A032CDE7D0F806
:10797000B4325B692BB190F89C22032A01D198475D
:10798000C3E70220C2E7002270B504460125402665
:107990001146402302F055FA33468021002220464A
:1079A000C4F85851C4F8646102F04BFA0021D4F8CD
:1079B000B832A561666284F89C52C4F89412616082
:1079C000C4F8A41223B1D4F8B43220465B689847B7
:1079D000002070BD01740020704790F89C3280F840
:1079E0009D32042380F89C320020704790F89C322E
:1079F000042B04BF90F89D3280F89C320020704721
:107A000008B590F89C22032A04D1D0F8B432DB697F
:107A100003B19847002008BD10B50446802102F04C
:107A200025FA2046BDE81040002102F01FBA0000F0
:107A300037B50B78044603F06003202B0D4606D0C3
:107A4000402B04D063B12046FFF7E6FF05E0D4F8F1
:107A5000B432294620469B689847002003B030BDC9
:107A60004B78092BEFD801A252F823F06F7C000865
:107A7000A57C0008477A0008977C0008477A000830
:107A8000957B0008957A0008477A00083F7C00083B
:107A9000D77B00080023ADF806304B881A0A013A5C
:107AA000062AD0D801A151F822F000BFC97A0008F7
:107AB000ED7A0008077B0008477A0008477A00083B
:107AC0004B7B0008617B0008D0F8B0321B68207C3B
:107AD0000DF106019847BDF80620EB88002A54D026
:107AE000002B49D1204600F0F7F9B6E7027CD0F828
:107AF000B43232B99B6A0DF10600984702234370F5
:107B0000E9E7DB6AF7E7DBB2052B9CD8DFE803F097
:107B100003090D111519D0F8B0325B68002BD6D1CE
:107B200091E7D0F8B0329B68F8E7D0F8B032DB6864
:107B3000F4E7D0F8B0321B69F0E7D0F8B0325B69F7
:107B4000ECE7D0F8B0329B69E8E7037C002B7FF4C8
:107B50007AAFD0F8B4320DF106005B6B9847BAE704
:107B6000037C002B7FF46FAFD0F8B4320DF1060028
:107B70001B6B98470723C2E79A4228BF1A46014663
:107B80002046ADF8062000F07DF9EB88002B7FF44D
:107B900064AFA7E78B88002B7FF455AFCB88002B11
:107BA0007FF451AF4D887F2D3FF64DAF90F89C325A
:107BB000032B3FF448AFEDB2294680F89E5202F005
:107BC00078F9204600F088F91DB1022384F89C3230
:107BD00043E70123FAE78978384D012929703FF6F8
:107BE00032AF90F89C32022B08D0032B15D0FFF750
:107BF00013FF20462978FFF7FEFD2EE700293FF40A
:107C000071AF01210323416080F89C322046FFF7C9
:107C1000E5FD02287FF466AF15E731B90223416024
:107C200080F89C32FFF7E7FD5CE7416801293FF4EB
:107C300059AFC9B2FFF7DFFD29786160E6E7CA886E
:107C4000012A7FF400AF90F89C32022B0AD8002B57
:107C50003FF4F9AE0146002341F8083F204600F00A
:107C600011F9FAE6032B7FF4EEAE011DF6E790F86A
:107C70009C32013B022B3FF6E6AECA88022A7FF413
:107C8000E2AED0F8A4320146002B0CBF012303233F
:107C900041F80C3FE2E74B88012B7FF4DEAEC4F8DD
:107CA000A4321FE790F89C32013B022B3FF6CBAE8B
:107CB0004B88012B7FF4D1AE0023F0E70C020020AB
:107CC00038B50B78044603F060025B060D4601D51B
:107CD000402A15D194F89C32013B022B10D82B7905
:107CE000012B0DD8D4F8B43229469B68204698471A
:107CF000EB881BB910B9204600F0EEF8002038BD23
:107D00002046FFF789FEF9E738B50A78044602F005
:107D10006002202A0B468D8806D0402A04D05AB132
:107D20002046FFF779FE05E0D4F8B4221946204634
:107D300092689047002038BD5A78E9B2012A35D0C0
:107D4000032A21D0002AEBD190F89C32022B44D098
:107D5000032BE5D1142201F00F0315F0800F02FB75
:107D600003034BD09B69002BDAD0142501F07F036D
:107D700003FB0555802905444BD0204602F088F8C6
:107D800000284BD0012345E090F89C22022A1BD00A
:107D9000032AC5D15A882AB94A0603D0DB880BB911
:107DA00002F064F8204600F097F8C3E790F89C22B0
:107DB000022A09D0032AB3D15B88002BBAD14D0621
:107DC000F0D002F05CF8EDE74B06A9D002F04EF8D7
:107DD0008021204602F04AF8ACE74A06A0D12B06E3
:107DE0004FF000034FF002024CBF00F1140100F508
:107DF000AA710B60204600F045F89BE7D3F8583194
:107E0000002B8DD0142505FB010505F5AA75002969
:107E1000B3D100232B6002222946EBE72860FAE762
:107E20000B7803704B7843704B8843808B8883803A
:107E3000CB88C380704710B50446802102F016F845
:107E40002046BDE81040002102F010B870B50D4684
:107E50001646044670B1FCF7FFF9C3B201335B006C
:107E600033802B70032300206B700223013C14F835
:107E7000011F01B970BD5A1CE954D2B20233DBB202
:107E8000A854F4E71346022210B5C0E90733C0F83E
:107E900094220A46002102F015F8002010BD08B512
:107EA00013460A46002102F00DF8002008BD1346D3
:107EB000032210B5C0E95733C0F894220A460021C6
:107EC00002F009F8002010BD08B513460A4600214B
:107ED00002F001F8002008BD08B50423C0F8943270
:107EE00000231A46194601F0EDFF002008BD08B531
:107EF0000523C0F8943200231A46194601F0EBFF1F
:107F0000002008BDD0F8BC3210B56BB1D0F8B84233
:107F100094F80002FF2807D09B68214694F80122BC
:107F20009847FF2384F80032002010BD43230380CC
:107F300000487047500000204323038000487047EA
:107F40009400002043230380004870470C00002069
:107F50000A230380004870471001002038B504460A
:107F6000D0F8B85201F0C0FFD4F8B832C5F80C020E
:107F70004BB1D4F8BC32D5F80402DB6805F50371C7
:107F80009847002038BD0220FCE7F8B5D0F8B86269
:107F9000CEB1142202FB0102D369D0F8C05273B1F2
:107FA000282707FB0154246AB3FBF4F504FB1533BF
:107FB0002BB9D3611A4601F085FF0020F8BD0023DC
:107FC000C6F81432F9E70220F8E70023F7B50F7876
:107FD0008DF80530ADF8063017F0600304460D4605
:107FE000D0F8B86222D0202B3AD1CA884B78BAB1E7
:107FF00039060BD5D0F8BC1218468F683146B84701
:1080000031462046EA88FFF73DFF06E0314686F814
:10801000003286F80122FFF74AFF002003B0F0BDCE
:10802000D0F8BC0284681846A047F6E74B780A2BC4
:108030000AD00B2B10D09BB990F89C32032B0FD198
:1080400002220DF10601DEE790F89C32032B07D1E6
:1080500001220DF10501D6E790F89C32032BDCD00C
:1080600020462946FFF7E7FE0220D7E738B5044649
:108070000025812101F0F1FE01212046E56201F099
:10808000ECFE82212046C4F86C5101F0E6FED4F8E3
:10809000B83225644BB1D4F8BC325B689847D4F849
:1080A000B80201F029FFC4F8B852002038BD70B5FD
:1080B000037C0446A3BB4FF400738121022201F02C
:1080C000C0FE01214FF40073E16201250222204627
:1080D00001F0B7FE0823032282212046C4F86C5128
:1080E00001F0AFFE4FF40770256401F001FF064672
:1080F000C4F8B802F8B1D4F8BC321B689847002322
:10810000C6F81432C6F81832237C93B94FF40073C2
:1081100029462046D6F8042201F0DDFE002070BD7D
:1081200040238121022201F08CFE01214023E162E3
:10813000CBE74023ECE72846F1E719B1C0F8BC12C1
:108140000020704702207047D0F8B8320020C3F8F2
:108150000812C3F810227047D0F8B8320020C3F8D4
:1081600004127047D0F8B82210B582B1D2F8144288
:10817000012374B9C2F81432D2F81032812103639A
:10818000D2F808229BB201F09DFE204610BD0220CD
:10819000FCE71846FAE7D0F8B82208B562B1037CCC
:1081A000D2F8042233B94FF40073012101F093FE99
:1081B000002008BD4023F8E70220FAE74FF0FF3225
:1081C00000F10803C0E90223436003610023036058
:1081D000704700230361704743689A684B608A6068
:1081E000516099600368086101330360704730B5DE
:1081F0000C68631C0AD103695A684A6091608B60FD
:108200005960036808610133036030BD00F1080262
:10821000134652681568A542FAD9EDE70369D0E91B
:1082200001128A6051605968814208BF5A60002279
:1082300002611A68013A1A601868704710B504465E
:1082400001F048FCA46B01F065FCB4FA84F040092D
:1082500010BD70B51646026C0446856B42B90668BF
:108260009EB9806800F06AFFA6600135A56370BD05
:108270006EB9406808F09BF86368226C1344A268EA
:108280006360934224BF236863600020EDE7C06809
:1082900008F08DF8226CE36851429B1A2268E36073
:1082A00093423EBFA3685B18E360022EEDD10DB18F
:1082B000013DEAE72846D8E770B5044601F00AFC1C
:1082C00094F8455004F124066DB2002D01DD636A77
:1082D000B3B9FF2384F8453001F01CFC01F0FAFB30
:1082E00094F8445004F110066DB2002D01DD2369AD
:1082F0007BB9FF2384F84430BDE8704001F00ABC2C
:10830000304600F039FE08B100F0BEFE013D6DB20E
:10831000DBE7304600F030FE08B100F0B5FE013D6D
:108320006DB2E2E738B50D46044640B94FF0500350
:1083300083F31188BFF36F8FBFF34F8FFEE701F018
:10834000C9FBD4E90F314B432268D0185B1AA060F7
:10835000626000201A44FF23A063E26084F8443086
:1083600084F84530A5B9236973B104F1100000F019
:1083700003FE48B14FF0E0234FF08052C3F8042DC4
:10838000BFF34F8FBFF36F8F01F0C4FB012038BDE7
:1083900004F11000FFF712FF04F12400FFF70EFFB5
:1083A000F2E737B50D461C4640B94FF0500383F352
:1083B0001188BFF36F8FBFF34F8FFEE743B94FF0C4
:1083C000500383F31188BFF36F8FBFF34F8FFEE726
:1083D0004AB191B94FF0500383F31188BFF36F8F07
:1083E000BFF34F8FFEE741B14FF0500383F3118885
:1083F000BFF36F8FBFF34F8FFEE750230193019BB5
:10840000502B08D04FF0500383F31188BFF36F8FC8
:10841000BFF34F8FFEE70121002D08BF2246C4E9BC
:108420000F0584F8461020462260019BFFF77AFF73
:1084300020469DF8183084F84C3003B030BD2DE94B
:10844000FF410F461E460446019240B94FF05003CB
:1084500083F31188BFF36F8FBFF34F8FFEE751B9DE
:10846000036C43B14FF0500383F31188BFF36F8F58
:10847000BFF34F8FFEE7022E0BD1E36B012B08D029
:108480004FF0500383F31188BFF36F8FBFF34F8F0B
:10849000FEE700F005FE054620B300254FF000087A
:1084A00001F018FBA26BE36B9A4227D232463946A1
:1084B0002046FFF7CEFE636A1BB104F1240000F0F2
:1084C0005BFD48B14FF0E0234FF08052C3F8042D1C
:1084D000BFF34F8FBFF36F8F01F01CFB012004B07F
:1084E000BDE8F081019B002BD8D04FF0500383F3FF
:1084F0001188BFF36F8FBFF34F8FFEE7022ED5D0E9
:10850000019B1BB901F006FB0020E8E715B902A8A2
:1085100000F072FD01F0FEFA00F084FB01F0DAFADF
:1085200094F84430FF2B08BF84F8448094F8453019
:10853000FF2B08BF84F8458001F0ECFA01A902A8DE
:1085400000F066FD38BB01F0C5FAA26BE36B9A42FE
:108550000ED101F0DFFA019904F1100000F0F2FCF5
:108560002046FFF7A9FE00F003FC48B1012597E77C
:1085700001F0D0FA2046FFF79FFE00F0F9FBF5E787
:108580004FF0E0234FF08052C3F8042DBFF34F8F1C
:10859000BFF36F8FEAE72046FFF78EFE00F0E8FB9F
:1085A000B2E7002213B50B46009011460120FFF7F9
:1085B000F8FE044638B100231A461946836003606A
:1085C000C360FFF73CFF204602B010BD38B504463B
:1085D00040B94FF0500383F31188BFF36F8FBFF39F
:1085E0004F8FFEE7856800F055FD85420BD1E368AB
:1085F000013BE3600BB1012038BD1A461946204605
:10860000FFF71DFFF7E70020F6E770B5064650209C
:1086100001F02EF9044698B10025012180F846505A
:10862000C0E90F150060FFF77DFE2B462A4629465C
:10863000204684F84C60A5602560E560FFF7FFFEEA
:10864000204670BDF0B585B00446019140B94FF0A9
:10865000500383F31188BFF36F8FBFF34F8FFEE793
:10866000056C45B14FF0500383F31188BFF36F8F52
:10867000BFF34F8FFEE700F013FD064620B32E46F2
:10868000002701F027FAA36B53B3013BA3632368D0
:1086900013B900F0E3FDA060236973B104F1100089
:1086A00000F06AFC48B14FF0E0234FF08052C3F86D
:1086B000042DBFF34F8FBFF36F8F01F02BFA012012
:1086C00005B0F0BD3546DBE7019B002BFAD04FF03B
:1086D000500383F31188BFF36F8FBFF34F8FFEE713
:1086E000019B53B9002D66D04FF0500383F31188DE
:1086F000BFF36F8FBFF34F8FFEE716B902A800F0EC
:108700007BFC01F007FA00F08DFA01F0E3F994F830
:108710004430FF2B08BF84F8447094F84530FF2B99
:1087200008BF84F8457001F0F5F901A902A800F02E
:108730006FFC50BB2046FFF781FD00B323683BB9B7
:1087400001F0C8F9A06800F0BBFC054601F0E2F9B1
:10875000019904F1240000F0F5FB2046FFF7ACFD81
:1087600000F006FB48B94FF0E0234FF08052C3F809
:10877000042DBFF34F8FBFF36F8F012681E7204693
:10878000FFF79AFD00F0F4FAF7E72046FFF794FDB3
:1087900000F0EEFA2046FFF751FD0028EDD065B15C
:1087A00001F098F9616A19B1236B1968C1F13801B8
:1087B000A06800F005FD01F0ADF9002080E770B57C
:1087C0000D46044640B94FF0500383F31188BFF3C0
:1087D0006F8FBFF34F8FFEE7866800F05BFC864229
:1087E00004D10120E3680133E36070BD29462046CF
:1087F000FFF728FF0028F8D0E3680133E360F4E7CF
:10880000002330B5064A52F8335002EBC3041DB9B9
:1088100042F83310606030BD0133082BF3D1FAE722
:10882000100200202DE9F041044601F053F9304BCD
:10883000304E1A68304F01321A603568002D4BD126
:1088400034601B68012B1FD1B84640460135FFF745
:10885000B5FC382D08F11408F7D1DFF8A080284DB9
:108860004046FFF7ABFC2846FFF7A8FC2548FFF77A
:10887000A5FC2548FFF7A2FC2448FFF79FFC244BEA
:10888000C3F80080234B1D601420234A1368013372
:108890001360224A63641168E36A8B4200FB037031
:1088A00004F1040188BF1360FFF796FC01F032F970
:1088B0001B4B1B6873B13368DA6AE36A9A4209D2C8
:1088C0004FF0E0234FF08052C3F8042DBFF34F8FD9
:1088D000BFF36F8FBDE8F081114B1A68E36A002A7D
:1088E000D2D13268D26A9A4298BF3460CCE700BFD6
:1088F0007402002048070020E8020020D402002073
:10890000C0020020A4020020900200207802002073
:10891000BC020020B8020020580200206C02002097
:1089200068020020F8B50646144B154D1C682868EF
:108930000F460430FFF772FC731C07D137B129686A
:1089400010480431BDE8F840FFF746BC2B68A41975
:108950005C6007D30C4B18682968BDE8F840043107
:10896000FFF745BC094B186829680431FFF73FFC45
:10897000074B1A68A24288BF1C60F8BD7002002035
:108980004807002078020020B8020020BC02002026
:1089900054020020064A13681968064B19B94FF0B3
:1089A000FF321A6070471268D268D2685268F8E7DE
:1089B000BC0200205402002010B590F85930044643
:1089C0003BB9006B00F0EEFF2046BDE8104000F020
:1089D000E9BF012BF9D0022B08D04FF0500383F3ED
:1089E0001188BFF36F8FBFF34F8FFEE710BD0000FC
:1089F00080B5134C134F144D236873B9134B1B6888
:108A0000012BF8D94FF0E0234FF08052C3F8042D2A
:108A1000BFF34F8FBFF36F8FEDE701F05BF8FB689B
:108A2000DE68301DFFF7FAFB2B68013B2B602368E3
:108A3000013B236001F06EF83046FFF7BDFFDBE736
:108A40008C0200209002002074020020E802002026
:108A50002DE9F0470D46DDE90994960032460746B8
:108A6000A521206B984607F016FC236B043E1E449C
:108A700026F00706A5B36B1E04F133020F3513F879
:108A8000011F02F8011F09B1AB42F8D1002384F89D
:108A90004330089D4FF0000A372D28BF3725201D91
:108AA000E562E564C4F850A0FFF793FBC5F1380513
:108AB00004F11800FFF78DFBC4F854A04246394674
:108AC00030462461A561646284F858A000F0D8FFA4
:108AD0002060B9F1000F01D0C9F80040BDE8F0876F
:108AE00084F83450D5E770B586B0DDE90B5445B94C
:108AF0004FF0500383F31188BFF36F8FBFF34F8F95
:108B0000FEE744B94FF0500383F31188BFF36F8F32
:108B1000BFF34F8FFEE75C260596059E5C2E08D0BE
:108B20004FF0500383F31188BFF36F8FBFF34F8F64
:108B3000FEE72563022584F8595004AD01950A9D8E
:108B400002940095059EFFF783FF2046FFF76AFE1B
:108B5000049806B070BD2DE9F043074685B090003B
:108B600088461646994600F083FE054620B94FF028
:108B7000FF3005B0BDE8F0835C2000F079FE0446CC
:108B800098B1002380F859300D9B056301930C9B2D
:108B9000324641460290009338464B46FFF758FF55
:108BA0002046FFF73FFE0120E3E7284600F0FAFEEB
:108BB000DDE7000010B5002488B007AA06A905A8C3
:108BC000CDE9054400F022FE059B079A0293069B1F
:108BD0000F49CDE900430F482346FFF784FFA8B1B2
:108BE0004FF0500383F31188BFF36F8FBFF34F8FA4
:108BF0004FF0FF32084B1A600122084B1A60084BF5
:108C00001C6008B0BDE8104000F0E4BF08B010BD23
:108C1000F2160108F18900085402002068020020C1
:108C200070020020024A136801331360704700BFCE
:108C300050020020014B1868704700BF70020020EE
:108C4000404B2DE9F74F1B68002B73D13E4B1C683E
:108C500001341C60BCB93D4B1A68126842B14FF038
:108C6000500383F31188BFF36F8FBFF34F8FFEE77D
:108C7000374A1968106818601160364A1368013362
:108C80001360FFF787FE344D4FF0000B2B68334E17
:108C90009C42334F12D214213A68D26A4A43B258E6
:108CA000022A304A28BF4FF0010B1268002A18BF71
:108CB0004FF0010B584603B0BDE8F08FDFF88C9001
:108CC000DFF8A4A0D9F8002012681AB94FF0FF32DB
:108CD0002A60E0E7D9F80020D268D2F80C80D8F8F2
:108CE00004108C4201D22960D5E708F1040318462C
:108CF0000193FFF793FAD8F8281019B108F118007A
:108D0000FFF78CFA1423D8F82C00DAF80010884208
:108D100088BFCAF8000008F1040103FB0060FFF7F8
:108D20005BFA3868D8F82C10C26A914228BF4FF01D
:108D3000010BC7E70D4A4FF0000B136801331360B6
:108D4000B8E700BF5002002070020020BC020020E3
:108D5000B80200205C02002054020020E80200203B
:108D600048070020600200206C02002064020020FE
:108D70002DE9F041304C236843B94FF0500383F3A1
:108D80001188BFF36F8FBFF34F8FFEE700F0A2FE95
:108D90002368013B236024682CB1002400F0BAFE54
:108DA0002046BDE8F081254B1B68002BF5D0244DF3
:108DB000244EDFF894801DE0EB68DC68271D04F189
:108DC0001800FFF72BFA3846FFF728FA1420E36A59
:108DD000326800FB03809342394688BF3360FFF757
:108DE000FBF91A4BE26A1B68DB6A9A4202D3012242
:108DF000174B1A602B68002BDED10CB1FFF7CAFDB0
:108E0000144D2C6844B10127114EFFF719FF00B132
:108E10003760013CF9D12C600D4B1B68002BBCD096
:108E20004FF0E0234FF08052C3F8042DBFF34F8F73
:108E3000BFF36F8F0124B1E75002002074020020BD
:108E4000A40200206C020020E80200204807002055
:108E5000600200206402002008B550B94FF0E02302
:108E60004FF08052C3F8042DBFF34F8FBFF36F8FC5
:108E700008BD0A4B196841B14FF0500383F31188C4
:108E8000BFF36F8FBFF34F8FFEE7FFF7CBFEFFF708
:108E900049FDFFF76DFF0028E0D0E9E75002002010
:108EA000F8B5234B1A68234B12B101221A60F8BDA2
:108EB000214C1A6023681B6B1A68B2F1A53F0BD1D5
:108EC0005A68B2F1A53F07D19A68B2F1A53F03D124
:108ED000DB68B3F1A53F04D020682168343101F08C
:108EE000B1FC1427154E1649326807FB02F3CD5822
:108EF000C8188DB1456808336D680B449D4208BFA2
:108F00006B68456008BF4360142303FB02114B6884
:108F1000DB6823603260CAE742B94FF0500383F345
:108F20001188BFF36F8FBFF34F8FFEE7013ADCE785
:108F30005002002060020020480700206C02002040
:108F4000E802002010B50C4640B94FF0500383F3FF
:108F50001188BFF36F8FBFF34F8FFEE7054B196882
:108F60001831FFF744F92046BDE810400121FFF712
:108F7000D9BC00BF4807002038B5C368DC6844B9D5
:108F80004FF0500383F31188BFF36F8FBFF34F8F00
:108F9000FEE704F118052846FFF740F9104B1B685F
:108FA000DBB9251D2846FFF739F90E4A1420116850
:108FB000E36A8B42294688BF13600B4A00FB0320FB
:108FC000FFF70AF9094BE26A1B68DB6A9A4285BF20
:108FD0000120074B0020186038BD29460548EFE7FF
:108FE000500200206C020020E80200204807002008
:108FF00060020020A4020020034B1B680360034BA7
:109000001B684360704700BF5C02002070020020B4
:1090100070B50C46054640B94FF0500383F31188F4
:10902000BFF36F8FBFF34F8FFEE741B94FF050038F
:1090300083F31188BFF36F8FBFF34F8FFEE700F00C
:1090400049FD0F4B196823685A1C10D00D482E6833
:1090500000686A68864201D08A420FD9881A834222
:109060000AD95B1A134428462360FFF7C5FF002482
:1090700000F050FD204670BD002323600124F7E777
:10908000700200205C0200200122014B1A60704730
:1090900060020020014B1868704700BF480700209D
:1090A000054B1B6833B1054B1868B0FA80F04009D6
:1090B00040007047012070476802002050020020E5
:1090C000F8B5044638B31A4DC36A2A68D26A934287
:1090D00026D28269174E002AA1BF2A68D26AC2F13D
:1090E00038028261142202FB036342699A4213D15F
:1090F000071D3846FFF792F814202B680E4ADB6AEA
:10910000116800FB03608B42E362394688BF13603D
:10911000FFF762F80120F8BD2B68DB6AC362F9E74C
:109120002B68C06CDB6A98422CBF00200120F2E75C
:1091300048070020E80200206C02002038B508B97A
:10914000002038BD1B4B1C68844208D04FF05003F0
:1091500083F31188BFF36F8FBFF34F8FFEE7236D4B
:1091600043B94FF0500383F31188BFF36F8FBFF300
:109170004F8FFEE7E16AE26C013B91422365DFD04D
:10918000002BDDD1251D2846FFF748F81420E36C9D
:10919000C3F13802A261084AE36211688B4288BFBA
:1091A0001360064A294600FB0320FFF715F801204B
:1091B000C7E700BF480700206C020020E80200203B
:1091C00070B50446002841D0026D42B94FF05003FB
:1091D00083F31188BFF36F8FBFF34F8FFEE7C36C2C
:1091E000994238BF1946C36A8B422FD0012A2DD12C
:1091F000174A1268824208D14FF0500383F3118856
:10920000BFF36F8FBFF34F8FFEE78269114D002AC6
:109210004FF0140202FB03534269C162A4BFC1F1C3
:10922000380181619A4211D1061D3046FEF7F6FFE2
:109230001420094AE36A116800FB03508B4231464F
:10924000BDE8704088BF1360FEF7C6BF70BD00BFA9
:1092500048070020E80200206C020020044B1A6836
:109260001AB119680A6D01320A651868704700BFA3
:10927000480700202DE9F0411F4C1E4680460F464E
:10928000154600F027FC236893F85830022B16D0BF
:1092900001212268536D23EA08035365236883F88C
:1092A000581066B13046FFF73DFB4FF0E0234FF01A
:1092B0008052C3F8042DBFF34F8FBFF36F8F00F0C0
:1092C00029FC00F007FC15B123685B6D2B60236857
:1092D00093F85830022B03BF22680125536D0025F7
:1092E00004BFBB4353650022236883F8582000F075
:1092F00011FC2846BDE8F08148070020F8B50D466E
:1093000016461F46044640B94FF0500383F31188B8
:10931000BFF36F8FBFF34F8FFEE700F0DBFB0FB1A2
:10932000636D3B60022294F8583084F85820DBB219
:10933000042E2CD8DFE806F0060324292700626DEE
:109340002A436265012B3ED1251D2846FEF766FFA4
:109350001420204AE36A11688B4288BF13601E4ABA
:10936000294600FB0320FEF737FFA36ADBB14FF06D
:10937000500383F31188BFF36F8FBFF34F8FFEE766
:10938000626D0132DDE7022B22D06565DAE7626D9E
:109390000132D7D04FF0500383F31188BFF36F8FA2
:1093A000BFF34F8FFEE70D4BE26A1B68DB6A9A4200
:1093B00009D94FF0E0234FF08052C3F8042DBFF3DA
:1093C0004F8FBFF36F8F012400F0A4FB2046F8BD40
:1093D0000024F9E76C020020E80200204807002082
:1093E0002DE9F843DDF820800D4616461F46044659
:1093F00040B94FF0500383F31188BFF36F8FBFF371
:109400004F8FFEE700F03EFCEFF311894FF0500361
:1094100083F31188BFF36F8FBFF34F8F0FB1636D6D
:109420003B60022294F8583084F85820DBB2042EB6
:109430001BD8DFE806F0060313181600626D2A43F6
:109440006265012B3FD1A36ADBB14FF0500383F378
:109450001188BFF36F8FBFF34F8FFEE7626D01324C
:10946000EEE7022B38D06565EBE7626D0132E8D09C
:109470004FF0500383F31188BFF36F8FBFF34F8F0B
:10948000FEE7164B1B681BBB251D2846FEF7C6FED4
:10949000134A14201168E36A8B42294688BF13607F
:1094A000104A00FB0320FEF797FE0F4BE26A1B6891
:1094B000DB6A9A4207D90123B8F1000F01D0C8F83E
:1094C00000300A4A1360012089F31188BDE8F8834F
:1094D000074804F11801E6E70020F5E750020020F4
:1094E0006C020020E80200204807002060020020F3
:1094F000A402002008B54FF0E0231B69FFF7D0FD60
:10950000012803D0BDE8084000F03CBB08BD0000C6
:10951000EFF305832BB9064B186828B901221A60AE
:1095200070476FF0050070474FF0FF30704700BF85
:10953000A809002010B5EFF305845CB9084B1A6840
:10954000012A0AD1074AD47702221A60FFF732FBB8
:10955000204610BD6FF00500FBE74FF0FF30F8E745
:10956000A809002000ED00E0F0B51446002287B005
:109570000B460592EFF30582FAB9F0B154B3A56931
:1095800025B1691E372902D9002017E01825626825
:10959000D207F9D466699EB1B2082168D4E9027C89
:1095A00087B1BCF15B0F08D9246934B12EB1CDE984
:1095B00001470095FFF797FA0590059807B0F0BDB1
:1095C0008022EAE7BCF1000FF7D12469002CF4D126
:1095D0000C4601E01825802205A9CDE9005192B280
:1095E0002146FFF7B8FA01281CBF00230593E4E7E2
:1095F00030B5044685B008B1002905DA6FF00303E1
:109600000293029805B030BD4FF0FF330293EFF3A1
:109610000585E5B1002503AB012200932B46039598
:10962000FFF7DEFE02AB2A46294620460095FFF7EB
:10963000D7FE039B002BE4D04FF0E0234FF0805285
:10964000C3F8042DBFF34F8FBFF36F8FD9E72B46BD
:109650000122FFF753FE2A462946204602ABFFF7B8
:109660004DFECEE72DE9F34706460F469046EFF351
:109670000584002C3CD100283DDB11F0020F0CBF0B
:1096800082464FF0000AFFF7D5FA4546814607F0BB
:1096900001072B465146002001AAFFF7EBFD0128E8
:1096A0001CD1019B34401C4306EA04033FB19E4297
:1096B00007D0B8F1000F08D16FF0020401E0002BD1
:1096C000F7D0204602B0BDE8F087FFF7B3FAA0EB71
:1096D00009039D4212D34D442D1ADAE7B8F1000F69
:1096E00014BF6FF001046FF002040028D1D1E8E745
:1096F0006FF00504E5E76FF00304E2E70025C8E733
:1097000008B5EFF3058222B908B1FFF7A5FB0020E9
:1097100008BD6FF00500FBE7F8B50546EFF30587D8
:1097200017B100242046F8BD20B346683307F8D4AB
:10973000D0E9021306F0010699B14F2BF1D9BEB161
:109740000420FEF72EFF04460028EAD037462D6895
:1097500029462046FFF754F8002FE3D044F00104D7
:10976000E0E7002BDDD12EB10420FEF74EFFEAE743
:109770000120E6E70120FEF748FF04460028D0D08C
:10978000002DE5D00026E1E738B503460C4620F071
:10979000010003F00102EFF3058595B9012B13D900
:1097A00062B1FFF70CF8012801D1002038BD002C70
:1097B00014BF6FF001006FF00200F7E7FEF742FF01
:1097C000F1E76FF00500F1E76FF00300EEE7024606
:1097D00008B520F0010002F00103EFF3058179B92B
:1097E000012A10D93BB1FEF7F1FE01280CBF002081
:1097F0006FF0020008BD1A461946FEF720FEF4E796
:109800006FF00500F6E76FF00300F3E7034B03602A
:10981000034B0B6080231360704700BF4C0900208E
:109820004C07002010B5104B1A461B688342FBD32F
:1098300054681119884201BF4168104609195160E6
:10984000446801198B420CD1084909688B4203D046
:1098500059682144416019689042016018BF106046
:1098600010BD1946F8E700BFC4090020C009002058
:109870002DE9F0410446FFF7D5F94349434D0B6804
:109880000BBB434A56071FBFD01D20F0070002F54F
:109890000052131A0CBF4FF4005302460020134429
:1098A0003C4E083B23F0070370603260C3E90000C0
:1098B000981AC2E900300B60374B1860374B1860BC
:1098C0004FF000432B602F68274207D0FFF750FA74
:1098D000002600F0BAFF3046BDE8F081002CF5D03C
:1098E00004F1080360071CBF23F007030833002BB3
:1098F000ECD0DFF8A880D8F800509D42E6D3254A86
:1099000014686068984201D22668B6B90968A14215
:10991000DCD0216816681160C21A102A06F1080608
:1099200012D9E01841070BD04FF0500383F3118890
:10993000BFF36F8FBFF34F8FFEE722463446E0E759
:1099400042606360FFF76EFF002362681249AD1A40
:109950001743134A086823601368854203F1010323
:10996000676038BF0D601360C8F80050FFF700FA59
:109970007307B0D04FF0500383F31188BFF36F8F9C
:10998000BFF34F8FFEE700BFC0090020AC090020E5
:10999000CC090020C4090020B8090020BC0900201F
:1099A000B409002010B5044690B31A4A50F8043C9C
:1099B0001268134208D14FF0500383F31188BFF3AC
:1099C0006F8FBFF34F8FFEE750F8081C41B14FF087
:1099D000500383F31188BFF36F8FBFF34F8FFEE700
:1099E00023EA020340F8043CFFF71CF90A4A54F842
:1099F000043C1168A4F108000B441360FFF712FF48
:109A0000BDE81040054A136801331360FFF7B0B991
:109A100010BD00BFAC090020BC090020B009002027
:109A200006480068006880F3088862B661B6BFF334
:109A30004F8FBFF36F8F00DF00BF000008ED00E025
:109A4000002382B001930D4B1B68013308D04FF007
:109A5000500383F31188BFF36F8FBFF34F8FFEE77F
:109A60004FF0500383F31188BFF36F8FBFF34F8F15
:109A7000019B002BFCD002B0704700BF1C010020EE
:109A80004FF0807340F8043C054B21F0010140F891
:109A9000081C40F80C3C40F8202C4038704700BFB0
:109AA000419A0008000000000000000000000000D3
:109AB000074B19680868B0E8F00F80F30988BFF316
:109AC0006F8F4FF0000080F311884EF00D0E70473D
:109AD000480700204FF0500383F31188BFF36F8FC6
:109AE000BFF34F8F0A4A13680133012B13600ED165
:109AF0004FF0E023D3F8043DDBB243B14FF0500305
:109B000083F31188BFF36F8FBFF34F8FFEE770476A
:109B10001C010020084A136843B94FF0500383F337
:109B20001188BFF36F8FBFF34F8FFEE7013B1360C8
:109B30000BB983F3118870471C010020000000005E
:109B4000EFF30980BFF36F8F0D4B1A6820E9F00F18
:109B500010602DE908404FF0500080F31188FFF7A6
:109B60009FF94FF0000080F31188BDE808401968A4
:109B70000868B0E8F00F80F30988BFF36F8F704773
:109B80004807002008B54FF0500383F31188BFF356
:109B90006F8FBFF34F8FFFF753F828B14FF0E023DB
:109BA0004FF08052C3F8042D002383F3118808BDC1
:109BB0004FF0E02200234FF47A7113619361044B5C
:109BC0001B68B3FBF1F3013B53610723136170473B
:109BD0000000002013B5274B1A78D2B20192FF2261
:109BE0001A701B78244ADBB28DF803309DF80330DD
:109BF00003F0500313700723204A13609DF80310ED
:109C0000136809060AD4032B11D04FF0500383F3D5
:109C10001188BFF36F8FBFF34F8FFEE7013B1360D7
:109C20009DF803305B00DBB28DF80330E6E74FF4BC
:109C300040731360019B0F4ADBB213704FF0E023B7
:109C40000024D3F8202D42F47002C3F8202DD3F85D
:109C5000202D42F07042C3F8202DFFF7A9FF084BDA
:109C60001C60FFF7DDFEFFF71BF92046FFF7E8FE5B
:109C700002B010BD00E400E0D0290020CC29002073
:109C80001C010020EFF305830F2B0ED9114A9B5CBA
:109C9000114A12789A4208D94FF0500383F3118881
:109CA000BFF36F8FBFF34F8FFEE74FF0E0230B4AF8
:109CB000D3F80C3D126803F4E063934208D94FF0E7
:109CC000500383F31188BFF36F8FBFF34F8FFEE70D
:109CD000704700BFF0E300E0D0290020CC2900202D
:109CE00018B102280CBF01200220704707B50E4BA7
:109CF00002689A4215D103F5DA33DA69052142F494
:109D00000002DA61DB69002203F4000301931420EE
:109D1000019BFCF7F7FD142003B05DF804EBFCF7A2
:109D200021BE03B05DF804FB005C004000F5267125
:109D3000D0F8D402FDF766BD282303FB0103D0F859
:109D4000D402D3F86421FDF78ABD282303FB010365
:109D5000D0F8D4025A6AFDF7BABDD0F8D402FDF7A4
:109D60004FBE10B583790446022B01D000F04AFBA8
:109D7000D4F8D4020121FDF72DFED4F8D402BDE8B9
:109D80001040FDF700BE000010B50446D0F8D40224
:109D9000FDF723FEA37A23B1024A136943F00603B9
:109DA000136110BD00ED00E0D0F8D402FDF71EBE37
:109DB00010B51D4B04461D480360082303710223A0
:109DC00083710023C0F8D442C4F8C00243810373F6
:109DD000FAF782FB08B100F015FB002218231146A8
:109DE000D4F8C002FBF703FA582300228021D4F8EC
:109DF000C002FBF7FCF9C02300228121D4F8C00285
:109E0000FBF7F5F94FF4887300220121D4F8C00262
:109E1000FBF7EDF94FF4807300228221D4F8C002E1
:109E2000FBF7E5F9002010BD005C0040F42B00209A
:109E300008B5D0F8C002FAF7B2FBBDE80840FFF75A
:109E40004FBF10B51446D0F8C0021A462346FBF7A0
:109E5000D7F8BDE81040FFF743BF08B5D0F8C002FF
:109E6000FBF7FEF8BDE80840FFF73ABF08B5D0F8A9
:109E7000C002FBF754F9BDE80840FFF731BF08B551
:109E8000D0F8C002FBF781F9BDE80840FFF728BF12
:109E9000282211F0800FD0F8C0321BBF01F07F01E3
:109EA00002FB013302FB0133987C08BF93F8520197
:109EB000704708B5D0F8C002FAF78AFBBDE8084041
:109EC000FFF70EBF08B5D0F8C002FBF710F9BDE8E8
:109ED0000840FFF705BF08B5D0F8C002FBF7E8F867
:109EE000BDE80840FFF7FCBED0F8C002FBF7F7B8AA
:109EF00000487047D42900207047704708B50022F9
:109F00000E490F48FDF749FC08B100F07BFA0D49F6
:109F10000B48FDF757FC08B100F074FA0A490848ED
:109F2000FEF70BF908B100F06DFA0548FDF751FC9A
:109F300018B1BDE8084000F065BA08BD5401002022
:109F4000CC2E0020D80000207001002012230148F0
:109F50000B80704740010020042301480B807047AC
:109F60003C010020002370B51E464D1C040FB0F1CB
:109F7000204F34BF3034373401F8134005F81360F4
:109F80000133DCB2A2424FEA0010EFD870BD0000EE
:109F90001A2310B50B800A4BD3F8E807D3F8F02743
:109FA00080180AD0D3F8EC4706490822FFF7DAFFF9
:109FB000042220461031FFF7D5FF034810BD00BF33
:109FC00000F0FF1F220100202001002010B5044CEA
:109FD0000A4604482146FDF739FF204610BD00BF60
:109FE00090310020F716010810B5044C0A460448C9
:109FF0002146FDF72BFF204610BD00BF9031002009
:10A000000A17010810B5044C0A4604482146FDF71A
:10A010001DFF204610BD00BF903100202017010811
:10A0200010B5044C0A4604482146FDF70FFF2046B0
:10A0300010BD00BF903100202B1701080020704791
:10A0400000207047F8B50D46044600F061FE286810
:10A05000431EB3F5407F27D21A4A1B49138809884B
:10A060009BB289B28B4238BF03F540735B1A9BB237
:10A07000C3F53F7303339BB298421ED821464FF479
:10A080004075124F2044138811F8016B9BB2FE54A7
:10A09000138881429BB203F10103B3FBF5F605FB84
:10A0A00016339BB21380EED121460948FEF754F8CF
:10A0B0000748FEF770F80020F8BD0122054B1A7022
:10A0C000F2E700BF94330020923300209633002043
:10A0D000CC2E00209033002010B5064C00222046E4
:10A0E0000549FEF731F820460449FEF735F800200F
:10A0F00010BD00BFCC2E002096360020963A0020DE
:10A1000070B50D4C0546D4F8B8320E46D3F814326B
:10A1100083B900F0FDFD324629462046FEF714F8CB
:10A120002046FEF71FF80128044601D900F0F8FD8B
:10A13000204670BD0124FBE7CC2E00202DE9F34121
:10A14000064668B361B3B1F5806F28BF4FF48061F4
:10A150004FF000080D46134F29463046FFF7D0FF59
:10A160000128044610D038B942F20F720090009BCB
:10A17000934205D900F0D4FD204602B0BDE8F0813D
:10A18000009B01330093F2E7CDF80480019B632B21
:10A1900002D9013FE0D1EFE7019B01330193F5E7DD
:10A1A0000224E9E7A08601002DE9F84F10B900204C
:10A1B000BDE8F88F002AFAD0EFF3108472B6424D52
:10A1C000424B1B882E889BB2B6B284F31088B342F0
:10A1D00038BF03F540739B1B9BB20F2BE7D9C82BED
:10A1E00028BFC82300274FF44078DFF8E4E0013BA4
:10A1F00006EB070CBCFBF8F908FB19CC1EF80C9019
:10A200003C46B9F1AA0F07F1010759D106EB07093E
:10A21000B9FBF8FA08FB1A991EF80990B9F1550F25
:10A220004ED14FF44078A4B2A71CBFB206F1010A88
:10A23000BB42BCDD07EB0609B9FBF8FB08FB1B9929
:10A240001EF80990B9F1550F38D10AEB0709B9FB8F
:10A25000F8FB08FB1B991EF80990B9F1AA0F2DD144
:10A26000C4F102031F44BFB28F42A0D84FF4407123
:10A270001FFA8CF300EB070C604514D1EFF310814B
:10A2800072B64FF440733C44A4B23444B4FBF3F0D0
:10A2900003FB1044A4B22C8081F31088178000F0D7
:10A2A0003FFD012084E71EF80380013300F8018B95
:10A2B000B3FBF1F801FB18339BB2DDE70137B7E7D9
:10A2C0009F4295DB73E700BF923300209433002058
:10A2D0009633002010B596B0142200210EA805F088
:10A2E000DAFF1422002101A805F0D5FF1822002171
:10A2F0000DEB020005F0CFFF02244FF48033012262
:10A30000CDE91343CDE90C234FF4E0130CA81092D0
:10A310001593FBF7F7FC08B172B6FEE70F23CDE902
:10A3200001344FF480630390CDE90430214601A845
:10A33000FBF7AAFE08B172B6FEE710230B9006A841
:10A340000693FBF77BFF08B172B6FEE716B010BDAF
:10A3500008B50D4A0D4B9A60BFF34F8FBFF36F8F57
:10A36000FBF79AFCFFF7B6FF00F04EF800F070FA2A
:10A3700000F086FA00F0EAFAFFF7CAF800F002F9F6
:10A38000FFF7D8F8FEE700BF0040000800ED00E04E
:10A3900038B50568154B04469D4210D1FBF78EFC7D
:10A3A0002368AB420BD1124A124B10681968124C49
:10A3B000884205D012681A60FBF78CFC206038BD1B
:10A3C000FBF788FC2368C01A4EF660239842F6D942
:10A3D000BFF34F8F09490A4BCA6802F4E062134386
:10A3E000CB60BFF34F8F00BFFDE700BF0008004008
:10A3F000BC3E00209C3E0020983E002000ED00E086
:10A400000400FA0572B6FEE72DE9F041354B88B03D
:10A410009A69354D42F010029A619A69002102F062
:10A4200010020092009A9A69012442F020029A6177
:10A430009A69022602F020020192019A9A69DFF8D5
:10A44000AC8042F004029A619A69002702F004028B
:10A450000292029A9A6942F008029A6110229B695C
:10A460000DEB020003F008030393039B05F013FFB9
:10A47000002228464FF48071FCF740F84FF48073B7
:10A48000CDE904340323284604A90793FBF750FFC2
:10A490004FF42043404604A9CDE904340796FBF766
:10A4A00047FF00F055FC4FF48043404604A9CDE936
:10A4B0000437CDE90646FBF73BFF4FF4004328463F
:10A4C00004A9CDE90437CDE90646FBF731FF4FF487
:10A4D0007F73074804A90493FBF72AFF08B0BDE87F
:10A4E000F08100BF00100240000801400010014050
:10A4F000000C0140BFF34F8F0549064BCA6802F4B8
:10A50000E0621343CB60BFF34F8F00BFFDE700BF96
:10A5100000ED00E00400FA054FF4804110B50C484E
:10A52000FBF7E6FF0446FBF7D5FB0A490B78A3428D
:10A53000094B02D11860002010BD1A68821A1D2A2A
:10A54000F9D91860B4FA84F00C704009F4E700BF40
:10A550000010014080010020A03E002001214FF0AA
:10A56000FF32084608B5FFF77DF802F00FFF02F052
:10A57000CFFE00F045FE02F0A7FC0120FFF7C0F877
:10A58000F3E7000010B50024124B88B00093124B83
:10A5900068460493CDE90144CDE90544039407944A
:10A5A000FFF7BAF80D4B186004A8FFF7B5F80C4B8D
:10A5B000214618600B4A0C48FEF7D6FF0B4B21468C
:10A5C00018600B4A0B48FEF7CFFF0B4B186008B022
:10A5D00010BD00BF391701083F170108B83E002021
:10A5E000B43E00203C180108BDA60008AC3E002087
:10A5F000601801085DA50008B03E00202DE9F04379
:10A6000095B004AA15462B4B03F140061446186872
:10A610005968083303C4B3422246F7D1FF23052407
:10A620008DF810308DF84F300A2700F071FB224E64
:10A630003C2221460DF1110005F02DFE01210223DF
:10A640002A46CDE9001306200023029700F094FF6C
:10A65000631C0A2CDBB222D100F062FB40F6B8305A
:10A66000FFF74EF8052400F053FBFBF733FB40F6F1
:10A67000B7398046FBF72EFBA0EB08034B4510D9FA
:10A6800033680133336001F087F918B903F0D0FB68
:10A690000028CDD000F044FB15B0BDE8F0831C4687
:10A6A000E3E7FFF739FF0028F4D10A20FFF728F885
:10A6B000E0E700BFA40E0108BC3E00202DE9F041F8
:10A6C00088B0FFF71BFC4FF47A70FFF719F801F020
:10A6D0006DFB02F087FF02F04DFA01F05DFB02F026
:10A6E0009DFA02F0B7FB524B01211868FEF780FF7C
:10A6F0004FF47A70FFF704F800230DF106028DF88D
:10A7000004308DF805308DF806308DF807300DF1E6
:10A7100005010DF1070301A802F0C4FF9DF8063002
:10A7200013B90F238DF806309DF804500DB19DF834
:10A7300005509DF8066001F05DFB0128074641D1F8
:10A740009DF806308DF808508DF80930FF238DF8FC
:10A750000E3001F04FFB8DF80F0001F05DFB16236A
:10A760008DF811304FF481738DF81000ADF8123070
:10A7700001F04CFB4FF47A788DF8140001F040FBA7
:10A78000002402AB8DF8150040460693ADF8164044
:10A79000FEF7B6FF03A801F02FFD2346214608FB74
:10A7A00006F6244A566282F8287082F82350947084
:10A7B0000332D1540133202BFBD1012231462846EC
:10A7C00000F01AFF1C4D1D4C1D4E2B6801332B60F1
:10A7D00000F074FFFFF7A0FE38B101F0DDF820B9FA
:10A7E00003F026FB08B9FFF709FF03F021FBD8B1FE
:10A7F00027785FB90123237003F026FB30B100F006
:10A80000B5FE03F01BFB00F083FA277003F010FB8A
:10A8100050B1FBF75FFA3368C01AC72804D9FBF7B9
:10A8200059FA306000F084FA0120FEF769FFCCE7A6
:10A83000B03E0020D4490020BC3E0020A83E0020AD
:10A84000A43E002008B5FFF755FE08B5FFF752FEFD
:10A850000A4B07B55A69052142F001025A615B694A
:10A86000002203F0010301930F20019BFCF74AF83B
:10A870000F2003B05DF804EBFCF774B80010024041
:10A8800008B54FF482730E480E4A4FF40071C0E9C8
:10A89000002300231022C0E90233C0E90433C0E9D9
:10A8A000083383620A23C0E90612C362FCF70AF97F
:10A8B00008B1FFF7A7FDBDE8084000F06FBD00BF7D
:10A8C000C03E00200030014030B51024054687B05E
:10A8D0002246002102A805F0DEFC2A68194B9A42A4
:10A8E0002ED103F560439A69032542F480529A61A0
:10A8F0009A69154802F480520092009A9A6902A956
:10A9000042F004029A619B69A02203F004030193C0
:10A91000019B02230595CDE90223FBF709FD0023E6
:10A9200040210948CDE9021302A90493FBF700FD79
:10A930000123054802A9029403930595FBF7F8FC4F
:10A9400007B030BD003001400008014008B54FF4A9
:10A95000E1330B480B4AC0E9002300230C22C0E975
:10A960000233C0E905230361C361FCF7BBFB08B1F7
:10A97000FFF748FD00F01EFBBDE8084000F07CBB7F
:10A980005C3F00200038014070B5064686B01022BA
:10A99000002102A805F07FFC3268264B9A4247D17D
:10A9A00003F558439A69012442F480429A619A69F6
:10A9B000214802F480420092009A9A6902A942F06A
:10A9C00004029A619B694FF4007203F0040301933F
:10A9D000019B0223CDE9022303230025CDE9044393
:10A9E000FBF7A6FC4FF48063134802A9CDE90235BA
:10A9F0000494FBF79DFC114C114B2046C4E9003533
:10AA00008023C4E903354FF48053C4E90555A5609C
:10AA1000E361FBF781FD08B1FFF7F4FC252000227C
:10AA20000521F4636662FBF76DFF2520FBF79AFFB3
:10AA300006B070BD0038014000080140183F0020FA
:10AA400058000240FEE7FEE7FEE7FEE7FEE770473C
:10AA50000148FBF769BE00BF183F00200148F9F725
:10AA6000CBBD00BFF42B00200148F9F735BC00BF77
:10AA7000A43F00200148FCF7CFBC00BF5C3F002092
:10AA8000174B07B59A690F2142F001029A619A6942
:10AA90006FF0010002F001020092009ADA6942F0C0
:10AAA0008052DA61DB69002203F080530193019B3D
:10AAB000FBF728FF0B4A536823F0E06343F0007371
:10AAC0005360536823F0E06343F000735360064A19
:10AAD000536843F44073536003B05DF804FB00BF58
:10AAE0000010024000000140002004E070B5214B3E
:10AAF00088B0DA69054642F00402DA61DB6901A92F
:10AB000003F00403029303A8029BFBF779FB069B67
:10AB10004BBBFBF755FB184E184B336040F2E73345
:10AB2000F360174BB0FBF3F3013B73600023304637
:10AB30003361B360B361F9F7A1FC044680B93046D4
:10AB4000F9F794FB044658B91E20FBF70BFF0F2DB5
:10AB50000DD8224629461E20FBF7D4FE094B1D6066
:10AB6000204608B070BDFBF72BFB4000D3E7012463
:10AB7000F6E700BF00100240A43F0020000800409C
:10AB800040420F00080000200B4A0346116810B530
:10AB900009B90A491160106809490A4C0344091BA4
:10ABA0008B4206D905F0D6FB0C2303604FF0FF3033
:10ABB00010BD1360FCE700BFEC3F0020506F002089
:10ABC00000C00020000800000120704708B505F013
:10ABD000C1FB162303604FF0FF3008BD08B505F038
:10ABE000B9FB16230360FEE770B50D4614460E460A
:10ABF000731B9C4201DC204670BDAFF3008006F859
:10AC0000010BF5E770B50D4614460E46731B9C42CA
:10AC100001DC204670BD16F8010BAFF30080F5E7AC
:10AC20004FF0FF3070474FF4005300204B607047E7
:10AC30000120704700207047F9F716FB0B480C49BC
:10AC40000C4A002302E0D458C4500433C4188C4288
:10AC5000F9D3094A094C002301E013600432A242EF
:10AC6000FBD305F07DFBFFF773FB7047000000206E
:10AC7000EC010020D0380108EC0100204C6F0020CE
:10AC8000FEE7000037B54FF480411E48FBF730FC6B
:10AC9000B0FA80F01C4C1D4B400920709968D3F825
:10ACA0000824C1F3C81192B2D24381F07E41C94356
:10ACB00010B24301C50005F0400503F080034000D9
:10ACC0002B4300F020000343500800F01000034322
:10ACD000D00800F008000343500900F004000343CB
:10ACE000D00900F002000343C2F34022134301F4F1
:10ACF000807119436180206883B26FF30F0018439D
:10AD000003B030BD00100140F03F002000080140BA
:10AD100000224FF400410148FBF7F0BB0010014056
:10AD200001224FF400410148FBF7E8BB001001404D
:10AD30004FF400410148FBF7E6BB00BF00100140A3
:10AD400000224FF400510148FBF7D8BB001001402E
:10AD500008B5FFF7E5FFBDE80840FFF7F1BF0000C9
:10AD600001224FF400510148FBF7C8BB001001401D
:10AD70004FF400510148FBF7C6BB00BF0010014073
:10AD8000F8B5431EB3F5C03F04460E4601D301207B
:10AD9000F8BD002500F6FF773F0B280300F5F31000
:10ADA00000F5805000F0AEFB0028F0D10135AF4235
:10ADB000F3D10122044B1C60044B1E80044B18602D
:10ADC000044B1A70E4E700BFFC3F0020F83F00206E
:10ADD000F43F00200040002038B5054610481446D6
:10ADE0000078012801D0012038BD0029FBD0A2B194
:10ADF0000C4B1B68AB42F6D35B1B9A42F3D805F5AC
:10AE0000F31000F5805000F025FB0028EBD1064B35
:10AE10002C441A68A24238BF1C600020E4E700BF3F
:10AE200000400020FC3F0020F43F00202DE9F04FBF
:10AE3000364E85B03378012B09D1DFF8D490354BED
:10AE4000D9F800501B68AB4259D20023337001205F
:10AE500005B0BDE8F08F802DA84628BF4FF08008D0
:10AE60001FFA88FA524638462B4900F0C1FA0028EA
:10AE7000EBD1294A12F8013B5C40082344F300015E
:10AE800001EA0B01013B81EA540113F0FF038CB28C
:10AE9000F4D1013080B28245ECD84744A5EB0805D7
:10AEA000002DD8D11D4B1B88A342CED11C4B1D4871
:10AEB0000093D9F80030ADF8084001930123ADF8B4
:10AEC0000A50039300F01EFB0028BED110226946F1
:10AED000144800F0BFFA0028B7D1022332203370A3
:10AEE000FAF7FEFEBFF34F8F0F49104BCA6802F40A
:10AEF000E0621343CB60BFF34F8F00BFFDE74FF617
:10AF0000FF740B4FDFF82CB0CAE700BF00400020F1
:10AF1000FC3F0020F43F0020564B0020F83F00206B
:10AF20003141544F00F01F0000ED00E00400FA052D
:10AF300000701E0001A0FFFF10B1064B1B780370CC
:10AF400011B1054B1B680B6012B1044B1B881380B9
:10AF5000704700BF00400020FC3F0020F83F002069
:10AF6000064882B0036806491A680092009A602277
:10AF70005B680193019B02B0FCF7E4BB5C3F0020DF
:10AF8000A646002013B5094C2046FCF72BF9236890
:10AF900020461A6806490092009A60225B68019375
:10AFA000019B02B0BDE81040FCF7CCBB5C3F002029
:10AFB000A646002000224FF480710148FBF79EBA9C
:10AFC000000801402DE9F0410C460546002847D015
:10AFD0004B1E5F2B44D8234E33686BB90027224B9E
:10AFE00093F84130202B12D0022417B13068FEF7BD
:10AFF000EEFB2046BDE8F081FEF752F80228EDD1C5
:10B000004FF0FF313068FEF7BFFB0127E7E7DFF8BD
:10B010005C80D8F80030E3B922462946144805F090
:10B02000C6F901224FF480711248FBF767FA01203C
:10B03000FAF756FE22460E490B48FCF782F8044602
:10B040000028D2D000224FF480710A48FBF756FA4C
:10B05000CBE7FAF73FFED8F800309842DCD1C3E7DF
:10B060000124C6E7B43E00205C3F00201C400020C5
:10B07000464600200008014082B0EFF3108272B60D
:10B0800000230A490B800A490B800A490B8082F38E
:10B0900010880948094903681A680092009A6022DA
:10B0A0005B680193019B02B0FCF74CBB244000207D
:10B0B00022400020204000205C3F0020A6460020C7
:10B0C000F0B558B161B3EFF3108572B6154C238813
:10B0D0009BB223B985F3108818460B80F0BD622718
:10B0E000114E124A33889BB207FB0322B2F860303C
:10B0F000602B28BF6023C718B8420CD132880132B8
:10B1000002F00F0232802288013A92B2228085F347
:10B1100010880120E1E712F801CB00F801CBEBE742
:10B120000846DBE720400020224000202640002087
:10B130000268174B70B59A420C4627D1FAF7CAFD40
:10B14000144B1860F4B1144D2B889BB20F2B19D8F7
:10B150006221602C28BF6024104E114B328892B2BD
:10B1600001FB0233224618460E4905F020F93388C8
:10B17000A0F86040013303F00F0333802B880133C4
:10B180009BB22B80BDE87040FFF7EABE70BD00BFE8
:10B1900000380140184000202040002024400020BA
:10B1A00026400020A646002008B50268074B9A42B8
:10B1B0000BD1FAF78FFD064B002218604FF4807117
:10B1C000BDE808400348FBF799B908BD00380140C5
:10B1D0001C4000200008014008B50268064B9A4256
:10B1E00009D100224FF480710448FBF787F9BDE8CC
:10B1F0000840FFF7B5BE08BD003801400008014017
:10B2000070B500F0F7FD01285BD02E4B2E4D93F862
:10B210003060FAF75FFDF6B204462C4946B92B6858
:10B220000E70002B4DD02E60BDE87040FFF788BD3A
:10B230000878274A274B08B914601C600E701868FC
:10B240001668126829689042A4EB06061BD12B6889
:10B25000DBB141F28831204A1368E31A8B4202D9EC
:10B260001460FFF78FFE1D4B9E4220D9BFF34F8F16
:10B270001B491C4BCA6802F4E0621343CB60BFF366
:10B280004F8F00BFFDE71A6061B949F640439E4207
:10B2900017D9114B2C601C60134B1C60BDE870402B
:10B2A000FFF770BE00232B60FFF74AFDCFE70E4A81
:10B2B0001368E31AC72B04D91460BDE87040FFF788
:10B2C00057BD70BD084700201440002008400020F2
:10B2D000184000200C400020104000208038010061
:10B2E00000ED00E00400FA0504400020062337B515
:10B2F0000B4D0022284610218DF80730FBF7FEF891
:10B3000032230DF1070101220648FBF733FC044606
:10B31000012228461021FBF7F1F8204603B030BD8A
:10B3200000080140C03E0020F7B50546FAF7D2FC00
:10B330000446184E184F05230022102130468DF880
:10B3400006308DF80720FBF7D9F8322301220DF1E2
:10B3500006013846FBF70EFC322301220DF10701EE
:10B360003846FBF7B3FD304601221021FBF7C6F843
:10B370009DF8073013F0010001D103B0F0BDFAF7DA
:10B38000A9FC001BA84203D80120FAF7A9FCD2E7C8
:10B390000320F2E700080140C03E002037B501223B
:10B3A00010211148FBF7AAF8FFF7A0FF0446C0B927
:10B3B0000125024610210C48ADF80450FBF79EF819
:10B3C000022201A964230948FBF7D4FB04462A465C
:10B3D00010210548FBF792F81CB96420FFF7A4FF81
:10B3E0000446204603B030BD00080140C03E0020A6
:10B3F00073B515460E4639B332B303238DF80430C6
:10B40000030C40BA00221021ADF806000F488DF859
:10B410000530FBF773F8042264230D480DEB02019D
:10B42000FBF7A8FB044638B92A463146084805F11F
:10B430006403FBF74BFD0446012210210348FBF790
:10B440005DF8204602B070BD0124FAE70008014013
:10B45000C03E00202DE9F74F064693460F460029CF
:10B460004AD0002A48D04FF0020ADFF89080DFF877
:10B470009090F5B2C5F58075ADB25D4528BF5D46CB
:10B48000FFF734FF044640BB330C02461021404610
:10B490008DF8053073BAADF806308DF804A0FBF7CF
:10B4A0002DF80422642348460DEB0201FBF762FBF2
:10B4B000044640B905F164032A46394648469BB222
:10B4C000FBF758FB0446012210214046FBF716F813
:10B4D0001CB96420FFF728FF04462E442F44ABEB31
:10B4E00005051FFA85FBBBF1000F01D0002CC0D071
:10B4F000204603B0BDE8F08F0124F9E700080140C1
:10B50000C03E002037B50546FFF7F0FE044600BBFD
:10B5100020230246102110488DF804302B0C6DBA00
:10B520008DF80530ADF80650FAF7E8FF04226423E1
:10B530000DEB02010948FBF71DFB04460122102117
:10B540000548FAF7DBFF24B94FF47A60FFF7ECFE09
:10B550000446204603B030BD00080140C03E002034
:10B56000FF22014B1A707047810100200022014B1D
:10B570001A807047BE4900202DE9F74F1B4C1F462B
:10B58000237888469DF830B09DF834909DF838A017
:10B59000009001923BB900F0DBFB0123237000F027
:10B5A0003BFC134B187000240126124D44450FD16B
:10B5B000204602F063FDDDE900214B462046CDE93F
:10B5C0000DB7CDF830A003B0BDE8F04F02F062BA7D
:10B5D0002B882341DB0707D4E0B202F063FD288803
:10B5E00006FA04F303432B800134DFE7BC49002053
:10B5F00081010020BE49002013282DE9F74F0546A0
:10B60000894690464BD80123264C84F8303002F00E
:10B610003DF90128064618D1E570257100F0EAFBD6
:10B6200040F20113238000236071C4F8149084F861
:10B630002280A370FAF74EFB84F828606062FFF75F
:10B6400067FB002003B0BDE8F08F10B9B8F1000F20
:10B6500025D14FF0140B6F1C05F11403B7FBFBF65B
:10B660000BFB1676F6B23046019302F00FF9012873
:10B670008246019B10D140F2011323800023E57024
:10B680002671C4F8149084F82280A370FAF722FB84
:10B6900084F828A06062D2E701379F42DED1012002
:10B6A000D0E700BF084700200020034B587083F804
:10B6B000300018709870704708470020F0B5A14C12
:10B6C00087B001F073FB63783BB902F0B1FB08B9B6
:10B6D000FFF726FB002007B0F0BDFAF7FBFA05469E
:10B6E00002F0A6FB20B92378032B0DD1FFF710FB46
:10B6F0002378013B052BEDD8DFE813F009006C003F
:10B700007800BC00CA00D100FFF70AFBF0E7002375
:10B710008D4A0393531E0193931E029200938B490B
:10B72000D31E2079043A02F049F8054610B10623E9
:10B73000237059E0864F667F3B78B34211D0ADF855
:10B740001600844930460DF1160200F07DF910B95B
:10B75000BDF816300BB902F0F5FC00227E4B3E70AE
:10B760001A8000237D4920790DF116028DF81630DC
:10B7700002F02CF928B9257F9DF81630EA1A5542B7
:10B78000554100232079764AA37002EBC001CB79A2
:10B7900084F82150E3B112F83030A3774B78E37787
:10B7A0008B7984F820304B88C3EB431203EB820281
:10B7B0008B88D200C3EB431103EB8103DB0092B211
:10B7C0009BB2A381E280FAF785FA0223A060AFE77B
:10B7D0001A46F6E7634B1B780BB10323A8E7A3686F
:10B7E000E288EB1A9342F8D2012074E7A378002B89
:10B7F000FAD10122A27094F82120217F002A35D0AD
:10B800005648594DDAB2914220D8574BE27F574DF6
:10B810000292A27F019294F820200092607F4B4A0E
:10B82000FFF7AAFEFAF756FA4FF0FF31A061286839
:10B83000FDF7AAFF2378032B04D14A4B1B78BBB139
:10B84000062323702868FDF7C2FFCDE72E46074682
:10B85000402217F801CB013A12F0FF0246F804CB60
:10B86000F7D10133403005F58075CBE71346CDE7BE
:10B870000423E6E7A3696269EB1A9342B4D3A38970
:10B88000002B3FF454AFFAF725FA052320614FE768
:10B89000A389226913449D42BFF449AFA4E794F8F9
:10B8A0002260012E3ED1002394F83120238012B172
:10B8B00084F831300EE72B4B1B781BB1207901F057
:10B8C000DFFA07E72A4D2B78002B3FF403AF274F11
:10B8D0004FF0FF313868FDF757FFEB78DB0707D4EF
:10B8E000EB7843F00103EB70AB780133DBB2AB7064
:10B8F0002279AB7885F823206A78DBB242B19A428C
:10B9000006D3FAF7E7F901230026E86285F830301C
:10B910003868FDF75CFF002E3FF4DCAE052001F037
:10B92000A9F9D7E61426237909250133B3FBF6F2EA
:10B9300006FB12332371207901F0A8FF012819D1E9
:10B94000207051E70847002028470020564B002070
:10B9500081010020314D0020BE4900203C490020DB
:10B960002C4A0020C04900203C470020B83E00205F
:10B97000D44900200138C0B2FD2806D9237901330B
:10B98000B3FBF6F206FB12332371013D15F0FF0500
:10B99000D1D125809EE600BF014B5878704700BF8B
:10B9A00008470020024601444FF6FF7030B5094DAC
:10B9B0008A4200D130BD082412F8013B584040F3C0
:10B9C00000032B4083EA500398B2631E13F0FF0478
:10B9D000F5D1EDE701A0FFFF0F2873B50E46154620
:10B9E00002D9012002B070BD0029FAD0531E41F6E1
:10B9F000F7729BB29342F4D800F1C004640320466E
:10BA0000FFF780FD0028ECD104F58050FFF77AFDA8
:10BA10000028E6D10B4B294630460093FFF7C2FFC2
:10BA20000822ADF8040069462046ADF80650FFF73D
:10BA300011FD0028D5D12A46314604F10800FFF750
:10BA400009FDCFE72154554C0F28F7B50D46164692
:10BA500003D90124204603B0F0BD0029F9D0002A03
:10BA6000F7D000F1C0046403082269462046FFF7BE
:10BA7000BFFC0028EDD1104B009A9A42E9D141F663
:10BA8000F771BDF80620531E9BB28B42E1D804F13A
:10BA900008002946FFF7ACFC04460028D9D1BDF8C0
:10BAA000067028463946FFF77DFFBDF80430834213
:10BAB000CFD13780CEE700BF2154554C0F2810B5A9
:10BAC00001D9012010BDC03044032046FFF71AFD04
:10BAD0000028F6D104F58050FFF714FD003818BF98
:10BAE0000120EFE7002201210148FAF707BD00BF5E
:10BAF00000080140012202481146FAF7FFBC00BFCE
:10BB00000008014000224FF400410148FAF7F6BC5A
:10BB1000000C014001224FF400410148FAF7EEBC4D
:10BB2000000C014000224FF480510148FAF7E6BCB6
:10BB3000000C014001224FF480510148FAF7DEBCAD
:10BB4000000C014000224FF480610148FAF7D6BC96
:10BB5000000C014001224FF480610148FAF7CEBC8D
:10BB6000000C014000224FF400610148FAF7C6BC06
:10BB7000000C014001224FF400610148FAF7BEBCFD
:10BB8000000C014000224FF480410148FAF7B6BC96
:10BB9000000C014001224FF480410148FAF7AEBC8D
:10BBA000000C01401FB50023019303934FF4006381
:10BBB00000930123694603480293FAF7B9FB05B0E5
:10BBC0005DF804FB000C01401FB54FF0030C00238F
:10BBD0004FF4006001218DE80B1069460248FAF726
:10BBE000A7FB05B05DF804FB000C01400A20FAF742
:10BBF00077B8FFF7FBBFFAF76DB810B50446FDF74D
:10BC00004FFA0228204603D0BDE81040FAF768B882
:10BC1000BDE81040FDF774BD4FF400610148FAF72C
:10BC200067BC00BF000C01404FF400510148FAF717
:10BC30005FBC00BF000C0140024618B90221024857
:10BC4000FAF75CBC704700BF000C014020B901222C
:10BC500002210248FAF752BC704700BF000C0140B5
:10BC60002DE9F04186B01022002102A804F013FB58
:10BC7000344B354C9A69204642F004029A619A6925
:10BC80004FF4004102F004020092009A9A69DFF832
:10BC9000BC8042F008029A619B69002203F008030D
:10BCA0000193019BFAF72AFC204600224FF48041C1
:10BCB000FAF724FC204600224FF48051FAF71EFCCC
:10BCC000404600220121FAF719FC204600224FF4D9
:10BCD0008061FAF713FC002220464FF40061FAF766
:10BCE0000DFC0125002603274FF48043204602A9BE
:10BCF000CDE90235CDE90467FAF71AFB0223404685
:10BD000002A90593CDE902550496FAF711FB2A46DC
:10BD100039462046FAF7F2FB49F60343204602A9CA
:10BD2000CDE90235CDE90467FAF702FB4FF4005381
:10BD3000204602A9CDE902360495FAF7F9FA06B0D1
:10BD4000BDE8F08100100240000C014000080140F5
:10BD500013B5FFF785FF0E4801F000FF044698B9C0
:10BD600002F07EF8044678B9012002F087F901F06C
:10BD7000E9FB02F08BF900F04FF806490DF10602DD
:10BD8000ADF80640FFF760FE204602B010BD00BFD0
:10BD900084180108314D0020FFF7DABF00231A464E
:10BDA000C2540133202BFBD1704700000122022135
:10BDB000024B1A7059709A70704700BF85010020BD
:10BDC000431EDBB2FD2B9CBF014B1870704700BFB8
:10BDD0008501002008B1014B987070478501002053
:10BDE00008B501F0C5FB18B9BDE8084001F0D0BBAB
:10BDF00008BD0000014B1878704700BF8501002086
:10BE0000014B5878704700BF85010020014B98789E
:10BE1000704700BF8501002001F0B4BB0246014419
:10BE20004FF6FF7030B5094D8A4200D130BD08246D
:10BE300012F8013B584040F300032B4083EA5003C3
:10BE400098B2631E13F0FF04F5D1EDE701A0FFFFE8
:10BE5000F0B50446837885B08DF80430C3788579D1
:10BE60008DF8053003790A218DF8063043798DF875
:10BE700008508DF80730C3798DF80930037A8DF8B2
:10BE80000A30437A8DF80B30837A8DF80C30C37A00
:10BE900001A88DF80D30FFF7C1FFE668A6B19DB18E
:10BEA00000220C4FB35C5840082380B240F30001DD
:10BEB0003940013B81EA500013F0FF0380B2F5D115
:10BEC000013293B29D42EDD8238A1B1A5842584141
:10BED00005B0F0BD01A0FFFFF0B50446837885B042
:10BEE0008DF80430C37885798DF8053003790A21FF
:10BEF0008DF8063043798DF808508DF80730C379F6
:10BF00008DF80930037A8DF80A30437A8DF80B30BA
:10BF1000837A8DF80C30C37A01A88DF80D30FFF7C5
:10BF20007DFFE668A6B19DB100220C4FB35C58407E
:10BF3000082380B240F300013940013B81EA500000
:10BF400013F0FF0380B2F5D1013293B29D42EDD8D8
:10BF50002074000A607405B0F0BD00BF01A0FFFFAF
:10BF600003461046A1F11002422A10B502D96FF023
:10BF7000030010BD1C7804705A78AA2C427039D185
:10BF8000552A37D19A788270DA78C2701A7902719C
:10BF90005A7942719A798271DC79422AC4711C7A89
:10BFA00004725C7A44729C7A8472DC7AC472DED841
:10BFB00002F11004A142DAD103F10C01C16002F1D7
:10BFC0000C01595C017402F10D01595C417402F1DC
:10BFD0000E01595C0F3281749B5C5529C3740CD1DE
:10BFE000AA2B0AD1FFF734FF00280CBF6FF0020024
:10BFF0000020BEE74FF0FF30BBE76FF00100B8E76D
:10C00000F8B55523AA2704460D464370837407707C
:10C01000C7741646FFF760FFA2792F70637810325D
:10C020006B70A378AB70E378EB7023792B71637935
:10C030006B71A379AB71E379EB71237A2B72637A1D
:10C040006B72A37AAB72E37AEB72E3680BB1A379FC
:10C05000EBB90C230AE0E068405C0131E854A779B1
:10C0600088B200F10C0387429BB2F4D8217CE954DA
:10C07000607C591C89B26854A07C991C89B26854B0
:10C08000E17C03339BB2E95400203280F8BD0021EB
:10C09000E5E700002DE9F0471C4603F110081733CF
:10C0A00003F4FC7300AFADEB030DAA238DF8003051
:10C0B000552305468DF80130C3788A468DF8023045
:10C0C000284B91461B786E468DF8033001F05AFAE2
:10C0D000EB798DF804008DF807302B7A8DF805A0E8
:10C0E0008DF808306B7A8DF806408DF80930AB7A00
:10C0F0008DF80A30EB7A8DF80B303CB1B9F1000FB6
:10C1000004D02246494603A804F051F904F10A017B
:10C11000B01CFFF783FE55233444A373AA23E373B3
:10C12000AB782073FF2B4FEA1020607303D10020FF
:10C13000BD46BDE8F087EB78002BF8D10A4B1B78A1
:10C14000012B08D141463046FDF7F8FF0028EED01C
:10C150006FF00600ECE7002BE9D141463046FEF7D0
:10C1600031FFF3E785010020D74B00200023802119
:10C170001A46FFF78FBF07B501238DF807100DF1A1
:10C1800007028121FFF786FF03B05DF804FB10B5BD
:10C190008379044623B90421BDE81040FFF7EBBFC3
:10C1A000C3681A78531EDBB2FD2B01D90A21F3E7CD
:10C1B000104601F0B7F9034610B106212046EBE71F
:10C1C000024680212046BDE81040FFF763BF10B54E
:10C1D000044601F0DDF9034628B12046BDE81040D1
:10C1E0000621FFF7C8BF024680212046BDE8104067
:10C1F000FFF750BFFEF7E6BE00B597B00DF10202A3
:10C2000001A9FFF7FDFE38B9BDF8021001A8FEF73D
:10C21000D9FE17B05DF804FB0120FAE700B597B02E
:10C220000DF1020201A9FFF7EBFEBDF8021001A813
:10C23000FDF784FF003818BF012017B05DF804FB3C
:10C240002DE9F04F82790446412A89B005D80421AE
:10C2500009B0BDE8F04FFFF78EBFC36893F80090B8
:10C26000B9F1130F01D90A21F2E75E7816F0010641
:10C2700017D0442A1BD993F8427093F84380022FB9
:10C2800028BF0227B8F10A0F28BF4FF00A0893F819
:10C2900044B0384AA57A5278AA420AD802212046E8
:10C2A000D6E74FF0010B4FF00A080227F1E7B3463B
:10C2B000F9E7627A013A012A01D90721EFE7DFF8AD
:10C2C000B8A09AF800204A4511D0802200212B48BE
:10C2D000059303F0E0FF0021294A059B1180617A54
:10C2E000284A8AF8009011702179274A1170234852
:10C2F0009A1C00EB8511423352F804CB9A4241F864
:10C3000004CBF9D1012101FA05F31D4D2A8813430D
:10C310001C4A9BB212782B8026B99140013989B210
:10C320008B4218D1CDE902B0CDE90078164B4846D2
:10C330001B78E17901F0D2F9FF238AF8003000235D
:10C340002B80034648B91A468021204609B0BDE833
:10C35000F04FFFF79FBE3346F5E7062381218DF8A6
:10C360001F30204601230DF11F02FFF793FE09B095
:10C37000BDE8F08F8501002084010020564B00208D
:10C38000544B0020534B0020524B00202DE9F74323
:10C3900083790446412B05D8042103B0BDE8F0435E
:10C3A000FFF7E9BED0F80C9099F80070132F01D96F
:10C3B0000A21F2E7324B857A5B7899F80160AB424B
:10C3C00001D80221E9E7437A013B012B01D907217A
:10C3D000E3E7DFF8B08098F80030BB420CD0802251
:10C3E0000021294803F057FF0022284B88F80070ED
:10C3F0001A80627A264B1A70234B09F1020203EB72
:10C40000851309F1420952F8041B4A4543F8041BFD
:10C41000F9D10122DFF8749002FA05F5B9F800307D
:10C420001D431B4BADB2197816EA0203A9F8005060
:10C4300004D18A40013A92B295420BD13846124A51
:10C4400001F068FAFF2388F800300023A9F80030D3
:10C45000034638B91A468021204603B0BDE8F043B0
:10C46000FFF718BE062381218DF8073020460123EF
:10C470000DF10702FFF70EFE03B0BDE8F08300BF29
:10C480008501002083010020D24A0020D04A0020EC
:10C49000CE4A002013B5837904462BB9042102B09B
:10C4A000BDE81040FFF767BEC3681B78132B01D9A6
:10C4B0000A21F4E7184601F0D7FA034638B90246D4
:10C4C0008021204602B0BDE81040FFF7E3BD0623FF
:10C4D00081218DF80730204601230DF10702FFF777
:10C4E000D9FD02B010BD00002DE9F04F827904465D
:10C4F000042A85B005D8042105B0BDE8F04FFFF748
:10C500003ABEC3681E780F2E02D90A212046F3E7EF
:10C5100041F6F8755888043A92B200EB020AAA452F
:10C5200003F10401F1D8DFF804815F7898F8003056
:10C53000DFF8FC90B34218BF00233E4D48441CBFB7
:10C540002B8088F8006003F032FF2B889A45C8BF23
:10C55000A5F800A017F001035ED02A88212A4AD945
:10C56000002799F80930BC460F2B28BF0F2330490C
:10C57000019301F10A0E01F1090901F10F0A7B0093
:10C5800011339A4217D90B7C487C40EA032000F112
:10C5900010039A420FD31EF800B019F800301AF8B1
:10C5A000000043EA0B2303EB4303DB08043343435C
:10C5B0009C4538BF9C4601980137FBB2834201F18C
:10C5C0000201DCD91C4B1D4919441D4B5B1A9C45CB
:10C5D00011D9FF2388F8003000232B800A238DF81F
:10C5E0000F308121012320460DF10F02FFF752FD8C
:10C5F00005B0BDE8F08F30460D49FFF7EDF9FF2398
:10C6000088F8003000232B80054668B93046FFF7D4
:10C61000E7FBFEF7A5FF2B461A468021204605B012
:10C62000BDE8F04FFFF736BD0623D8E782010020B2
:10C63000314D0020CC4A002000080000506F00203F
:10C6400000C0002037B5837904462BB9042103B01C
:10C65000BDE83040FFF78FBDC3681B780F2B01D9B1
:10C660000A21F4E71846FFF729FA054650B9FEF704
:10C6700077FF2B462A468021204603B0BDE8304094
:10C68000FFF708BD062381218DF8073020460123DE
:10C690000DF10702FFF7FEFC03B030BD13B583793F
:10C6A0000446052B05D8042102B0BDE81040FFF771
:10C6B00062BDC36899881868FEF762FB034638B903
:10C6C00002468021204602B0BDE81040FFF7E2BCE0
:10C6D0000A2381218DF80730204601230DF107023E
:10C6E000FFF7D8FC02B010BD13B582790446042AC6
:10C6F00005D8042102B0BDE81040FFF73CBDC36877
:10C70000053AD3F80100591D92B2FEF765FB0346C6
:10C7100038B902468021204602B0BDE81040FFF73C
:10C72000B9BC0A2381218DF80730204601230DF181
:10C730000702FFF7AFFC02B010BD13B50446FEF7C9
:10C7400075FB48B1062381218DF80730204601236F
:10C750000DF10702FFF79EFC02B010BD1FB50446A5
:10C760000DF1020201A90DF10100FEF7E5FB9DF8B4
:10C77000013080218DF80830019B20461A0A8DF87F
:10C7800009308DF80A201A0C1B0E8DF80C30BDF8FC
:10C7900002308DF80B208DF80D301B0A8DF80E300D
:10C7A00002AA0723FFF776FC04B010BD73B58379A6
:10C7B00004462BB9042102B0BDE87040FFF7DBBC92
:10C7C000C3681E78132E01D90A21F4E7304600F021
:10C7D0007DFF054658B9304601F046F92B462A46FA
:10C7E0008021204602B0BDE87040FFF753BC06230D
:10C7F00081218DF80730204601230DF10702FFF754
:10C8000049FC02B070BD70B5044601F075F80546EC
:10C8100028B12046BDE870400621FFF7ACBC01F00E
:10C820002BF92B462A462046BDE870408021FFF7B1
:10C8300031BC00002DE9F743837904462BB904216C
:10C8400003B0BDE8F043FFF796BCC36893F80080DF
:10C85000B8F1130F01D90A21F2E7FEF725FF0022F4
:10C86000274B1A73A379012B18D9E3685D78954299
:10C8700008BF0F25404601F009F8012807460FD0F0
:10C880000A238DF805008DF804300223812120460B
:10C8900001AAFFF7FFFB03B0BDE8F0830125E9E73C
:10C8A0004FF47A73174E5D433378ABB1DFF858908D
:10C8B0004FF0FF31D9F80000FCF766FF0023F01CB1
:10C8C000756286F8287086F82380B370FFF766FAE1
:10C8D000D9F80000FCF77BFF012229464046FEF70D
:10C8E0008BFE034620B14FF48573ADF80430CCE7DE
:10C8F00002468021204603B0BDE8F043FFF7CABBE3
:10C90000C0490020D4490020B83E002073B5837987
:10C9100004462BB9042102B0BDE87040FFF72BBCE0
:10C92000C3681D78132D01D90A21F4E7FEF7BCFE78
:10C9300000221C4B28461A7300F0A8FF012801466C
:10C940000CD00A238DF805008DF8043002238121D4
:10C95000204601AAFFF79EFB02B070BD124E86F87A
:10C960003100A379012B04D9E3685978002908BF65
:10C970000A214FF47A73012259432846FEF73CFE00
:10C98000034638B1002386F831304FF48573ADF893
:10C990000430DBE702468021204602B0BDE870404B
:10C9A000FFF778BBC04900200847002010B50446B7
:10C9B000FEF77AFE00210948094B80F8301080F814
:10C9C0005110817003301973FFF7E8F90B460A46DE
:10C9D0002046BDE810408021FFF75CBBD449002011
:10C9E000C049002010B5044600F052FE28B1204690
:10C9F000BDE810400621FFF7BEBB00F0C9FD0346AD
:10CA00000028F4D1024680212046BDE81040FFF7FF
:10CA100041BB000070B5174B174E1B780446012B25
:10CA20000CBF01230023337002D00A21204602E00C
:10CA3000837923B90421BDE87040FFF79CBBC3682C
:10CA40001D78FD2DF1D8284600F082FD08B10621A1
:10CA5000ECE7681CC0B27570FFF7BCF900F098FDF8
:10CA600003460028F3D1024680212046BDE87040ED
:10CA7000FFF710BB85010020D449002070B51E4B84
:10CA8000A4B01B78834232D19BB3132931D81B4AFF
:10CA900001AB002016461D461178073303F8071C2A
:10CAA0005178083203F8061C06EBC0014C880130AF
:10CAB00003F8054C240A03F8044C8C8812F8021C75
:10CAC00003F8034C14284FEA142403F8024C03F82B
:10CAD000011CE1D14FF48010FEF714FD28B98C221F
:10CAE00029464FF48010FEF7B5FC24B070BD00203D
:10CAF000FBE70120F9E700BF850100202C4A002058
:10CB000037B583790446082B0AD00A2381218DF892
:10CB100007300DF107020123FFF7BCFA03B030BD67
:10CB2000C268C37911781329EFD810480078984269
:10CB300013D155780E4B03F83150957803EBC103B0
:10CB40005D70B2F803505D80B2F805509D80D279D7
:10CB50009A710122DA71FFF791FF002380211A46B2
:10CB6000204603B0BDE83040FFF794BA85010020AD
:10CB70002C4A00202DE9F3470026244C3746A146D5
:10CB8000DFF88C8098F800A0BAF1000F39D0C6EB1E
:10CB9000C6000722694600F58010F500FEF728FC64
:10CBA00088BB98F80030534514D19DF80030022B13
:10CBB00019D823709DF80130BDF80220637009EB8D
:10CBC00005035A80BDF804209A809DF80630A371B1
:10CBD0000123E3710136142E04F10804D2D1384642
:10CBE00002B0BDE8F087022323700A23637009EBCB
:10CBF00005039870D870187158710123E071A37102
:10CC0000E8E70127E6E70746E4E700BF2C4A0020F3
:10CC1000850100204FF48010FEF774BC10B5134C52
:10CC200000215822204603F036FB114B1B785A1E78
:10CC300053425341237000F095FC00216070E01CCA
:10CC4000A170FFF7ABF843F698236362012304F168
:10CC5000310084F8231084F82830E16284F8301021
:10CC6000FFF79CF884F85110616510BDD44900208D
:10CC70008501002038B5064D04462B7833B10123D9
:10CC800085F85130F9F726F804446C6538BD00BFCB
:10CC9000D44900202DE9F0434FF014093E4C4FF0E9
:10CCA000000894F8233087B00133B3FBF9F209FB95
:10CCB000123707EB0805B5FBF9F309FB1355EDB285
:10CCC000284600F0E3FD0128064639D14FF47A7278
:10CCD000636A324FB3FBF2F38DF801301B0A8DF813
:10CCE000023094F828308DF800508DF80330FF237F
:10CCF0008DF806303B788DF8073000F043FC1E239A
:10CD00008DF8093004238DF80A303B788DF808003F
:10CD10008DF80B30637801A801338DF80C307B78E7
:10CD2000CDF810D08DF80D300023ADF80E30FFF7A0
:10CD300063FA022807460BD13046FFF79BFF04E059
:10CD400008F10108B8F1140FB3D107B0BDE8F083C2
:10CD50000028FAD1DFF84880FEF7A6FC3246616A67
:10CD60002846FEF749FC4FF0FF31D8F80000FCF7E9
:10CD70000BFD0C4884F82350A770FFF70FF8F8F765
:10CD8000A9FFE062084884F83060FFF707F8D8F898
:10CD90000000FCF71CFDD8E7D449002085010020E5
:10CDA000B83E0020D7490020054A0020F8B5264C9F
:10CDB00094F8513053B1F8F78DFF636DC01A002815
:10CDC00004DB002384F85130FFF764FF1F4D4FF060
:10CDD000FF312868FCF7D8FC237813B194F8303081
:10CDE00023B92868FCF7F3FC00202BE0F8F772FF6A
:10CDF000E36AC01A44F61F639842F2D9144E002128
:10CE00004FF0010C06F12E070FE04B1CC3F3C400DA
:10CE1000325CD9B203F007031A41D20705D43A5C59
:10CE20000CFA03F31343DBB23B5463788B42ECD828
:10CE30000026286884F83060FCF7C9FC3046FFF70C
:10CE400019FF0120F8BD00BFD4490020B83E0020E2
:10CE5000D749002008B5084B12220021184603F0DC
:10CE60001AFA064A1278013A18BF012200F8022C79
:10CE7000012200F8012C08BDC249002085010020D4
:10CE8000F8B50E4D06462B78B3B10D4B0D4F1C78FF
:10CE900014234FF0FF313868023C5C43FCF774FC0C
:10CEA00001236E73AB73F8F715FF204428613868CF
:10CEB000BDE8F840FCF78BBCF8BD00BFC0490020BE
:10CEC00085010020B83E00202DE9F041394C86B0A4
:10CED0002378002B6BD0DFF8E0804FF0FF31D8F8DB
:10CEE0000000FCF751FCA57B002D5AD0257B002DBE
:10CEF0005AD1F8F7EFFE23690126C01A002851DB4A
:10CF0000677BA5732673A570F8F7E4FE6060F8F7F9
:10CF1000E1FEA0603546D8F80000FCF758FC2DB3C0
:10CF2000264D62782B788DF800708DF801308DF8E1
:10CF300007308DF8062000F025FB18238DF8093006
:10CF400002238DF80A302B788DF808008DF80B300D
:10CF5000AB7801A88DF80C306B78CDF810D08DF837
:10CF60000D300023ADF80E30FFF746F9FEB94FF053
:10CF7000FF31D8F80000FCF707FC257BD8F800004B
:10CF8000FCF725FC9DB14FF0FF31D8F80000FCF70D
:10CF9000FBFBD8F80000267306B0BDE8F041FCF7B3
:10CFA00016BC2E462F46B6E700263746B2E706B037
:10CFB000BDE8F081C0490020B83E00208501002076
:10CFC00010B5074C4FF0FF312068FCF7DDFB002265
:10CFD000044B20681A739A70BDE81040FCF7F7BB49
:10CFE000B83E0020C0490020F8B51E4D2B78A3B1F3
:10CFF0008379012B33D9C3681B4F5C784FF0FF3125
:10D00000013C3868E4B21E78FCF7BEFB386814B106
:10D010006B78A34203D2FCF7DAFB0020F8BDE208EC
:10D02000E91C8B5C04F007042341DB07F3D40127E0
:10D030008B5C07FA04F42343DBB28B54AB7885F89E
:10D0400023603B44DBB2AB70AC786E78E4B2FCF7A3
:10D05000BEFBA642E1D20520FFF70CFEDDE76FF034
:10D060000500DBE7D4490020B83E0020F8B5144D98
:10D070002A78FAB18279032A1ED9C368114C1E7826
:10D08000B3F80170002380211A46FFF703F84FF030
:10D09000FF312068FCF778FBFEF706FB4FF47A714E
:10D0A00000230122304679432B73FEF7A5FA20684E
:10D0B000FCF78DFB0020F8BD6FF00500FBE700BF1B
:10D0C000C0490020B83E00202DE9F0410446807898
:10D0D000431EDBB2FD2B03D8894B1B78834221D141
:10D0E0006379292B26D8132B06D9864AA3F114017C
:10D0F000C9B2CA40D2072DD4217A99B1E2798AB156
:10D1000091420FD3627A511E01290BD8A17A914224
:10D1100008D2E27A3F2A05D8A279422A02D8FAB187
:10D12000E268EAB90A212046FFF725F86FF005000A
:10D13000BDE8F08183F08002052ADDD8FF2811D1F7
:10D14000802B00F0CA807F33DBB2042B00F2D18049
:10D150000020EDE7A279422AE4D8FF280BD001E0B5
:10D16000FF2803D0664A12788242F1D1292BE7D8F2
:10D17000002B00F0BE80013B282B00F2BA80DFE8D4
:10D1800003F015B81A1F3DB8B8B8B8B8B8B8B8B8F1
:10D19000B8B8B8B824292E333884B842474C7589BA
:10D1A0007A8EB8B8B8937F989DA2A7002046BDE8B4
:10D1B000F041FEF7DBBF2046BDE8F041FEF7E7BFD8
:10D1C0002046BDE8F041FFF702B82046BDE8F04137
:10D1D000FFF736B82046BDE8F041FFF7E7BA204632
:10D1E000BDE8F041FFF70FBB2046BDE8F041FFF777
:10D1F00021BB2046BDE8F041FFF7D8BB2046BDE883
:10D20000F041FFF7EFBB2046BDE8F041FFF702BC5D
:10D210002046BDE8F041FFF773BCFFF7FBFCA022FE
:10D220000021394803F037F80022374B4FF0020C49
:10D230001E460A271046012506EBC2010132142AB8
:10D2400083F800C05F708870C8700871487103F17E
:10D25000080303F8025C03F8015CEDD100232046CB
:10D26000BDE8F0411A468021FEF714BF2046BDE814
:10D27000F041FFF74BBB2046BDE8F041FFF786B811
:10D280002046BDE8F041FFF705B92046BDE8F04172
:10D29000FFF7AABE2046BDE8F041FFF7E7BE2046F3
:10D2A000BDE8F041FFF720B92046BDE8F041FFF7A7
:10D2B000C9B92046BDE8F041FFF7F0B92046BDE806
:10D2C000F041FFF711BA2046BDE8F041FFF735BA4B
:10D2D0002046BDE8F041FFF741BA0C4B1A78002A0E
:10D2E0003FF436AF1B7B002B3FF432AFFFF768FEF5
:10D2F0002EE70A212046FEF73EFF6FF0040017E7F5
:10D30000850100205F143D002C4A0020C049002008
:10D3100070B5CAB069460AA8FDF7D2FE68B300220C
:10D32000174BBDF800101A700AA805AAFEF718FEE0
:10D3300018BB144E9DF8175033789D421DD09DF8B0
:10D340001640FF2C01D0A34202D105A8FFF7BCFE76
:10D350000D4B1B788BB19DF91930002B0DDA64B998
:10D360003378AB4209D00DF1020201A905A8FEF7FE
:10D3700047FE10B905A8FEF751FF4AB070BD00BFC7
:10D38000D74B002085010020D64B00202DE9F0432B
:10D390000A241A4FDFF86880DFF86890C7B04FF4AE
:10D3A00080710DF1020206A8FCF7FEFEA8B1012370
:10D3B000BDF8026001AA314606A83B7088F800302B
:10D3C000FEF7CEFD28B99DF807304BB101A8FFF755
:10D3D0007BFE013C14F0FF04E1D147B0BDE8F083CF
:10D3E0009DF8065099F80030AB42EFD0314606A8C0
:10D3F000FEF700FFFF2DECD1E8E700BFD64B002081
:10D40000D74B00208501002070B5002304464FF65D
:10D41000FF700B4E1A1F92B2012A0CD9E25C5040E9
:10D42000082240F300053540013A85EA500012F029
:10D43000FF0280B2F5D101339AB28A42EAD370BDBD
:10D4400001A0FFFF30B5ADF20C4D054640F202429F
:10D45000002001A9FDF7CCFF044660BB019BB3F19E
:10D46000A53F2CD19DF81040012C28D19DF80A3001
:10D47000013BDBB2FD2B1ED89DF81230132B1AD8BE
:10D480009DF81330BBB140F2024101A8FFF7BCFF89
:10D49000BDF8083083420ED12A4601AB05AD1C46CB
:10D4A00003CCAC4210605160234602F10802F6D171
:10D4B00023880024138020460DF20C4D30BD01243A
:10D4C000F9E7000070B5ADF5816D40F20242FF2131
:10D4D00001A802F0E0FE124B01AA1D4603F110065E
:10D4E000144618685968083303C4B3422246F7D17A
:10D4F0001B8840F20241238001A8FFF785FFADF8A9
:10D500000800A8800020FDF7FDFF38B940F2024274
:10D5100001A9FDF79FFF0DF5816D70BD0120FAE7B0
:10D52000D84B0020421ED2B2FD2A08B505D8044AC5
:10D530009071FEF745FC002008BD0120FCE700BF0C
:10D54000D84B0020014B9879704700BFD84B002082
:10D55000FD289DBF024BD87100200120704700BFFD
:10D56000D84B0020014BD879704700BFD84B002022
:10D570000F289DBF024B587400200120704700BF48
:10D58000D84B0020014B587C704700BFD84B00207F
:10D59000024A936801339360FFF794BFD84B002091
:10D5A0006FF05A0108B50E4B002201201970597016
:10D5B0009970D9700F219871DA7118731A725A72B2
:10D5C0009A72DA725A739A73D9731A745A741A71F6
:10D5D0005A71FEF7F5FBBDE80840FFF773BF00BFC7
:10D5E000D84B002070B586B001A8FFF72BFF274C61
:10D5F000002833D1224601AB05AE1D4603CDB5420E
:10D60000106051602B4602F10802F6D12B8813807E
:10D61000FDF738FB0346DBB2000C13BB70B1FE28EC
:10D6200028BFFE20C0B2FFF77DFFFFF7B1FFFDF777
:10D6300097FBC820F8F754FBFDF782FBE379A0794C
:10D64000FD2B84BF0023E371FEF7BAFBE0790130C4
:10D65000C0B206B0BDE87040FEF7BCBBFFF7A0FF4C
:10D66000D6E7FD2828BFFD20C0B2FFF771FFFFF706
:10D670008FFFFDF775FBC820F8F732FBFDF760FB65
:10D68000C820F8F72DFBFDF76BFBD7E7D84B002040
:10D6900000200F22024B58739873DA731874704786
:10D6A000D84B002010B510B1074C647B047011B149
:10D6B0000548807B087012B10349C97B117013B112
:10D6C000014A127C1A7010BDD84B0020132803D8D1
:10D6D00002300003FDF716BF012070472DE9F0412D
:10D6E0001328A6B00646884615461F462F9C60D8CC
:10D6F000531E012B5DD8002C5BD0FDF731FB94222B
:10D70000FF2101A802F0C7FD2B4B8DF80A70009392
:10D710009DF8B03000278DF80B309DF8B430049799
:10D720008DF80C309DF8B8308DF806608DF80D300E
:10D7300001238DF807808DF80E308DF80950F8F729
:10D74000C9FA2346ADF80470059006AC03F1400712
:10D75000224618685968083303C2BB421446F7D101
:10D76000022D0AD116AC03F1400722461868596809
:10D77000083303C2BB421446F7D1AD011835294620
:10D780006846FFF741FE02363603ADF80400304626
:10D79000FDF7B8FE044628B1FDF7D2FA204626B0C0
:10D7A000BDE8F0812A4669463046FDF753FE04463F
:10D7B000F2E70124F2E700BFC0D0D0C02DE9F04F5E
:10D7C0001328A7B00C4690461F46DDF8C09004D938
:10D7D0000125284627B0BDE8F08F0029F8D0002A9F
:10D7E000F6D0002BF4D00230982269460003FDF7F2
:10D7F000FFFD05460028ECD1234B009A9A42E7D161
:10D800009DF809A068464FEA8A1606F11801FFF74D
:10D81000FBFDBDF804308342DAD106AAA3199C426D
:10D820001FD19DF80A3088F800A03B70B9F1000FB5
:10D8300003D09DF80B3089F80030319B1BB19DF867
:10D840000C30319A1370329B1BB19DF80D30329A17
:10D850001370339B002BBCD09DF80730339A1370A4
:10D86000B7E79646A44602F1400B764603CE5E45E6
:10D87000CCF80000CCF80410B6460CF1080CF4D13A
:10D8800040344032CBE700BFC0D0D0C030B5132801
:10D89000ADB003D9FF2528462DB030BD02300403BA
:10D8A000182269462046FDF7A3FD05460028F1D160
:10D8B000104B009A9A42EED19DF80920531E012B7D
:10D8C000E8D89DF80E50012DE4D19201204618327F
:10D8D00006A9FDF78DFD0028DCD19DF8091006A8EA
:10D8E00089011831FFF790FDBDF804308342D2D092
:10D8F000D0E700BFC0D0D0C010B54FF400542046D0
:10D90000FDF700FE20B904F58054B4F5B03FF6D120
:10D9100010BD0000F0B5132806460D461446A7B00A
:10D9200050D84B1E012B4DD8002A4BD0FDF718FACA
:10D930004822FF2114A802F0AEFC234B224600939C
:10D9400001238DF8083000238DF806608DF807500C
:10D950000393ADF80430ADF809308DF80B3004AC0A
:10D9600002F14007234610685168083203C3BA42E7
:10D970001C46F7D1022D0AD114AB02F140071C4618
:10D9800010685168083203C4BA422346F7D1AD018A
:10D99000103529466846FFF737FD22363603ADF8C5
:10D9A00004003046FDF7AEFD044620B1FDF7C8F98E
:10D9B000204627B0F0BD2A4669463046FDF74AFDAD
:10D9C0000446F3E70124F3E7455049502DE9F041BF
:10D9D00013280C461746A6B004D90126304626B0B7
:10D9E000BDE8F0810029F8D0002AF6D0223090223C
:10D9F00069460003FDF7FCFC06460028EED1194BF2
:10DA0000009A9A42E9D19DF8078008F1FF33012B73
:10DA1000E3D84FEA881168461031FFF7F5FCBDF8EE
:10DA200004308342D9D122460DF1100C14AD634667
:10DA300003CBAB42106051609C4602F10802F6D164
:10DA4000B8F1020F0BD104F1400324AC2A4603CAFB
:10DA5000A24218605960154603F10803F6D187F811
:10DA60000080BBE745504950132803D822300003FB
:10DA7000FDF748BD0120704710B54FF4083420462B
:10DA8000FDF740FD20B904F58054B4F5583FF6D1B8
:10DA900010BD00002DE9F3472E4B05461B680E46CE
:10DAA0009DF828809DF82C900C9F002B4FD0062AC3
:10DAB00028BF0622284B03EBC203D3F804A000F0D2
:10DAC00077F9044690BB0A2000F070F9AC42E0B24E
:10DAD00030D1013CE4B22146002001F02BFA0120B4
:10DAE00000F064F92146002001F0FCF9012000F06B
:10DAF0005DF900F05DF90546C0B900F0F3F8214684
:10DB0000284601F029FD642000F050F921462846FE
:10DB100001F0F5F900F04CF940B94FF47A7000F0DB
:10DB200045F900F0E9F80A2000F040F9002002B0C1
:10DB3000BDE8F08706EB84113FB107EB04230093A7
:10DB40004A464346D0470134C0E73B46F7E76FF00B
:10DB50000300ECE72C4D0020E0180108A8B1036891
:10DB6000B3B14368A3B1836893B1C36883B1036958
:10DB700073B1436963B1836953B1C36943B1836CC2
:10DB800033B1054B1860002070474FF0FF307047ED
:10DB90006FF00100704700BF2C4D0020034B1B6845
:10DBA00013B19B6C03B11847704700BF2C4D002088
:10DBB000054B1B6833B11A6D02B110479B6C0BB15A
:10DBC0000A201847704700BF2C4D0020034B1B68EC
:10DBD00013B11B6C03B11847704700BF2C4D0020D8
:10DBE000034B1B6813B15B6C03B11847704700BF50
:10DBF0002C4D0020034B1B6813B11B6803B1184761
:10DC0000704700BF2C4D0020034B1B6813B15B68AD
:10DC100003B11847704700BF2C4D0020034B1B6811
:10DC200013B19B6803B11847704700BF2C4D00200B
:10DC3000034B1B6813B1DB6803B11847704700BF83
:10DC40002C4D0020034B1B6813B11B6903B118470F
:10DC5000704700BF2C4D0020034B1B6813B15B695C
:10DC600003B11847704700BF2C4D0020034B1B68C1
:10DC700013B19B6903B11847704700BF2C4D0020BA
:10DC8000034B1B6813B1DB6903B11847704700BF32
:10DC90002C4D0020034B1B6813B11B6A03B11847BE
:10DCA000704700BF2C4D0020034B1B6813B15B6A0B
:10DCB00003B11847704700BF2C4D0020034B1B6871
:10DCC00013B19B6A03B11847704700BF2C4D002069
:10DCD000034B1B6813B1DB6A03B11847704700BFE1
:10DCE0002C4D0020034B1B6813B11B6B03B118476D
:10DCF000704700BF2C4D0020034B1B6813B15B6BBA
:10DD000003B11847704700BF2C4D0020034B1B6820
:10DD100013B19B6B03B11847002070472C4D0020B6
:10DD200070B506460C460825FFF782FFFFF7D0FFC7
:10DD3000230615D5FFF786FF00BFFFF797FF00BF4B
:10DD4000013DFFF79DFF640015F0FF05E4B2EFD140
:10DD5000FFF782FF00BF3046FFF760FF00BF70BDD6
:10DD6000FFF77AFFE8E770B506460C460825FFF78F
:10DD70005FFFFFF7A3FF230615D5FFF763FF00BF83
:10DD8000FFF774FF00BF013DFFF77AFF640015F055
:10DD9000FF05E4B2EFD1FFF75FFF00BF3046FFF7AA
:10DDA0003DFF00BF70BDFFF757FFE8E7FFF7F6BE86
:10DDB00010B541F2883401F088F808B1002007E07E
:10DDC0000120FFF7EBFE013CF5D10120014B18705B
:10DDD00010BD00BFEB4B002070B50546FFF7E8FF14
:10DDE000044610BB2846FFF723FFFFF767FFFFF746
:10DDF000F7FE00BF08266400E4B200BFFFF736FF5D
:10DE0000FFF784FF08B144F0010400BFFFF738FFBB
:10DE1000013EF0D1FFF7DAFEFFF71EFF00BF2846F4
:10DE2000FFF7FCFE00BF204670BDFF24FBE70000AB
:10DE3000014B1878704700BFEB4B00200022014BCC
:10DE40001A707047EB4B002008B501F02DF80A203E
:10DE5000FFF7A4FEFFF7ACFFB0FA80F0400908BD61
:10DE600038B54B4B1B68002B00F08F8001F01CF87D
:10DE70000A20FFF793FE40220021464802F00BFAE9
:10DE80004FF480720021444802F005FA02220E216C
:10DE9000424B17241A70424B424A19700F231370D9
:10DEA000414A42481370142202704148012504700F
:10DEB00040480024037040480370404B32201970E2
:10DEC00003233F490B703F490B703F490B703F499B
:10DED0000C703F490C703F490C703F490C703F4932
:10DEE0000C703F490C703F490A703F4908703F4928
:10DEF0000A700A223E490A703E490A7005223E49CC
:10DF00000A703E490A703E4A15703E4A15703E4AF4
:10DF100015703E4A15703E4A15703E4A15703E4ACD
:10DF200013703E4A13703E4A13703E4A13703E4AC5
:10DF300013703E4A13703E4A13703E4B1C703E4BAA
:10DF40001D703E4B1D703E4B1D703E4B1D703E4B79
:10DF50001D703E4B1D703E4B1C703E4B1C703E4B6B
:10DF60001C703E4B1C703E4B1C703E4B1C703E4B5D
:10DF70001C703E4B1C703E4B1C703E4B1C7000F0E6
:10DF8000CDF820463C4B1D7038BD6FF00300FBE719
:10DF90002C4D0020EC4C0020EC4B0020FE6D0020AE
:10DFA000F06D0020EF6D0020EE6D0020ED6D002083
:10DFB000EC6D0020EB6D0020EA6D0020E96D002083
:10DFC000E86D0020E76D0020E66D0020E56D002083
:10DFD000E46D0020E36D0020E26D0020E16D002083
:10DFE000E06D0020F76D0020F66D0020F56D00203B
:10DFF000F46D0020F36D0020F26D0020F16D002023
:10E00000DF6D0020DE6D0020DD6D0020DC6D002066
:10E01000DB6D0020DA6D0020D96D0020D86D002066
:10E02000D76D0020D66D0020D56D0020D46D002066
:10E03000D36D0020D26D0020D16D0020D06D002066
:10E04000CF6D0020CE6D0020CD6D0020CC6D002066
:10E05000CB6D0020CA6D0020C96D0020C86D002066
:10E06000FD6D0020FC6D0020FB6D0020FA6D00208E
:10E07000F96D0020F86D0020EA4B0020012804BF54
:10E08000014B1870704700BF8C010020014B1870C5
:10E09000704700BF8B010020014B1878704700BF0C
:10E0A0008B01002038B51B4B05461B7853B3FFF797
:10E0B0007FFE044648BB0A20FFF770FD284600F0AB
:10E0C00008FF0A20FFF76AFD284600F002FF0A2039
:10E0D000FFF764FD284600F0FCFE05460A20FFF726
:10E0E0005DFD022D05D9033DEDB22F2D9CBF0A4BDE
:10E0F0005C57E0B200F03AFE50B900F037FE6FF026
:10E10000040038BD6FF00200FBE76FF00500F8E790
:10E110000020F6E7EA4B00201819010810B5064C5C
:10E1200023783BB940F2C4620449054802F03FF944
:10E130000123237010BD00BF304D0020E40E010804
:10E14000314D002040F2C46208B50449044802F091
:10E150002EF90122034B1A7008BD00BFE40E01081E
:10E16000314D0020304D00202DE9F041C0B06F4608
:10E170000E460546394600234024013C14F0FF04B6
:10E1800041F8043B1344F8D106F00F08252E08BFD0
:10E1900004F00F02214604F1010418BF424628464C
:10E1A00057F8043BE4B201F003F9402CEED1002310
:10E1B00028461946252201F0FBF8002325223F219D
:10E1C000284640B0BDE8F04101F0F2B8F0B5C1B06A
:10E1D00005466846002340240746469E013C14F04D
:10E1E000FF0440F8043B1344F8D11048402200EBF0
:10E1F000851002F036F80E48002E14BF314639461D
:10E200004FF4807200EB052002F02BF823462146E4
:10E210002846252201F0CCF8234625223F21284616
:10E2200041B0BDE8F04001F0C3B800BFEC4C0020A5
:10E23000EC4B00202DE9F04FADF5117D0D469DF81A
:10E2400068129046019106469946DDF86CA2FFF7E8
:10E2500023FF10AF0446002238464FF0400B0199CF
:10E260000BF1FF3313F0FF0B40F8042B4244F7D1BE
:10E27000F9B15C4694B13F2C2ED02A78E1B2252A20
:10E280000FD10C2C01D0342C02D10023372202E014
:10E290003B6801F00F02304601F08AF80134043780
:10E2A000E8E70C2CF1D0342CEFD03B6802F00F02E1
:10E2B000F1E7A6482946A64D402200EB861001F062
:10E2C000D0FF05EB0625BAF1000F15D04FF4807290
:10E2D0005146284601F0C5FF002330461946252245
:10E2E00001F066F8002325223F2130460DF5117D0F
:10E2F000BDE8F04F01F05CB8B9F10A0F00F2E0811F
:10E30000DFE819F072009D000B004200C9000D010A
:10E310006901DE019201DE01BE01DFF838C202AF01
:10E32000BCE80F000FC7BCE80F000FC7BCE80F0028
:10E330000FC79CE803000E23013CB4FBF3F203FB80
:10E34000124487E8030002AB4FF48072824950A860
:10E3500053F8244002F02BF81E235C43002350AAFC
:10E3600001330C2B02F10402FAD0342BF8D03F2BEE
:10E3700006D14FF4807250A9284602F018F8ABE796
:10E38000116821441160EBE7DFF8D0C102AFBCE8AF
:10E390000F000FC7BCE80F000FC7BCE80F000FC786
:10E3A0009CE803000E23013CB4FBF3F203FB124490
:10E3B00087E8030002AB4FF48072694950A853F814
:10E3C000244001F0F4FF1E235C43002350AA0133D4
:10E3D0000C2B02F10402FAD0342BF8D03F2BC8D01A
:10E3E000116821441160F2E7DFF878C102AFBCE8A0
:10E3F0000F000FC7BCE80F000FC79CE807000E23F3
:10E40000013CB4FBF3F487E8070002AB4FF48072E1
:10E41000554950A853F8244001F0C9FF1E235C431E
:10E42000002350AA01330C2B02F10402FAD0342B42
:10E43000F8D03F2B9DD0116821441160F2E7DFF83E
:10E440002CC102AFBCE80F000FC7BCE80F000FC71C
:10E450009CE807000E23013CB4FBF3F487E80700B7
:10E4600002AB4FF48072424950A853F8244001F0A7
:10E470009EFF1E235C43002350AA01330C2B02F1A4
:10E480000402FAD0342BF8D03F2B3FF472AF11685E
:10E4900021441160F1E704F1FF3CBCF1290F27D8BA
:10E4A000344F50AC0FCF0FC40FCF0FC497E8070005
:10E4B0000E23BCFBF3F384E8070050AA52F8234074
:10E4C00029494FF4807250A801F071FF1E22544375
:10E4D000002250A901320C2A01F10401FAD0342A99
:10E4E000F8D03F2A3FF445AF086820440860F1E7C0
:10E4F0007F3C1B2C11D8204F50AC0FCF0FC40FCF37
:10E500000FC497E807000E23BCFBF3FC84E8070068
:10E5100050AB53F82C401649D3E70024FBE704F135
:10E52000FF3CBCF1290F29D8134F50AC0FCF0FC4BB
:10E530000FCF0FC497E807000E23BCFBF3F384E86A
:10E54000070050AA52F8234009492BE0EC4C002068
:10E55000EC4B0020A8150108481C0108E015010833
:10E56000481B010818160108481A0108441601083A
:10E5700048190108701601089C1601087F3C1B2CE5
:10E5800027D8514F50AC0FCF0FC40FCF0FC497E80F
:10E5900007000E23BCFBF3FC84E8070050AB53F8E4
:10E5A0002C404A494FF4807250A801F000FF1E220F
:10E5B0005443002250A901320C2A01F10401FAD07F
:10E5C000342AF8D03F2A3FF4D4AE086820440860CB
:10E5D000F1E70024B8E7671E292F02D97F3C1B2CE6
:10E5E0001FD80E23B7FBF3F3394A13F0010B394957
:10E5F00018BF11464FF4807250A801F0D8FE0022D7
:10E6000007EB870750A901320C2A01F10401FAD067
:10E61000342AF8D03F2A3FF4ACAE0868384408608A
:10E62000F1E700272B49E5E7621E292A03D9A4F167
:10E630007F011B2921D80E23B2FBF3F212F0010F48
:10E64000234A244908BF1146C4F19A044FF480724A
:10E6500050A801F0ACFE002204EB840450A9013262
:10E660000C2A01F10401FAD0342AF8D03F2A3FF4F1
:10E6700080AE086820440860F1E700241549E5E70A
:10E6800001F0ACFC031E03F00103B8BF5B429BB278
:10E6900053B93F2247F82230013A511C4344F9D183
:10E6A0004FF4807210A967E6012BF9D100224023B4
:10E6B000013B13F0FF0347F8042B4244F8D1EFE786
:10E6C0004FF48072394657E670160108481A01085F
:10E6D000481B0108481C01081FB54FF0000C8DF8BD
:10E6E0000F100121CDE9001C0DF10F01FFF7A2FD74
:10E6F00005B05DF804FB13B5049C0194002400945C
:10E70000FFF798FD02B010BD2DE9F04FADF5037D88
:10E7100017469DF8302289469A4601920546DDF853
:10E7200034B2FFF7B9FC02AE044600213046402364
:10E73000B046019A013B13F0FF0340F8041B394433
:10E74000F8D1C2B31C4605F00107E1B2AFB9B4B9C4
:10E750000134402C06F10406F7D10023284619465F
:10E76000252200F025FE002325223F2128460DF515
:10E77000037DBDE8F04F00F01BBE3F2CEDD099F8B3
:10E780000020A1F11003252ADBB20CD1022B03D803
:10E7900017B10023372202E0336801F00F02284648
:10E7A00000F006FED4E7022B01D8002FF1D1336828
:10E7B00002F00F02F3E7BC484022494600EB851007
:10E7C00001F04FFDBBF1000F08D0B8484FF4807244
:10E7D000594600EB052001F044FDBEE7BAF10A0FEF
:10E7E00000F25E81DFE81AF052006F000B00330088
:10E7F000BC008C00EC005C0113015C013C010E23A9
:10E80000013CB4FBF3F203FB1244A94B05F00101F8
:10E8100053F82440A74B4FF4807203EB012142A828
:10E8200001F0C5FD1E235C43002342AA01333F2BA8
:10E8300008D14FF4807242A99C4800EB052001F0FA
:10E84000B6FD8AE752F8041F21441160EEE70E235B
:10E85000013CB4FBF3F203FB1244974B05F00101BA
:10E8600053F82440954B4FF4807203EB012142A8EA
:10E8700001F09DFD1E235C43002342AA01333F2B80
:10E88000D7D052F8041F21441160F7E70E23013C52
:10E89000B4FBF3F48A4B05F0010153F82440894B93
:10E8A0004FF4807203EB012142A801F080FD1E238A
:10E8B0005C43002342AA01333F2BBAD052F8041F15
:10E8C00021441160F7E70E23013CB4FBF3F47E4BC7
:10E8D00005F0010153F824407C4B4FF4807203EBA8
:10E8E000012142A801F063FD1E235C43002342AADC
:10E8F00001333F2B9DD052F8041F21441160F7E7EC
:10E90000A4F12B03292B1DD80E23013CB4FBF3F4F7
:10E910006F4B53F824406D4B05F001014FF48072AA
:10E9200003EB012142A801F042FD1E235C430023BA
:10E9300042AA01333F2B3FF47CAF52F8041F21441D
:10E940001160F6E7A4F15503292B3FF606AF0E231D
:10E95000013CB4FBF3F45F4B53F82440594BDBE725
:10E96000A4F12B03292B1DD80E23013CB4FBF3F497
:10E97000594B53F82440534B05F001014FF480727A
:10E9800003EB012142A801F012FD1E235C4300238A
:10E9900042AA01333F2B3FF44CAF52F8041F2144ED
:10E9A0001160F6E7A4F15503292B3FF6D6AE0E23EE
:10E9B000013CB4FBF3F4494B53F82440434BDBE7F1
:10E9C000A4F12B03532B1FD80E23013CB4FBF3F30C
:10E9D0003A4A13F0010F374B18BF134605F00101F7
:10E9E0004FF4807203EB012142A801F0E0FC002308
:10E9F00004EB840442AA01333F2B3FF41AAF52F8D0
:10EA0000041F21441160F6E700242A4BE6E7A4F135
:10EA10002B03532B21D80E23C4F19A06013CB4FBDF
:10EA2000F3F4264A14F0010F224B08BF134605F0F9
:10EA300001014FF4807203EB012142A801F0B7FC01
:10EA4000002306EB860642AA01333F2B3FF4F1AECA
:10EA500052F8041F31441160F6E70026154BE6E733
:10EA600001F0BCFA031E03F00103B8BF5B429BB286
:10EA700053B93F2246F82230013A511C3B44F9D1A8
:10EA80004FF480724146D7E6012BF9D10022402392
:10EA9000013B13F0FF0346F8042B3A44F8D1EFE7AB
:10EAA0004FF480723146C7E6EC4C0020EC4B00205E
:10EAB000301E010868240108F81D010868220108B9
:10EAC000CC1D010868200108A01D0108681E01086E
:10EAD000741D0108481D0108481D0108741D010826
:10EAE0001FB54FF0000C8DF80F100121CDE9001C6F
:10EAF0000DF10F01FFF708FE05B05DF804FB13B53B
:10EB0000049C019400240094FFF7FEFD02B010BDA8
:10EB10000300F0B58F4A8FB08F480191D17AC45C61
:10EB2000C0184C4004940724A4466546117B4378E2
:10EB30004B401C400594537B84785C400694927B48
:10EB4000C478544025400479079561400891417983
:10EB50004B4061461940837909915A4000230A923B
:10EB600002930333029A04998A4260D10FB0F0BD38
:10EB700061462268059D114059438D40016801326C
:10EB80000D4305602260072A34D9614611400B917C
:10EB900061460A422ED1714F019E3968D2084E4318
:10EBA0005A430C966E4E316889180C9A89180339AD
:10EBB0000D7021680568CA080C9201993A682D0AFF
:10EBC00051430D910C993268594352180D990560C3
:10EBD0005218023A157022683968019DD2085A43CA
:10EBE00069433568AD1802686D18120A013D2A7034
:10EBF0000B9A0260039A0132D2B20392039A0699E9
:10EC00008A42B5D10022574C57480392039A08997B
:10EC10008A4211D10022534C53480392039A0A9915
:10EC20008A4250D1029A0132D2B202929AE700226D
:10EC30004C4C4D480392E1E761462268079D114024
:10EC400059438D40016801320D4305602260072A57
:10EC500034D9614611400B9161460A422ED13F4F93
:10EC6000019E3968D2084E435A430C963C4E316897
:10EC700089180C9A891803390D7021680568CA082B
:10EC80000C9201993A682D0A51430D910C99326802
:10EC9000594352180D9905605218023A15702268AE
:10ECA0003968019DD2085A4369433568AD18026836
:10ECB0006D18120A013D2A700B9A0260039A013204
:10ECC000D2B20392A2E761462268099D11405943DE
:10ECD0008D40016801320D4305602260072A34D956
:10ECE000614611400B9161460A422ED11B4F019E95
:10ECF0003968D2084E435A430C96194E3168891828
:10ED00000C9A891803390D7021680568CA080C929D
:10ED100001993A682D0A51430D910C993268594373
:10ED200052180D9905605218023A15702268396818
:10ED3000019DD2085A4369433568AD1802686D18C1
:10ED4000120A013D2A700B9A0260039A0132D2B274
:10ED5000039263E7986D0020314D00208C6D0020F8
:10ED6000946D0020386D0020446D0020F7B5444EAE
:10ED7000444C102205002100300001F018FB727A8B
:10ED8000131CAA4200D92B1CDBB208335B00E25CE7
:10ED9000E3185B783C481202D318E11804003B4D9D
:10EDA00020222B6001F003FBA27A637A12021A433D
:10EDB000374B384E1A6003235343DB080433336068
:10EDC000E37B354C354F20683B70002801D001F0C3
:10EDD0004FF83B783068584301F042F82060002833
:10EDE00008D000272B6820332B602C4B1B78BB42AC
:10EDF00001D80120FEBD0024294B244D1C602B6846
:10EE0000284E5A1C2A601F4A3460D35C0193019B30
:10EE1000A3422CDC032033681F4CDB0843431D4D09
:10EE200021682A68C9187A431D4B186888542A68D3
:10EE300031687A4394462268C908019203225143FB
:10EE4000019A18685218000A6244186050701A68D3
:10EE50003168120A1A60236803242868C9086143CC
:10EE600078435B181B1801379A70FFB2BDE7390071
:10EE70002868FFF74DFE2B68013407332B60C6E787
:10EE8000B86D0020314D0020986D00203C6D0020B1
:10EE9000906D00208C6D0020946D00208A6D002004
:10EEA000446D0020386D002010B5FEF7A3FE0A2047
:10EEB000FEF774FEFEF7A8FE0A20FEF76FFEFEF7CF
:10EEC00099FE0A20FEF76AFE10BD10B5FEF71EFF80
:10EED00010BD10B504004021FEF722FF2000FEF710
:10EEE0007BFF10BD70B504000D00AC4200D970BDB1
:10EEF000200004210134FEF713FFE4B2F5E770B5FA
:10EF000004000D00AC4200D970BD20000221FEF7C4
:10EF100007FF200000210134FEF725FFE4B2F1E7EE
:10EF200003000818C0B2802903D90F2211405B1AD0
:10EF3000D8B27047F7B5040004260191019B9C42AA
:10EF400000D9F7BDE04FE14BB8791978FFF7E8FF3A
:10EF5000DF4DE04B2870F8781978FFF7E1FFDE4BC2
:10EF60006870F8791978FFF7DBFFDC4BA870387907
:10EF70001978FFF7D5FFDA4BE8701978387AFFF780
:10EF8000CFFFD84B287119787879FFF7C9FF002196
:10EF900068712000FEF7C4FE20000B21FEF7E3FE9F
:10EFA00020000121FEF7BCFE20000F21FEF7DBFE52
:10EFB000CD4B20001978FEF7D6FE20002978FEF709
:10EFC000D2FE20006978FEF7CEFE2000A978FEF779
:10EFD000CAFE2000E978FEF7C6FE20002979FEF778
:10EFE000C2FE20006979FEF7BEFE20000321FEF775
:10EFF00097FEBE4B07251978BD4B89011B78200071
:10F000001B011943BB4B1B789B001943BA4B1B7860
:10F010001943C9B2FEF7A7FE20000621FEF780FEC5
:10F02000B64B200019788901C9B2FEF79CFEB44B9B
:10F03000200019788901C9B2FEF795FEB14B200076
:10F040001978B14B89011B782B401943C9B2FEF7DF
:10F050008AFEAE4B200019782940FEF784FEAC4BA7
:10F0600020001978AB4B49011B782B401943C9B2DA
:10F07000FEF779FEA84B20001978A84B49011B78B0
:10F080002B401943C9B2FEF76EFE2000A421FEF703
:10F0900047FEA34D2000A97AFEF765FE2000E97A1D
:10F0A000FEF761FE2000297BFEF75DFE2000697BF4
:10F0B000FEF759FE2000FF21FEF732FE2000A521B9
:10F0C000FEF751FE2000EF21FEF72AFE954B2000AF
:10F0D0001978FEF748FE944B20001978FEF743FE9E
:10F0E000924B20001978FEF73EFE914B20001978D4
:10F0F000FEF739FE8F4B20001978FEF734FE8E4B59
:10F1000020001978FEF72FFE8C4B20001978FEF7AF
:10F110002AFE8B4B20001978FEF725FE0F252000D4
:10F12000DC21FEF7FDFD20001221FEF71CFE200071
:10F13000DD21FEF7F5FD834B20001978FEF713FE65
:10F14000814B20001978FEF70EFE804B20001978C5
:10F15000FEF709FE7E4B20001978FEF704FE7D4B7A
:10F1600020001978FEF7FFFD7B4B20001978FEF791
:10F17000FAFD7A4B20001978FEF7F5FD2000E12119
:10F18000FEF7CEFD764B20001978764B89001B7870
:10F1900019432940FEF7E7FD2000E221FEF7C0FDFC
:10F1A000714B20001978714B89001B781943294055
:10F1B000FEF7D9FD2000E321FEF7B2FD6C4B2000E5
:10F1C00019786C4B89001B7819432940FEF7CBFD59
:10F1D0002000E421FEF7A4FD674B0C3D19782000C8
:10F1E00029403143FEF7BFFD2000E521FEF798FDE1
:10F1F000624B2000197829403143FEF7B4FD20000E
:10F20000E621FEF78DFD5E4B200019782940314341
:10F21000FEF7A9FD2000E721FEF782FD594B2000F3
:10F22000197829403143FEF79EFD2000E821FEF7C2
:10F2300077FD554B2000197829403143FEF793FDA7
:10F240002000E921FEF76CFD504B20001978294081
:10F250003143FEF788FD2000EA21FEF761FD4C4BAB
:10F260002000197829403143FEF77DFD2000A821B8
:10F27000FEF756FD474B20001978474B89011B7854
:10F280005B011943454B1B781B011943444B1B7809
:10F29000AB401943434B1B789B001943424B1B78EF
:10F2A0005B001943414B1B781943C9B2FEF75BFD64
:10F2B0002000FF21FEF734FD2000E3210134FEF79A
:10F2C00052FDE4B23AE6C046986D0020FD6D002084
:10F2D0004A6D0020FA6D0020FC6D0020F96D0020C1
:10F2E000FB6D0020F86D0020FE6D0020CB6D00202E
:10F2F000CA6D0020C96D0020C86D0020E86D002097
:10F30000E76D0020E66D0020E56D0020E46D002033
:10F31000E36D0020E26D0020E16D0020E06D002033
:10F32000B86D0020F06D0020EF6D0020EE6D002024
:10F33000ED6D0020EC6D0020EB6D0020EA6D0020EB
:10F34000E96D0020F76D0020F66D0020F56D0020BE
:10F35000F46D0020F36D0020F26D0020F16D0020AF
:10F36000DA6D0020DB6D0020DC6D0020DD6D0020FB
:10F37000DE6D0020DF6D0020D96D0020D86D0020EB
:10F38000D76D0020D66D0020D56D0020D46D0020F3
:10F39000D36D0020D06D0020CE6D0020CC6D0020FC
:10F3A000D16D0020CF6D0020CD6D0020D26D0020EA
:10F3B00010B53F2909D8054C800124186254002B50
:10F3C00003DB034A40188000835010BDEC4C002042
:10F3D000EC4B0020F7B500230191012102001E0033
:10F3E0001C008C460F4D104F2B6001998A420AD9A0
:10F3F0000133402B14D10D490B700D4B1A70002EA8
:10F4000000D02C60F7BD9101C9188900C959A142EB
:10F4100004DC210001320C00D2B2E6E76646F9E7CF
:10F420000200E2E72C6D0020EC4B0020416D002033
:10F43000406D00200300052A04D81341180007235B
:10F4400018407047062A05D18800023A10409B11E7
:10F450001843F6E70020072AF3D14800013A10408C
:10F46000DB11F5E7F7B5344B05001E68009173001A
:10F47000C45C0193314B1F78FD2C04D82000390067
:10F48000F4F7E0FECCB27300ED186D78FD2D04D8D2
:10F4900028003900F4F7D6FECDB2BC4241D2284A4A
:10F4A0000099F30012685B580F20D21A14D4254B30
:10F4B0001B689A4210D203235343234A991C1068B5
:10F4C000224AC91012685443072200191A40DB105F
:10F4D000415CC05CFFF7AEFF1D4B1870BD4225D2EA
:10F4E000009B174AF6009E19126873680F20D21A03
:10F4F00014D4144B1B689A4210D203235343124A6C
:10F50000991C1068114AC910146807226C431A40EC
:10F510000019DB10415CC05CFFF78CFF0D4B1870CD
:10F52000F7BD0F20FE2CD7D10020D5E70F20FE2DF0
:10F53000F4D10020F2E7C046346D00208A6D00202F
:10F54000306D0020906D0020946D00208C6D0020A7
:10F55000496D0020486D0020F7B504000D00FFF74D
:10F5600039FF2000454E307085420FD20023444AB7
:10F5700044491360444A0968126852189A4210D8E4
:10F580003E4E3470A54200D36BE0F7BD1221FEF76A
:10F59000C7FB30780121FEF7E6FB30780130C0B2BE
:10F5A000E0E7FEF781FB2000384F387085423ED2FD
:10F5B000FEF770FBFEF7FCFA314B1B680133D6E710
:10F5C000334B0102C918334B8001C018FFF74AFFC3
:10F5D000314A3248127800783368314912010243C7
:10F5E000CA5401332F4E387833601F2BE8D90022DC
:10F5F0002D4B3260997A0091D97A1E7B8C462B492B
:10F600005F7B274B01910199994212D1254E002A27
:10F6100001D0202333601021FEF782FB00231B4A18
:10F62000336010781F2B15D90130C0B2BCE700231E
:10F63000D8E71A7800994A4061461A705A784A40C9
:10F640005A709A7872409A70DA787A40DA700122A9
:10F650000433D8E7124AD15CFEF785FB33680133E7
:10F66000DDE720001221FEF75BFB00213078FEF77A
:10F670007AFB34780134E4B282E7C046416D002061
:10F68000306D00202C6D0020906D0020406D00201A
:10F69000EC4B0020EC4C0020486D0020496D002010
:10F6A0004A6D0020346D0020B86D00206A6D002086
:10F6B0002DE9F041C0B00E466946054600234024BE
:10F6C0000F46013C14F0FF0441F8043B1344F8D109
:10F6D00006F00F08252EE1B20DBF57F824300023A5
:10F6E000424601F00F0228460134FFF761FE402C2C
:10F6F000F0D10023284619462522FFF759FE0023A2
:10F7000025223F21284640B0BDE8F041FFF750BE1A
:10F7100070B504461048402200EB8410049D00F0B0
:10F72000A0FD0E484FF4807200EB042085B12946FD
:10F7300000F097FD0023204619462522FFF738FEEA
:10F740002046BDE87040002325223F21FFF730BE50
:10F75000034900F02CFEEDE7EC4C0020EC4B0020C0
:10F76000682601082DE9F041C0B00E4669460546FD
:10F77000002340240F46013C14F0FF0441F8043BF1
:10F780001344F8D106F00F08252EE1B20DBF57F84B
:10F7900024300023424601F00F0228460134FFF7CF
:10F7A00007FE402CF0D10023284619462522FFF7FA
:10F7B000FFFD002325223F21284640B0BDE8F0414F
:10F7C000FFF7F6BDF0B5C1B00546684600234024FA
:10F7D0000746469E013C14F0FF0440F8043B1344E6
:10F7E000F8D11048402200EB851000F03AFD0E4899
:10F7F000002E14BF314639464FF4807200EB0520CD
:10F8000000F02FFD2346214628462522FFF7D0FD94
:10F81000234625223F21284641B0BDE8F040FFF7AE
:10F82000C7BD00BFEC4C0020EC4B00202DE9F04F91
:10F83000ADF5037D91469DF830220E469B46019220
:10F840000746DDF834A2FEF727FC0DF1080805464F
:10F85000414600234024019A013C14F0FF0441F882
:10F86000043B4B44F8D1E2B17CB13F2C2CD0012CAD
:10F87000E1B205D03E2C03D0A1F11203052B06D82E
:10F88000002337223846FFF793FD0134ECE7327846
:10F8900058F82430252A0CBF01F00F0202F00F02A5
:10F8A000F0E791483146914E402200EB871000F07E
:10F8B000D8FC06EB0726BAF1000F15D04FF4807282
:10F8C0005146304600F0CDFC00233846194625222B
:10F8D000FFF76EFD002325223F2138460DF5037DFD
:10F8E000BDE8F04FFFF764BDAA46BBF10A0F00F276
:10F8F000A581DFE81BF038004B000B002200B000B0
:10F9000061001901A3014E01A3018301784B4FF45B
:10F910008072784942A85C5D00F049FD1E235C437B
:10F92000002342AA116801332144402B42F8041BF2
:10F93000F8D14FF4807242A989E06D4B4FF4807288
:10F940006D4942A85C5D00F032FD1E23C4F118042D
:10F950005C43002342AA116801332144402B42F842
:10F96000041BF8D1E5E7654B4FF48072644942A867
:10F970005C5D00F01CFD1E235C43402342AA11681D
:10F98000013B214442F8041BF9D1D2E75B4B4FF411
:10F9900080725C4942A85C5D00F009FD1E23C4F141
:10F9A0000C045C43002342AA116801332144402B1C
:10F9B00042F8041BF8D1BCE7013D242D2AD8DFE82A
:10F9C00005F0323232323F3535352C3F3D37374145
:10F9D0002C3F3D39433B412C3F3D1313412C3F2EDF
:10F9E0002E2E2C303030300004250224464A52F8A6
:10F9F00024104FF4807242A800F0D9FC1E235D430E
:10FA0000002342AA116801332944402B42F8041B09
:10FA1000F8D18EE700253749EBE70C25FBE70825F1
:10FA2000E3E70C25E1E70C250124DFE70825FBE7E8
:10FA30000425F9E70425D9E70425ECE70825D5E7EF
:10FA40000C25D3E70825E6E74FF480722F493046AE
:10FA500000F0ADFC38E76B1E242B62D8DFE803F022
:10FA60005E5E5E5E613B3B3B58613733332F5861CE
:10FA7000373E13412F5861375B5B2F586128282888
:10FA8000582C2C2C2C004FF00C0820494FF480727D
:10FA900042A800F08CFC1E2303FB08F8002342AAB6
:10FAA000116801334144402B42F8041BF8D140E770
:10FAB0004FF004081349E9E74FF00008FAE74FF068
:10FAC00004080D49E2E74FF008080D49DEE74FF062
:10FAD00004080849DAE74FF00408F6E74FF0080891
:10FAE000F7E74FF00808ECE7EC4C0020EC4B002067
:10FAF0009A270108C02B0108C02A010874270108B1
:10FB0000C0280108C029010868270108C02701088A
:10FB10004FF00008D5E74FF00808CBE74FF000089A
:10FB2000D3E74FF00008D4E76B1E242B14D8DFE88E
:10FB300003F01515151517171717171515151515A2
:10FB4000152A2A2A2A2A2A2A1515151515152D2DA2
:10FB50002D2D2D15151515004FF0000A394902E01D
:10FB6000C5F10E0A38494FF4807242A800F01FFC1C
:10FB7000402342AA0AF11E0A1168013B514442F88F
:10FB8000041BF9D1D5E6C5F1260AEBE7C5F13E0A1B
:10FB9000E8E76B1E242B14D8DFE803F017171717BC
:10FBA0002A2A2A2A2A171717171717151515151590
:10FBB00015151717171717172D2D2D2D2D1717176B
:10FBC00017004FF0000A1F4902E01F49C5F1260A3D
:10FBD0004FF4807242A800F0EAFB402342AA0AF1E7
:10FBE0001E0A1168013B514442F8041BF9D1A0E6FA
:10FBF00005F1180AE7E7A5F1180AE4E700F0EEF9C5
:10FC0000031E03F00103B8BF5B429BB253B93F220E
:10FC100048F82230013A511C4B44F9D14FF480721C
:10FC200002A914E7012BF9D100224023013B13F074
:10FC3000FF0348F8042B4A44F8D1EFE74FF48072F1
:10FC4000414604E7C02B0108C02A01081FB54FF048
:10FC5000000C8DF80F100121CDE9001C0DF10F01F2
:10FC6000FFF7E4FD05B05DF804FB13B5049C0194B7
:10FC700000240094FFF7DAFD02B010BD2DE9F04337
:10FC8000ADF5017D0F4669461E4640240023884697
:10FC90000546DDF824929DF82002013C14F0FF0493
:10FCA00041F8043B1344F8D1B0B13F2C27D0012CCC
:10FCB00010D9032C0ED03A78E1B2252A18BF0023C0
:10FCC000284606BF58F8243001F00F0202F00F0258
:10FCD000FFF76EFB0134E8E74748484C40223946BD
:10FCE00000EB851000F0BDFA04EB0524B9F1000F1C
:10FCF00015D04FF480724946204600F0B2FA002336
:10FD0000284619462522FFF753FB002325223F21D1
:10FD100028460DF5017DBDE8F043FFF749BB052EF0
:10FD200066D8DFE806F0434E03265E5740AF4FF437
:10FD300080720021384600F0AEFA0226DFF8C0805B
:10FD4000DFF8C090032E08BF0426FEF7A5F9C2070E
:10FD500054BF59F8263058F8263047F82630013677
:10FD60003F2EEFD14FF480723946204600F01FFB42
:10FD7000C5E740AF4FF480720021384600F08BFA9F
:10FD80000226DFF88480DFF88490032E08BF042663
:10FD9000FEF782F9C30754BF59F8263058F82630C9
:10FDA00047F8263001363F2EEFD1DBE7FEF774F936
:10FDB0004FF480721649174B10F0010F08BF194617
:10FDC000D3E7FEF769F94FF480721349134B10F033
:10FDD000010FF3E74FF480721149124B15F0010F38
:10FDE000ECE74FF480721049104B15F0010FE5E776
:10FDF0004FF480724146B8E7EC4C0020EC4B0020F9
:10FE0000C0360108C0370108C0340108C0350108F8
:10FE1000C0320108C0330108C0300108C0310108F8
:10FE2000C02E0108C02F0108C02C0108C02D0108F8
:10FE30001FB54FF0000C8DF80F100121CDE9001C0B
:10FE40000DF10F01FFF71AFF05B05DF804FB13B5C4
:10FE5000049C019400240094FFF710FF02B010BD31
:10FE6000024B0146186800F02DB800BF9C0100202D
:10FE7000024B0146186800F0C7BA00BF9C01002081
:10FE800070B50F4E0C463168054611B900F040FAC6
:10FE900030602146284600F03BFA431C03D14FF066
:10FEA000FF34204670BDC41C24F00304A042F8D0E7
:10FEB000211A284600F02CFA0130F2D1EFE700BFFA
:10FEC000006E00202DE9F843CD1C25F00305083510
:10FED0000C2D38BF0C25002D064601DBA94204D9A4
:10FEE0000C2333600020BDE8F883DFF8D48000F0F5
:10FEF00069F8D8F800301C4644BB29463046FFF765
:10FF0000BFFF431C044658D1D8F800402746002FB5
:10FF100043D1002C4BD023683946304604EB03090B
:10FF200000F0F6F9814542D1216830466D1A294624
:10FF3000FFF7A6FF01303AD023682B442360D8F89E
:10FF400000305A6862BBC8F800700FE02268521B8C
:10FF500020D40B2A17D96119A342256018BF596014
:10FF6000636808BFC8F8001062514B60304600F06B
:10FF70002FF804F10B00231D20F00700C21A1CBF4C
:10FF80001B1AA350AFE76268A3420CBFC8F8002059
:10FF90005A60EBE723466468AEE73C467F68B6E705
:10FFA0001A465B68A342FBD100235360DEE70C23B3
:10FFB0003046336000F00CF894E70560D6E700BFE8
:10FFC000046E0020014800F0F0B900BF486F002027
:10FFD000014800F0EBB900BF486F0020164B10B588
:10FFE0001C68236BB3B91820FFF73AFF0246206361
:10FFF00020B95221114B124800F0E8F91149124B77
:020000040801F1
:10000000C0E90013114B002183600B238381012081
:10001000C2E90401216B0E480B694C6958430D4A33
:1000200002FB0400A3FB0232013340EB0200C1E9F2
:10003000043020F0004010BD9C0100205C17010836
:10004000731701080E33CDAB34126DE6ECDE0500FC
:100050002DF451582D7F954C002310B50446C0E96E
:100060000033C0E90433836081814366C2818361C8
:10007000194608225C3000F00EF90D4B24626362D1
:100080000C4BA3620C4BE3620C4B23630C4B9C4266
:1000900006D003F16802944202D0D0339C4205D1CD
:1000A00004F15800BDE8104000F07EB910BD00BF5B
:1000B000DD010108FF010108370201085B020108A8
:1000C000086E0020024A0349034800F069B800BFE7
:1000D0009001002099050108A001002041680C4B07
:1000E00010B59942044601D000F056FAA168094BB8
:1000F000994202D0204600F04FFAE168064B99423F
:1001000004D02046BDE8104000F046BA10BD00BF44
:10011000086E0020706E0020D86E002010B50B4BCA
:100120000B4C0C4A20461A6004210022FFF794FF72
:1001300004F1680001220921FFF78EFF04F1D000CD
:100140000222BDE810401221FFF786BF406F002059
:10015000086E0020C5000108014800F026B900BF64
:10016000496F0020014800F021B900BF496F00200D
:1001700010B50446FFF7F0FF236A1BB1BDE810403D
:10018000FFF7F0BF044B2362044B1B68002BF5D133
:10019000FFF7C4FFF2E700BFDD000108406F002059
:1001A0002DE9F8430746884614460026D4E9019510
:1001B000B9F1010905D52468002CF7D13046BDE816
:1001C000F883AB89012B07D9B5F90E30013303D081
:1001D00029463846C04706436835E9E710B50C465E
:1001E000B1F90E1000F082F80028ABBF636DA3894F
:1001F0001B1823F48053ACBF6365A38110BD2DE9A8
:10020000F0411F468B890546DB050C46164605D591
:1002100002230022B1F90E1000F056F8A3893246ED
:1002200023F48053A38128463B46B4F90E10BDE861
:10023000F04100F07DB810B50C46B1F90E1000F099
:1002400043F8431CA38915BF606523F4805343F42E
:100250008053A38118BFA38110BDB1F90E1000F027
:1002600023B8884210B501EB020402D98442234628
:1002700007D8431EA14208D011F8012B03F8012F23
:10028000F8E7014602448A4200D110BD13F8014D3F
:1002900002F8014DF7E703460244934200D170474C
:1002A00003F8011BF9E7000038B50023054D0446AB
:1002B00008462B60FAF7B4FC431C02D12B6803B14B
:1002C000236038BD446F002038B504460846114607
:1002D0000022054D2A601A46FAF7ACFC431C02D1F5
:1002E0002B6803B1236038BD446F002038B5044645
:1002F000084611460022054D2A601A46FAF774FC9A
:10030000431C02D12B6803B1236038BD446F002029
:1003100038B50023054D044608462B60FAF734FC37
:10032000431C02D12B6803B1236038BD446F002009
:1003300038B50446084611460022054D2A601A4683
:10034000FAF760FC431C02D12B6803B1236038BD6F
:10035000446F0020014B1868704700BF9C010020CB
:1003600070B500260C4D0D4C641BA410A64209D19B
:1003700000F08CFD00260A4D0A4C641BA410A64216
:1003800005D170BD55F8043B98470136EEE755F8A6
:10039000043B98470136F2E7C8380108C83801081D
:1003A000C8380108CC3801087047704770470A44C4
:1003B000914200F1FF3300D1704710B511F8014BA5
:1003C000914203F8014FF9D110BD00001FB514464A
:1003D0001A46094B05461B68D8684CB1074BCDE956
:1003E000013400912B46064900F0FEF800F00EF9AA
:1003F000044B1C46F3E700BF9C010020CB1701080B
:10040000D81701080618010838B50546002940D05C
:1004100051F8043C0C1F002BB8BFE418FFF7D2FDC5
:100420001C4A136833B9636014602846BDE838403D
:10043000FFF7CEBDA34208D9206821188B4201BF27
:1004400019685B6809182160EDE71A465B680BB113
:10045000A342FAD911685018A0420BD12068014478
:10046000501883421160E0D118685B68084410603E
:100470005360DAE702D90C232B60D6E720682118F5
:100480008B4201BF19685B68091821606360546082
:10049000CBE738BD046E0020B1F90C20F8B5160783
:1004A00005460C4654D44B68002B02DC0B6C002B29
:1004B00048DDE66A002E45D0002312F480522F68F2
:1004C000216A2B6030D0626DA389590705D5636816
:1004D000D21A636B0BB1236CD21A00232846E66A4A
:1004E000216AB047431CA38906D129681D292BD84E
:1004F000284ACA40D60727D5002262602269D9045B
:10050000226004D5421C01D12B6803B96065616B80
:100510002F60B9B104F14403994202D02846FFF795
:1005200073FF002363630DE001232846B0470246B2
:10053000501CC9D12B68002BC6D01D2B01D0162B07
:100540001DD12F60002021E043F040031BB21AE0D0
:100550000F69002FF6D0930718BF00230E6808BF5D
:100560004B69F61B0F608B60002EEBDD33463A467D
:100570002846216AD4F828C0E047002807DCB4F9EF
:100580000C3043F040034FF0FF30A381F8BD074427
:10059000361AE9E70100402038B50B6905460C46DC
:1005A00013B90025284638BD18B1036A0BB9FFF707
:1005B000DFFDB4F90C30002BF3D0626ED00704D409
:1005C000990502D4A06DFFF7F0FE28462146FFF7FB
:1005D00063FF636E0546DA07E4D4A3899B05E1D483
:1005E000A06DFFF7E3FEDDE70EB403B5014603ABF4
:1005F000054853F8042B0068019300F035F802B069
:100600005DF804EB03B070479C010020062008B59C
:1006100000F08EFB0120FAF7E1FA936810B4013B79
:10062000002B936007DA9469A34201DB0A2902D107
:1006300010BC00F0C1BA1368581C1060197008464D
:1006400010BC7047F8B506460F461446D518AC42A4
:1006500001D1002007E03A46304614F8011BFFF7AD
:10066000DCFF431CF3D1F8BD2DE9F04F0D461446D5
:10067000984606469DB018B1036A0BB9FFF778FD9E
:100680006B6ED90705D4AB899A0502D4A86DFFF724
:100690008CFEAB891B0701D52B699BB929463046D7
:1006A00000F0C8FA70B16B6EDC0704D54FF0FF3074
:1006B0001DB0BDE8F08FAB899805F7D4A86DFFF7A2
:1006C00075FEF3E70023099320238DF829303023AA
:1006D0004FF00109CDF80C80DFF8A8818DF82A30A1
:1006E00023469A4613F8012B0AB1252AF9D1BAEB11
:1006F000040B0BD05B46224629463046FFF7A2FF8B
:10070000013000F0A780099A5A4409929AF8003003
:10071000002B00F09F8000234FF0FF32CDE905232E
:100720000AF1010A049307938DF853301A93544643
:10073000052214F8011B534800F016FB049AD8B99F
:10074000D10644BF20238DF85330130744BF2B2319
:100750008DF853309AF800302A2B15D054460020DB
:100760004FF00A0C079A214611F8013B303B092B48
:100770004BD9B0B1079214E0A0EB080309FA03F3D8
:100780001343A2460493D2E7039B191D1B680391F0
:10079000002BBBBF5B4242F0020207930793B8BF36
:1007A000049223782E2B0AD163782A2B32D1039B13
:1007B00002341A1D1B68039243EAE3730593DFF8C2
:1007C000C8A003225046217800F0CEFA38B140226A
:1007D000049BA0EB0A00824013430134049314F8F5
:1007E000011B062229488DF8281000F0BDFA0028C8
:1007F0003FD0274B1BBB039B073323F00703083372
:100800000393099B3B4409936AE70C4601200CFBC8
:100810000232A8E700234FF00A0C19460134059371
:10082000204610F8012B303A092A03D9002BC6D0F4
:100830000591C4E7044601230CFB0121F0E703AB5B
:1008400000932A463046134B04A9AFF300800746B5
:10085000781CD6D16B6ED90705D4AB899A0502D422
:10086000A86DFFF7A3FDAB895B063FF51FAF0998A5
:100870001EE703AB00932A463046064B04A900F05E
:100880007DF8E4E7071801080D18010811180108A0
:1008900000000000450601082DE9F047164698467D
:1008A0008A680B6907469342B8BF1346336091F8D4
:1008B00043200C46DDF820900AB1013333602368F1
:1008C000990642BF336802333360256815F0060588
:1008D00006D104F1190AE36832689B1AAB422BDC9B
:1008E00094F843302268003B18BF0123920630D4AD
:1008F0004146384604F14302C847013023D02368FB
:10090000226903F00603042B14BF002533684FF05F
:10091000000608BFE56804F11A0408BFED1A54F890
:10092000123C08BF25EAE5759342C4BF9B1AED1837
:10093000B5421AD1002008E001235246414638460C
:10094000C847013003D14FF0FF30BDE8F0870135D3
:10095000C1E73020E11881F843005A1C94F8451093
:100960002244023382F84310C2E701232246414663
:100970003846C8470130E6D00136D9E72DE9FF47B0
:100980000F7E9146782F80460C469A460C9E01F1C8
:10099000430207D8622F0AD8002F00F0D180582FC9
:1009A00000F0B88004F1420684F842703AE0A7F102
:1009B0006303152BF6D801A151F823F0150A01089D
:1009C000290A0108A5090108A5090108A5090108C6
:1009D000A5090108290A0108A5090108A5090108B6
:1009E000A5090108A5090108270B0108530A0108F8
:1009F000E10A0108A5090108A5090108490B010838
:100A0000A5090108530A0108A5090108A50901085B
:100A1000E90A010833681A1D1B68326004F14206B6
:100A200084F8423001239CE033682068191D31604E
:100A3000060601D51D6803E04506FBD5B3F9005055
:100A4000002D03DA2D236D4284F843300A235848E1
:100A500011E021683368080653F8045B02D44906A4
:100A600048BFADB26F2F336014BF0A23082350482C
:100A7000002184F843106668002EA66005DB21681B
:100A80002E4321F0040121604BD01646B5FBF3F153
:100A900003FB1157C75D06F8017D2F46BB420D468B
:100AA000F4D9082B0BD12368DF0708D523696168C7
:100AB0009942DEBF302306F8013C06F1FF36921B57
:100AC00022614B4621464046CDF800A003AAFFF71D
:100AD000E3FE01304AD14FF0FF3004B0BDE8F087AB
:100AE000236843F0200323607827324884F8457058
:100AF000236831681F0651F8045B02D45F0648BFC3
:100B0000ADB23160D90744BF43F0200323601DB16B
:100B10001023ADE72648E9E7236823F0200323608C
:100B2000F6E71646BDE733682568181D6169306031
:100B30002E061B6801D5196002E06806FBD51980F6
:100B4000002316462361BCE7336800211A1D32607A
:100B50001E686268304600F007F908B1801B6060CB
:100B600063682361002384F84330AAE7324649468C
:100B700040462369D0470130ADD023689B0713D48A
:100B8000E068039B9842B8BF1846A6E701233246A7
:100B900049464046D04701309DD00135E36803996E
:100BA0005B1AAB42F2DCEBE7002504F11906F5E72E
:100BB0001818010829180108F8B50E46144605460C
:100BC00018B1036A0BB9FFF7D3FAA369A360A3892D
:100BD0001A0701D5236943B92146284600F02AF8AF
:100BE00018B14FF0FF373846F8BD23682269F6B2D6
:100BF000981A63693746834205DC21462846FFF789
:100C0000CBFC0028EDD1A368013BA36023685A1CEC
:100C100022601E706269431C9A4204D0A389DB07DC
:100C2000E1D50A2EDFD121462846FFF7B5FC002882
:100C3000D9D0D6E738B5294B054618680C4618B107
:100C4000036A0BB9FFF794FAB4F90C30190722D4F0
:100C5000DA0607D409222A6043F040034FF0FF3040
:100C6000A38133E0580712D5616B41B104F144030D
:100C7000994202D02846FFF7C7FB00236363A3898C
:100C800023F02403A3810023636023692360A389E5
:100C900043F00803A38123694BB9A38903F42073AC
:100CA000B3F5007F03D02146284600F090F8B4F950
:100CB0000C3013F001020AD00022A2606269524295
:100CC000A261226942B913F08000C5D138BD9907ED
:100CD00058BF6269A260F4E70020F7E79C0100209A
:100CE0001F2938B505460C4604D9162303604FF07A
:100CF000FF3038BDC26B12B152F821304BB92846D3
:100D000000F030F8224601462846BDE8384000F0A1
:100D100017B8012B0AD0591C03D1162303600120F8
:100D2000E7E70021204642F8241098470020E0E73A
:100D3000024B01461868FFF7D3BF00BF9C0100209B
:100D400038B50023064D0446084611462B60F9F7D6
:100D50003DFF431C02D12B6803B1236038BD00BFA7
:100D6000446F0020F9F730BF034610B5C9B2024402
:100D70009342184601D1002003E0047801338C42ED
:100D8000F6D110BD70B50C46B1F90E10154600290C
:100D90001E4696B00CDAA389002113F0800F14BF11
:100DA00040234FF48063002031602B6016B070BD8B
:100DB0006A4600F049F80028EDDB019901F4704122
:100DC000A1F50053594259414FF48063EBE78B89F9
:100DD000F7B59D0706460C4607D504F14703236087
:100DE00023610123636103B0F0BD6A4601ABFFF7E5
:100DF000C9FF009F054639463046FFF763F848B9FA
:100E0000B4F90C309A05EED423F0030343F0020347
:100E1000A381E2E7A389C4E9040743F08003A38127
:100E2000019B20605BB13046B4F90E1000F01EF853
:100E300028B1A38923F0030343F00103A381A3890D
:100E40001D43A581CFE7000038B50023064D0446B9
:100E5000084611462B60F9F7E6FE431C02D12B68C9
:100E600003B1236038BD00BF446F002038B50023B4
:100E7000054D044608462B60F9F7DAFE431C02D103
:100E80002B6803B1236038BD446F0020F8B500BF64
:100E9000F8BC08BC9E467047F8B500BFF8BC08BC5B
:040EA0009E467047B3
:100EA400000000000000000000000000000000003E
:100EB400000000000000000000000000000000002E
:100EC400000000000000000000000000000000001E
:100ED400000000000000000000000000000000000E
:100EE400A5260917100953010001C999CC5C0E0FFE
:100EF400001232141932382B3204199602C8211503
:100F0400511050444E616D6531534D503030303086
:100F140030310EC9271751591551D22717502315AF
:100F240051C9271F51211551CD271750231551C9D8
:100F3400271F51211551CD271750231551C9271F9C
:100F440051211551CB201157251551C9271F512166
:100F54001551CB201157251551C921115121155176
:100F6400CC271651241657C427145127165ACA21C0
:100F74001C512615510FC9217750391551D2271705
:100F840050231551C9201F51211551CD2717502326
:100F94001551C9201F51211551CD27175023155123
:100FA400C9201F51211551CB201157251551C9278F
:100FB4000151211551C9201157251551CA20115726
:100FC400251551C9270A51211551C02016552E1532
:100FD40051CB211F50221551C92117517315510DA1
:100FE400C9271E514E1551D2271750231551C92711
:100FF4001F51211551CD271750231551C9271F51B2
:10100400211551CD271750231551C9271F512115DB
:1010140051CB201157251551C9271F51211551CBEB
:10102400201157251551C2231857221551CA2130B2
:1010340057201551C9215D5121155119C9216D50F0
:10104400231551D2271750231551C9201F5121159B
:1010540051CD271750231551C9201F51211551CDAA
:10106400271750231551C9201F51211551CB201189
:1010740057251551C9201F51211551CB2011572532
:101084001551C9271D51211551C9211D553515511A
:10109400C9201751211551C9211D55351551C92094
:1010A4001751211551C9211D55351551C920175105
:1010B400211551C9211D55351551C9201751211527
:1010C40051C9211D55351551C9201751211551C933
:1010D400211D55351551C9201751211551C0211114
:1010E40055261450CA21155523155B0EC921565097
:1010F400161551D2271750231551C9201F512115F8
:1011040051CD271750231551C9201F51211551CDF9
:10111400271750231551C9201F51211551CB2011D8
:1011240057251551C9271F51211551CB201157257A
:101134001551D820175123115ACA271F572E15515C
:10114400C9271151211551C9211D5127155111C903
:10115400272751691551D2271750231551C9271F25
:1011640051211551CD271750231551C9201F512145
:101174001551CD271750231551C9271F512115513A
:10118400CB201157251551C9201F51211551C420B9
:101194001157251551C9211651211551CB23175427
:1011A400291551CB211453251551D8231054221538
:1011B40050C9231C51231055C9231F51211055C94F
:1011C4002114542715590EC9270351451551D22707
:1011D4001750231551C9271F51211551CD271750D9
:1011E400231551C9201F51211551CD2717502315FF
:1011F40051C9271F51211551CB201157251551C90C
:10120400201F51211551C4201157251551CB2317E7
:1012140054291551CB211553251551D8231654257E
:101224001555C9231E5425155211C9213F50711556
:1012340051D2271750231551C9271F51211551CDBC
:10124400271750231551C9201F51211551CD271798
:1012540050231551C9271F51211551CB2011572552
:101264001551C9201F51211551C42011572515515D
:10127400C9211651211551CB271752291551CB21BC
:101284001457251551D8271052221550C9271C511F
:10129400231755C9271F51211755C9211452221547
:1012A4005A0EC92128501C1551D227175023155105
:1012B400C9271F51211551CD271750231551C9276F
:1012C4001F51211551CD271750231551C9271F51DF
:1012D400211551CB201157251551C9271F5121150F
:1012E40051CB201157251551C9211151211551C038
:1012F400271351241659C4211451251557C92111F6
:10130400512115410DC92718514C1551D227175099
:10131400231551C9271F51211551CD2717502315C6
:1013240051C9271F51211551CD271750231551C9D4
:10133400271F51211551CB201157251551C9271F9E
:1013440051211551CB201157251551C9215D51212A
:101354001551C2231857221550CA21355120155151
:101364000FC92165502B1551D2271750231551C988
:10137400201F51211551CD271750231551C9201F66
:1013840051211551CD271750231551C9201F512123
:101394001551CB201157251551C9271F512115511E
:1013A400CB201157251551C9211D51211551D82381
:1013B400175123115AC9211351211551CA211F5103
:1013C4002E1551C92017512315510DC92749513FD5
:1013D4001551D2271750231551C9271F51211551D3
:1013E400CD271750231551C9271F51211551CD273A
:1013F4001750231551C9271F51211551CB201157BF
:10140400251551C9271F51211551CB2011572515D9
:1014140051CC2714532C1551C42714532E1551CADB
:10142400211C5128155D0FC921155121132BD227D9
:101434001750231551C9201F51211551CD2717507D
:10144400231551C9201F51211551CD27175023159C
:1014540051C9201F51211551CB201157251551C9B0
:10146400271F51211551CB201157251551C9211D75
:1014740051211551D8231E51231153C92113512130
:101484001551CA211F512E1551C927145122155126
:101494000CC9271051541551D2271750231551C97F
:1014A400201F51211551CD271750231551C9201F35
:1014B40051211551CD271750231551C9201F5121F2
:1014C4001551CB201157251551C9271F51211551ED
:1014D400CB201157251551D82310552F1551CA2348
:1014E40014512015510CC9217F50311551D22717A1
:1014F40050231551C9271F51211551CD27175023AA
:101504001551C9201F51211551CD271750231551AD
:10151400C9271F51211551CB201157251551C92019
:101524001F51211551CB201157251551D82518507D
:10153400221553C9211D552415560FC9276C512056
:101544001551D2271750231551C9201F5121155168
:10155400CD271750231551C9201F51211551CD27CF
:101564001750231551C9201F51211551CB20115754
:10157400251551C9271F51211551CB201157251568
:1015840051C9211D51211551D825175123175AC965
:10159400211351211551CA211F512E1551C9271745
:1015A400512315510000000001000000020000005A
:1015B4000300000004000000050000000600000015
:1015C4000700000008000000090000000A000000F5
:1015D4000B0000000C0000000D0000000D000000D6
:1015E4000C0000000B0000000A00000009000000CD
:1015F40008000000070000000600000005000000CD
:1016040004000000030000000200000001000000CC
:1016140000000000000000000100000002000000C3
:1016240003000000040000000500000006000000A4
:101634000700000008000000090000000A00000084
:101644000A00000009000000080000000700000074
:101654000600000005000000040000000300000074
:101664000200000001000000000000000000000073
:10167400010000000200000003000000040000005C
:10168400050000000000000001000000020000004E
:101694000300000004000000050000000400000036
:1016A4000300000002000000010000000000000030
:1016B4000600000007000000080000000900000008
:1016C4000A00000000000000010203040000000002
:1016D40000000000010203040607080901020203D6
:1016E4000405060708090A0B0C0D0E0F10104944D7
:1016F4004C450053544D6963726F656C6563747235
:101704006F6E6963730053544D333220566972749B
:1017140075616C20436F6D506F72740043444320B5
:10172400436F6E6669670043444320496E74657273
:101734006661636500636F6F726400756172743112
:1017440074780064656661756C745461736B0063CE
:101754006F6D6D5461736B005245454E54206D613D
:101764006C6C6F6320737563636565646564002FD7
:101774006275696C642F676E752D746F6F6C732D51
:10178400666F722D73746D33325F31332E332E7264
:10179400656C312E32303234303932362D313731B6
:1017A400352F7372632F6E65776C69622F6E657760
:1017B4006C69622F6C6962632F7374646C69622F45
:1017C40072616E642E63002C2066756E6374696F9B
:1017D4006E3A2000617373657274696F6E202225FE
:1017E4007322206661696C65643A2066696C6520C1
:1017F400222573222C206C696E65202564257325AF
:10180400730A00232D302B2000686C4C006566673A
:101814004546470030313233343536373839414262
:101824004344454600303132333435363738396134
:101834006263646566000000471701080000000049
:10184400000000000000000000000000000800008C
:1018540018000000000000000000000053170108F9
:101864000000000000000000000000000000000074
:101874000010000020000000000000000000000034
:1018840095BB000885BB00084DBC000839BC0008A6
:1018940075BB000865BB000855BB000845BB0008C4
:1018A40035BB000825BB000815BB000805BB0008B4
:1018B400F5BA0008E5BA000829BC000819BC0008FC
:1018C400C9BB0008A5BB0008FBBB0008F7BB0008A8
:1018D400EDBB0008F3BB000800000000E1EA0008CB
:1018E400FFEA00084DFC00086BFC0008B1F6000894
:1018F40011F7000869E10008CDE10008D9E6000805
:10190400F7E6000831FE00084FFE000865F70008FE
:10191400C5F70008010101020202020303030404E3
:101924000405050505060606060606070707070754
:10193400080808080809090909090A0A0A0A0A0B11
:101944000B0B0B0B00000000050000000100000061
:10195400010000000100000001000000010000007F
:10196400010000000100000001000000010000006F
:101974000100000000000000050000000500000058
:10198400050000000500000005000000050000003F
:101994000500000005000000050000000A0000002A
:1019A4000A0000000A0000000A0000000A0000000B
:1019B4000A0000000A0000000A0000000A000000FB
:1019C4000A0000000F0000000F0000000F000000DC
:1019D4000F0000000F0000000F0000000F000000C7
:1019E4000F0000000F0000000F00000014000000B2
:1019F4001400000014000000140000001400000093
:101A04001400000014000000140000001400000082
:101A1400140000000000000019000000190000007C
:101A2400190000001900000019000000190000004E
:101A3400190000001900000019000000190000003E
:101A44000000000000000000140000001900000065
:101A5400190000001900000019000000190000001E
:101A6400190000001900000019000000190000000E
:101A74001900000000000000140000001400000021
:101A84001400000014000000140000001400000002
:101A94001400000014000000140000000F000000F7
:101AA4000F0000000F0000000F0000000F000000F6
:101AB4000F0000000F0000000F0000000F000000E6
:101AC4000F0000000A0000000A0000000A000000E5
:101AD4000A0000000A0000000A0000000A000000DA
:101AE4000A0000000A0000000A00000005000000CF
:101AF40005000000050000000500000005000000CE
:101B040005000000050000000500000005000000BD
:101B140005000000000000000100000001000000BA
:101B240001000000010000000100000001000000AD
:101B3400010000000100000001000000010000009D
:101B440000000000000000002D0000002D00000037
:101B540028000000230000001E00000019000000FF
:101B6400140000000F0000000A000000050000003F
:101B74000100000000000000280000002300000015
:101B84001E00000019000000140000000F000000F7
:101B94000A00000005000000010000002D00000004
:101BA40028000000230000001E00000019000000AF
:101BB400140000000F0000000A00000005000000EF
:101BC4000100000001000000050000000A00000000
:101BD4000F00000014000000190000001E000000A7
:101BE40023000000280000002D0000000100000078
:101BF400050000000A0000000F00000014000000AF
:101C0400190000001E00000023000000280000004E
:101C14002D0000000000000001000000050000008D
:101C24000A0000000F00000014000000190000006A
:101C34001E00000023000000280000002D0000000A
:101C4400000000000000000001000000010000008E
:101C5400050000000A0000000F000000140000004E
:101C6400190000001E0000002300000028000000EE
:101C74002D00000000000000050000000A00000024
:101C84000F00000014000000190000001E000000F6
:101C940023000000280000002D00000001000000C7
:101CA400050000000A0000000F00000014000000FE
:101CB400190000001E00000023000000280000009E
:101CC4002D0000002D00000028000000230000006B
:101CD4001E00000019000000140000000F000000A6
:101CE4000A00000005000000010000002D000000B3
:101CF40028000000230000001E000000190000005E
:101D0400140000000F0000000A000000050000009D
:101D140001000000000000002D0000002800000069
:101D2400230000001E000000190000001400000041
:101D34000F0000000A000000050000000100000080
:101D4400000000000000000001000000020000008C
:101D54000300000004000000050000000000000073
:101D64000100000002000000030000000400000065
:101D74000500000004000000030000000200000051
:101D84000100000000000000060000000700000041
:101D940008000000090000000A0000000A0000001A
:101DA4000900000008000000070000000600000011
:101DB4000500000004000000030000000200000011
:101DC400010000000000000000000000010000000D
:101DD40002000000030000000400000005000000F1
:101DE40006000000070000000800000009000000D1
:101DF4000A0000000D0000000C0000000B000000B1
:101E04000A000000090000000800000007000000AC
:101E140006000000050000000400000003000000AC
:101E240002000000010000000000000000000000AB
:101E34000100000002000000030000000400000094
:101E44000500000006000000070000000800000074
:101E5400090000000A0000000B0000000C00000054
:101E64000D00000000000000320000002D00000002
:101E740028000000230000001E00000019000000DC
:101E8400140000000F0000000A000000050000001C
:101E94000100000001000000050000000A0000002D
:101EA4000F00000014000000190000001E000000D4
:101EB40023000000280000002D0000003200000074
:101EC400320000002D000000280000002300000064
:101ED4001E00000019000000140000000F000000A4
:101EE4000A000000050000000100000001000000DD
:101EF400050000000A0000000F00000014000000AC
:101F0400190000001E00000023000000280000004B
:101F14002D00000032000000320000002D000000FF
:101F240028000000230000001E000000190000002B
:101F3400140000000F0000000A000000050000006B
:101F44000100000001000000050000000A0000007C
:101F54000F00000014000000190000001E00000023
:101F64000000000000000000320000002D0000000E
:101F7400280000002300000001000000050000000C
:101F84000A0000000F000000140000001900000007
:101F94001E00000023000000280000002D000000A7
:101FA4003200000032000000320000003200000065
:101FB400320000002D000000280000002300000073
:101FC4001E00000019000000140000000F000000B3
:101FD4000A000000050000000100000001000000EC
:101FE400050000000A0000000F00000014000000BB
:101FF400190000001E00000023000000280000005B
:102004002D00000032000000320000002D0000000E
:1020140028000000230000001E000000190000003A
:10202400140000000F0000000A000000050000007A
:102034000100000001000000050000000A0000008B
:102044000F00000014000000190000001E00000032
:1020540023000000280000002D00000032000000D2
:102064000000000000000000010000000500000066
:102074000A0000000F000000140000001900000016
:102084001E00000023000000280000002D000000B6
:1020940032000000320000002D0000002800000083
:1020A400230000001E0000001900000014000000BE
:1020B4000F0000000A0000000500000001000000FD
:1020C40001000000050000000A0000000F000000ED
:1020D40014000000190000001E000000230000008E
:1020E400280000002D000000320000003200000033
:1020F4002D00000028000000230000001E00000046
:1021040019000000140000000F0000000A00000085
:1021140005000000010000000100000005000000AF
:102124000A0000000F000000140000001900000065
:102134001E00000023000000280000002D00000005
:1021440032000000320000002D00000028000000D2
:10215400230000001E00000019000000140000000D
:102164000000000000000000010000000500000065
:102174000A0000000F000000320000002D000000E3
:1021840028000000230000001E00000019000000C9
:10219400140000000F0000000A0000000500000009
:1021A4000100000032000000320000003200000094
:1021B40001000000050000000A0000000F000000FC
:1021C40014000000190000001E000000230000009D
:1021D400280000002D000000320000003200000042
:1021E4002D00000028000000230000001E00000055
:1021F40019000000140000000F0000000A00000095
:1022040005000000010000000100000005000000BE
:102214000A0000000F000000140000001900000074
:102224001E00000023000000280000002D00000014
:1022340032000000320000002D00000028000000E1
:10224400230000001E00000019000000140000001C
:102254000F0000000A00000005000000010000005B
:102264000000000000000000320000003200000006
:102274003200000032000000320000003200000092
:102284003200000032000000320000003200000082
:10229400320000002D0000002D0000002D00000081
:1022A4002D0000002D0000002D0000002D00000076
:1022B4002D0000002D0000002D0000002D00000066
:1022C400280000002800000028000000280000006A
:1022D400280000002800000028000000280000005A
:1022E400280000002800000028000000230000004F
:1022F400230000002300000023000000230000004E
:10230400230000002300000023000000230000003D
:1023140023000000230000001E0000001E00000037
:102324001E0000001E0000001E0000001E00000031
:102334001E0000001E0000001E0000001E00000021
:102344001E00000019000000190000001900000020
:102354001900000019000000190000001900000015
:102364000000000000000000190000001900000037
:1023740019000000190000001400000014000000FF
:1023840014000000140000001400000014000000F9
:1023940014000000140000001400000014000000E9
:1023A400140000003200000032000000320000007F
:1023B4000F0000000F0000000F0000000F000000DD
:1023C4000F0000000F0000000F0000000F000000CD
:1023D4000F0000000F0000000F0000000A000000C2
:1023E4000A0000000A0000000A0000000A000000C1
:1023F4000A0000000A0000000A0000000A000000B1
:102404000A0000000A0000000500000005000000AA
:1024140005000000050000000500000005000000A4
:102424000500000005000000050000000500000094
:102434000500000001000000010000000100000090
:102444000100000001000000010000000100000084
:102454000100000001000000010000000100000074
:102464000000000000000000010000000100000066
:102474000100000001000000010000000100000054
:102484000100000001000000010000000100000044
:102494000100000005000000050000000500000028
:1024A4000500000005000000050000000500000014
:1024B4000500000005000000050000000500000004
:1024C4000A0000000A0000000A0000000A000000E0
:1024D4000A0000000A0000000A0000000A000000D0
:1024E4000A0000000A0000000A0000000F000000BB
:1024F4000F0000000F0000000F0000000F0000009C
:102504000F0000000F0000000F0000000F0000008B
:102514000F0000000F000000140000001400000071
:102524001400000014000000140000001400000057
:102534001400000014000000140000001400000047
:102544001400000019000000190000001900000028
:102554001900000019000000190000001900000013
:102564000000000000000000190000001900000035
:1025740019000000190000001E0000001E000000E9
:102584001E0000001E0000001E0000001E000000CF
:102594001E0000001E0000001E0000001E000000BF
:1025A4001E00000032000000320000003200000073
:1025B400230000002300000023000000230000008B
:1025C400230000002300000023000000230000007B
:1025D4002300000023000000230000002800000066
:1025E4002800000028000000280000002800000047
:1025F4002800000028000000280000002800000037
:1026040028000000280000002D0000002D0000001C
:102614002D0000002D0000002D0000002D00000002
:102624002D0000002D0000002D0000002D000000F2
:102634002D000000320000003200000032000000D3
:1026440032000000320000003200000032000000BE
:1026540032000000320000003200000032000000AE
:102664000000000000000000000000000000000066
:102674000000000000000000000000000000000056
:102684000000000000000000000000000000000046
:102694000000000000000000000000000000000036
:1026A4000000000000000000000000000100000025
:1026B40064000000C80000002C010000900100002C
:1026C4004C040000E8030000C800000058020000A9
:1026D40001000000BC020000640000002C010000A6
:1026E4002003000090010000F40100001405000024
:1026F40084030000B004000008070000E8030000A1
:102704008403000020030000BC0200005802000003
:10271400F4010000000000000000000000000000C0
:1027240000000000000000000000000000000000A5
:102734000000000000000000000000000000000095
:102744000000000000000000000000000000000085
:102754000000000000000000000000000000000075
:1027640000000000C02A0108C0290108C02801088F
:102774000000000000020202020204040404040433
:10278400060606060606060808080808080A0A0ACD
:102794000A0A0C0C0C0C00060A0E1204080C101485
:1027A40002060A0E12160004080C10141802060A77
:1027B4000E121604080C1014060A0E120000000073
:1027C4000000000000000000000000000000000005
:1027D40000000000000000000000000000000000F5
:1027E40000000000000000000000000000000000E5
:1027F40000000000000000000000000000000000D5
:1028040000000000000000000000000000000000C4
:1028140000000000000000000000000000000000B4
:1028240000000000000000000000000000000000A4
:102834000000000000000000000000000000000094
:102844000000000000000000000000000000000084
:102854000000000000000000000000000000000074
:102864000000000000000000000000000000000064
:102874000000000000000000000000000000000054
:102884000000000000000000000000000000000044
:102894000000000000000000000000000000000034
:1028A4000000000000000000000000000000000024
:1028B4000000000000000000000000000000000014
:1028C40000000000050000000500000005000000F5
:1028D40001000000010000000100000001000000F0
:1028E40001000000010000000500000005000000D8
:1028F40005000000050000000A0000000A000000B6
:102904000A000000000000000000000000000000B9
:1029140000000000000000000000000005000000AE
:102924000500000005000000050000000A0000008A
:102934000A0000000A0000000A0000000F00000066
:102944000F000000050000000A0000000A0000005B
:102954000A0000000A0000000F0000000F00000041
:102964000F0000000F0000000A0000000F0000002C
:102974000F0000000F0000000F0000001400000012
:10298400140000000F0000001400000014000000F8
:1029940014000000140000001900000019000000D9
:1029A40014000000140000001400000014000000D3
:1029B4000F00000000000000000000000000000004
:1029C400000000000F0000001400000014000000CC
:1029D4001400000014000000190000001900000099
:1029E4001400000014000000140000001400000093
:1029F4000F0000000F0000000F0000000F00000097
:102A04000A000000000000000000000000000000B8
:102A1400000000000000000000000000140000009E
:102A2400140000000F0000000F0000000F00000061
:102A34000F0000000A0000000A0000000A00000065
:102A44000A0000000F0000000F0000000F0000004B
:102A54000A0000000A0000000A0000000A0000004A
:102A640005000000050000000A0000000A00000044
:102A74000A00000005000000050000000500000039
:102A8400050000000500000005000000050000002E
:102A9400010000000100000001000000010000002E
:102AA4000100000001000000050000000500000016
:102AB400050000000000000000000000000000000D
:102AC40000000000010000000100000005000000FB
:102AD400050000000A0000000A0000000F000000CA
:102AE400140000000F0000000F0000000A000000A6
:102AF4000A000000050000000500000001000000BD
:102B040001000000000000000000000000000000C0
:102B14000000000000000000000000001900000098
:102B240014000000140000000F0000000F0000005B
:102B34000A0000000A000000050000000500000073
:102B4400010000001900000019000000140000003A
:102B5400140000000F0000000F0000000A00000035
:102B64000A00000005000000190000001900000020
:102B740014000000140000000F0000000F0000000B
:102B84000A000000190000001900000014000000F1
:102B9400140000000F0000000F0000000A000000F5
:102BA4000A0000000500000005000000010000000C
:102BB4000100000000000000000000000000000010
:102BC40000000000190000001900000014000000BB
:102BD400140000000F0000000F0000000A000000B5
:102BE400050000000A0000000A0000000F000000B9
:102BF4000F00000014000000140000001900000081
:102C040019000000000000000000000000000000A7
:102C140000000000000000000000000001000000AF
:102C240005000000050000000A0000000A00000082
:102C34000F0000000F00000014000000140000004A
:102C44001900000001000000010000000500000060
:102C5400050000000A0000000A0000000F00000048
:102C64000F0000001400000001000000010000003B
:102C740005000000050000000A0000000A00000032
:102C84000F0000000100000001000000050000002A
:102C9400050000000A0000000A0000000F00000008
:102CA4000F000000140000001400000019000000D0
:102CB40019000000000000000000000000000000F7
:102CC4001E00000019000000140000000F000000A6
:102CD40014000000140000001400000014000000A0
:102CE4001400000014000000140000000F00000095
:102CF4000A00000005000000010000000F000000B1
:102D04000F0000000F0000000F0000000F00000083
:102D14000F0000000F0000000F0000000A00000078
:102D240005000000010000000A0000000A00000085
:102D34000A0000000A0000000A0000000A00000067
:102D44000A0000000A0000000A000000050000005C
:102D5400010000000500000005000000050000005F
:102D6400050000000500000005000000050000004B
:102D7400050000000500000005000000010000003F
:102D8400010000000100000001000000010000003B
:102D9400010000000100000001000000010000002B
:102DA400010000000100000001000000010000001B
:102DB400010000000100000000000000000000000D
:102DC40001000000010000000100000001000000FB
:102DD40001000000010000000100000001000000EB
:102DE40001000000010000000100000005000000D7
:102DF40005000000050000000500000005000000BB
:102E040005000000050000000500000005000000AA
:102E140005000000010000000A0000000A00000094
:102E24000A0000000A0000000A0000000A00000076
:102E34000A0000000A0000000A000000050000006B
:102E4400010000000F0000000F0000000F00000050
:102E54000F0000000F0000000F0000000F00000032
:102E64000F0000000A00000005000000010000003F
:102E740014000000140000001400000014000000FE
:102E84001400000014000000140000000F000000F3
:102E94000A00000005000000010000001900000005
:102EA40019000000190000001900000019000000BA
:102EB4001E000000190000000000000000000000D7
:102EC4001E00000019000000140000000F000000A4
:102ED4000A0000000A0000000A0000000A000000C6
:102EE4000A0000000A0000000A0000000F000000B1
:102EF40014000000190000001E0000000F00000074
:102F04000F0000000F0000000F0000000F00000081
:102F14000F0000000F0000000F000000140000006C
:102F2400190000001E00000014000000140000003E
:102F3400140000001400000014000000140000003D
:102F44001400000014000000140000001900000028
:102F54001E00000019000000190000001900000004
:102F640019000000190000001900000019000000F9
:102F74001900000019000000190000001E000000E4
:102F84001E0000001E0000001E0000001E000000C5
:102F94001E0000001E0000001E0000001E000000B5
:102FA4001E0000001E0000001E0000001E000000A5
:102FB4001E0000001E0000000000000000000000D1
:102FC4001E0000001E0000001E0000001E00000085
:102FD4001E0000001E0000001E0000001E00000075
:102FE4001E0000001E0000001E000000190000006A
:102FF4001900000019000000190000001900000069
:103004001900000019000000190000001900000058
:10301400190000001E00000014000000140000004D
:10302400140000001400000014000000140000004C
:103034001400000014000000140000001900000037
:103044001E0000000F0000000F0000000F00000031
:103054000F0000000F0000000F0000000F00000030
:103064000F00000014000000190000001E00000002
:103074000A0000000A0000000A0000000A00000024
:103084000A0000000A0000000A0000000F0000000F
:1030940014000000190000001E00000005000000DC
:1030A4000500000005000000050000000500000008
:1030B4000100000005000000000000000000000006
:1030C40000000000160000000000000013000000D3
:1030D40010000000100000001300000016000000A3
:1030E4001000000019000000130000001C00000084
:1030F4001C0000001900000016000000160000006B
:1031040019000000130000001C0000001000000063
:10311400100000001C000000130000001900000053
:103124001600000019000000160000001C0000003A
:103134001C00000013000000190000001000000033
:103144001000000010000000130000001C0000002C
:103154001600000019000000190000001C00000007
:10316400160000001C0000001300000019000000FD
:1031740016000000160000001300000010000000FC
:1031840013000000100000001000000013000000F5
:1031940010000000160000001600000019000000D6
:1031A4001C000000130000001C00000019000000B7
:1031B400190000001C0000000000000000000000D6
:1031C4000000000007000000000000000A000000EA
:1031D4000D0000000D0000000A00000007000000C0
:1031E4000D000000040000000A00000001000000BF
:1031F40001000000040000000700000007000000B8
:10320400040000000A000000010000000D0000009E
:103214000D000000010000000A000000040000008E
:103224000700000004000000070000000100000087
:10323400010000000A000000040000000D0000006E
:103244000D0000000D0000000A0000000100000055
:10325400070000000400000004000000010000005A
:1032640007000000010000000A0000000400000044
:1032740007000000070000000A0000000D00000025
:103284000A0000000D0000000D0000000A0000000C
:103294000D0000000700000007000000040000000B
:1032A400010000000A00000001000000040000000A
:1032B4000400000001000000000000000000000005
:1032C4000000000007000000000000000A000000E9
:1032D4000D0000000D0000000A00000007000000BF
:1032E4000D000000040000000A00000001000000BE
:1032F40001000000040000000700000007000000B7
:10330400040000000A000000010000000D0000009D
:103314000D000000010000000A000000040000008D
:103324000700000004000000070000000100000086
:10333400010000000A000000040000000D0000006D
:103344000D0000000D0000000A0000000100000054
:103354000700000004000000040000000100000059
:1033640007000000010000000A0000000400000043
:1033740007000000070000000A0000000D00000024
:103384000A0000000D0000000D0000000A0000000B
:103394000D0000000700000007000000040000000A
:1033A400010000000A000000010000000400000009
:1033B4000400000001000000000000000000000004
:1033C40000000000160000000000000013000000D0
:1033D40010000000100000001300000016000000A0
:1033E4001000000019000000130000001C00000081
:1033F4001C00000019000000160000001600000068
:1034040019000000130000001C0000001000000060
:10341400100000001C000000130000001900000050
:103424001600000019000000160000001C00000037
:103434001C00000013000000190000001000000030
:103444001000000010000000130000001C00000029
:103454001600000019000000190000001C00000004
:10346400160000001C0000001300000019000000FA
:1034740016000000160000001300000010000000F9
:1034840013000000100000001000000013000000F2
:1034940010000000160000001600000019000000D3
:1034A4001C000000130000001C00000019000000B4
:1034B400190000001C0000000000000000000000D3
:1034C40000000000190000000000000019000000C6
:1034D4002200000019000000220000002200000069
:1034E4001600000022000000160000002200000068
:1034F4001F0000001F000000160000001F00000055
:10350400160000001F000000160000001F0000004D
:103514001C000000130000001C0000001300000049
:103524001C0000001C000000130000001C00000030
:103534001900000013000000190000001000000032
:103544000D000000130000000D000000100000003A
:103554000D000000100000000D0000000D00000030
:10356400100000000A000000100000000A00000023
:103574000A000000040000000A0000000A00000025
:103584000400000007000000040000000700000021
:103594000100000007000000010000000700000017
:1035A400070000000100000004000000010000000A
:1035B4000400000001000000000000000000000002
:1035C400000000000A000000000000000A000000E3
:1035D400020000000A0000000100000001000000D9
:1035E4000D000000010000000D00000001000000BB
:1035F40004000000040000000D00000004000000AE
:103604000D000000040000000D0000000400000094
:103614000700000010000000070000001000000078
:103624000700000007000000100000000700000071
:103634000A000000100000000A000000130000004F
:103644001600000010000000160000001300000027
:103654001600000013000000160000001600000011
:1036640013000000190000001300000019000000FE
:10367400190000001F0000001900000019000000DC
:103684001F0000001C0000001F0000001C000000C0
:10369400220000001C000000220000001C000000AA
:1036A4001C000000220000001F0000002200000097
:1036B4001F000000220000000000000000000000C5
:1036C400000000000A000000000000000A000000E2
:1036D400010000000A0000000100000001000000D9
:1036E4000D000000010000000D00000001000000BA
:1036F40004000000040000000D00000004000000AD
:103704000D000000040000000D0000000400000093
:103714000700000010000000070000001000000077
:103724000700000007000000100000000700000070
:103734000A000000100000000A000000130000004E
:103744001600000010000000160000001300000026
:103754001600000013000000160000001600000010
:1037640013000000190000001300000019000000FD
:10377400190000001F0000001900000019000000DB
:103784001F0000001C0000001F0000001C000000BF
:10379400220000001C000000220000001C000000A9
:1037A4001C000000220000001F0000002200000096
:1037B4001F000000220000000000000000000000C4
:1037C40000000000190000000000000019000000C3
:1037D4002200000019000000220000002200000066
:1037E4001600000022000000160000002200000065
:1037F4001F0000001F000000160000001F00000052
:10380400160000001F000000160000001F0000004A
:103814001C000000130000001C0000001300000046
:103824001C0000001C000000130000001C0000002D
:10383400190000001300000019000000100000002F
:103844000D000000130000000D0000001000000037
:103854000D000000100000000D0000000D0000002D
:10386400100000000A000000100000000A00000020
:103874000A000000040000000A0000000A00000022
:10388400040000000700000004000000070000001E
:103894000200000007000000020000000700000012
:1038A4000700000002000000040000000200000005
:0C38B40004000000020000000000000002
:0838C0009809FF7F01000000E0
:0438C800154200089D
:0438CC00F1410008BE
:1038D00000127A00010000001000000009074300F8
:1038E000020104C0320904000001020201000524A3
:1038F0000010010524010001042402020524060031
:10390000010705820308001009040100020A0000F3
:103910000007050102400000070581024000000089
:1039200009024300020100C0320904000001020242
:1039300001000524001001052401000104240202F5
:103940000524060001070582030800100904010090
:10395000020A00000007050102400000070581027D
:103960004000000009024300020100C032090400C7
:1039700000010202010005240010010524010001DC
:103980000424020205240600010705820308001032
:1039900009040100020A00000007050102000200FC
:1039A0000705810200020000AF8000086D8000085A
:1039B000CB7F000800000000057F00088B7F000817
:1039C0005D7F000800000000000000000000000013
:1039D000397F00082D7F0008457F0008517F0008CF
:1039E0000A0600020000004001000000AAAAAAAADC
:1039F0001A030000000000000000000000000000AA
:103A000000000000000000000000000004030904A2
:103A1000120100020202004083044057000201022A
:103A2000030100004D9F0008599F0008CD9F00082A
:103A3000E99F0008919F000805A0000821A0000848
:103A4000D9A000083DA0000841A0000845A000083A
:103A500001FFFFFFFF01020001050001010000005E
:103A60000000000003000000086E0020A0010020FC
:103A700000000000086E0020706E0020D86E00204C
:103A80000000000000000000000000000000000036
:103A90000000000000000000000000000000000026
:103AA0000000000000000000000000000000000016
:0C3AB0000000000000000000000000000A
:040000050800AC390A
:00000001FF
